endpoint,method,response_time,status_code,success,error_message,concurrent_users,timestamp,cpu_usage,memory_usage
health_check,GET,146.77000000000007,200,True,,100,4.0122008,19.75,87.05
health_check,GET,151.97139999999987,200,True,,100,4.013066,19.75,87.05
health_check,GET,152.19480000000019,200,True,,100,4.0136034,19.75,87.05
health_check,GET,151.4451999999995,200,True,,100,4.0141147,19.75,87.05
health_check,GET,149.55680000000004,200,True,,100,4.0146154,19.75,87.05
health_check,GET,150.8452,200,True,,100,4.0151665,19.75,87.05
health_check,GET,147.97360000000026,200,True,,100,4.0159112,19.75,87.05
health_check,GET,141.97289999999984,200,True,,100,4.0166791,19.75,87.05
health_check,GET,147.07069999999956,200,True,,100,4.0175736,19.75,87.05
health_check,GET,166.41130000000004,200,True,,100,4.018177,19.75,87.05
health_check,GET,147.48800000000006,200,True,,100,4.0186765,19.75,87.05
health_check,GET,146.13870000000074,200,True,,100,4.0191775,19.75,87.05
health_check,GET,162.15090000000032,200,True,,100,4.0196643,19.75,87.05
health_check,GET,162.70830000000024,200,True,,100,4.0201584,19.75,87.05
health_check,GET,158.61900000000074,200,True,,100,4.0206496,19.75,87.05
health_check,GET,164.1218000000002,200,True,,100,4.0212286,19.75,87.05
health_check,GET,156.63049999999944,200,True,,100,4.021982,19.75,87.05
health_check,GET,185.69930000000045,200,True,,100,4.0232281,19.75,87.05
health_check,GET,159.10409999999953,200,True,,100,4.0246183,19.75,87.05
health_check,GET,183.96550000000022,200,True,,100,4.0252191,19.75,87.05
health_check,GET,182.97190000000006,200,True,,100,4.0257365,19.75,87.05
health_check,GET,209.33750000000018,200,True,,100,4.0262606,19.75,87.05
health_check,GET,210.86809999999988,200,True,,100,4.0268,19.75,87.05
health_check,GET,178.8375000000002,200,True,,100,4.0272828,19.75,87.05
health_check,GET,179.60580000000004,200,True,,100,4.0277806,19.75,87.05
health_check,GET,179.37630000000038,200,True,,100,4.0283096,19.75,87.05
health_check,GET,213.2132000000002,200,True,,100,4.0288927,19.75,87.05
health_check,GET,207.57469999999944,200,True,,100,4.0293438,19.75,87.05
health_check,GET,208.8239000000005,200,True,,100,4.0298373,19.75,87.05
health_check,GET,177.9744000000001,200,True,,100,4.0304534,19.75,87.05
health_check,GET,208.44979999999947,200,True,,100,4.0310202,19.75,87.05
health_check,GET,175.15129999999957,200,True,,100,4.0315294,19.75,87.05
health_check,GET,178.97490000000005,200,True,,100,4.0320633,19.75,87.05
health_check,GET,206.50359999999955,200,True,,100,4.0325531,19.75,87.05
health_check,GET,178.2155999999997,200,True,,100,4.0330977,19.75,87.05
health_check,GET,175.44070000000022,200,True,,100,4.0339686,19.75,87.05
health_check,GET,176.9166999999996,200,True,,100,4.0346674,19.75,87.05
health_check,GET,174.6174000000007,200,True,,100,4.0354483,19.75,87.05
health_check,GET,201.7023,200,True,,100,4.0361658,19.75,87.05
health_check,GET,173.76449999999988,200,True,,100,4.0369271,19.75,87.05
health_check,GET,200.62589999999946,200,True,,100,4.0376374,19.75,87.05
health_check,GET,513.3769999999993,200,True,,100,4.0389261,19.75,87.05
health_check,GET,208.6471000000003,200,True,,100,4.0394605,19.75,87.05
health_check,GET,206.83679999999958,200,True,,100,4.0400463,19.75,87.05
health_check,GET,208.4136000000001,200,True,,100,4.0409767,19.75,87.05
health_check,GET,464.7211999999996,200,True,,100,4.0415023,19.75,87.05
health_check,GET,464.47519999999986,200,True,,100,4.0425541,19.75,87.05
health_check,GET,206.6234000000007,200,True,,100,4.0438173,19.75,87.05
health_check,GET,202.82219999999995,200,True,,100,4.0445857,19.75,87.05
health_check,GET,200.49329999999975,200,True,,100,4.0453503,19.75,87.05
health_check,GET,203.83120000000065,200,True,,100,4.0460771,19.75,87.05
health_check,GET,199.5887000000005,200,True,,100,4.0468153,19.75,87.05
health_check,GET,197.52400000000048,200,True,,100,4.0475343,19.75,87.05
health_check,GET,196.8046000000001,200,True,,100,4.051969,19.75,87.05
health_check,GET,199.33200000000005,200,True,,100,4.0528794,19.75,87.05
health_check,GET,198.3927999999997,200,True,,100,4.0535614,19.75,87.05
health_check,GET,196.82259999999997,200,True,,100,4.0542331,19.75,87.05
health_check,GET,196.6713000000002,200,True,,100,4.0547321,19.75,87.05
health_check,GET,193.85009999999968,200,True,,100,4.0552539,19.75,87.05
health_check,GET,195.96130000000045,200,True,,100,4.0557291,19.75,87.05
health_check,GET,197.38209999999955,200,True,,100,4.0563162,19.75,87.05
health_check,GET,195.4029000000004,200,True,,100,4.0570694,19.75,87.05
health_check,GET,194.51109999999971,200,True,,100,4.0582108,19.75,87.05
health_check,GET,234.41149999999934,200,True,,100,4.0588496,19.75,87.05
health_check,GET,246.2257000000001,200,True,,100,4.0596416,19.75,87.05
health_check,GET,237.2027000000001,200,True,,100,4.0602095,19.75,87.05
health_check,GET,236.96689999999964,200,True,,100,4.0606913,19.75,87.05
health_check,GET,243.1295999999996,200,True,,100,4.0611809,19.75,87.05
health_check,GET,235.4693999999995,200,True,,100,4.0616722,19.75,87.05
health_check,GET,232.6370999999998,200,True,,100,4.0621526,19.75,87.05
health_check,GET,232.6058,200,True,,100,4.0626219,19.75,87.05
health_check,GET,241.60559999999975,200,True,,100,4.0632232,19.75,87.05
health_check,GET,241.8182,200,True,,100,4.0636829,19.75,87.05
health_check,GET,271.79909999999995,200,True,,100,4.064148,19.75,87.05
health_check,GET,234.1806000000002,200,True,,100,4.0646149,19.75,87.05
health_check,GET,270.43649999999974,200,True,,100,4.0652499,19.75,87.05
health_check,GET,531.9601,200,True,,100,4.0658852,19.75,87.05
health_check,GET,227.32419999999996,200,True,,100,4.0663619,19.75,87.05
health_check,GET,231.10039999999987,200,True,,100,4.0668431,19.75,87.05
health_check,GET,230.43930000000046,200,True,,100,4.0677844,19.75,87.05
health_check,GET,228.4630999999999,200,True,,100,4.0683429,19.75,87.05
health_check,GET,237.48319999999978,200,True,,100,4.0688014,19.75,87.05
health_check,GET,225.73950000000042,200,True,,100,4.0697312,19.75,87.05
health_check,GET,263.2694999999998,200,True,,100,4.071437,19.75,87.05
health_check,GET,494.49010000000015,200,True,,100,4.0721131,19.75,87.05
health_check,GET,262.83309999999994,200,True,,100,4.0725884,19.75,87.05
health_check,GET,223.30069999999935,200,True,,100,4.0730405,19.75,87.05
health_check,GET,233.32769999999937,200,True,,100,4.0735207,19.75,87.05
health_check,GET,231.70619999999963,200,True,,100,4.0740058,19.75,87.05
health_check,GET,219.5589,200,True,,100,4.0746185,19.75,87.05
health_check,GET,231.5043999999995,200,True,,100,4.0750969,19.75,87.05
health_check,GET,223.44849999999994,200,True,,100,4.0756462,19.75,87.05
health_check,GET,228.93829999999937,200,True,,100,4.0762748,19.75,87.05
health_check,GET,259.23840000000007,200,True,,100,4.0769627,19.75,87.05
health_check,GET,258.5924000000004,200,True,,100,4.0781918,19.75,87.05
health_check,GET,256.0789000000003,200,True,,100,4.0790137,19.75,87.05
health_check,GET,254.36820000000006,200,True,,100,4.0798094,19.75,87.05
health_check,GET,255.76359999999988,200,True,,100,4.080752,19.75,87.05
health_check,GET,255.98330000000047,200,True,,100,4.0813745,19.75,87.05
health_check,GET,255.16469999999993,200,True,,100,4.0819178,19.75,87.05
health_check,GET,176.95759999999973,200,True,,100,4.1606734,19.75,87.05
health_check,GET,175.28149999999965,200,True,,100,4.1625034,19.75,87.05
health_check,GET,171.13900000000015,200,True,,100,4.166968,19.75,87.05
health_check,GET,170.26709999999935,200,True,,100,4.1676257,19.75,87.05
health_check,GET,169.1427000000001,200,True,,100,4.1688541,19.75,87.05
health_check,GET,168.50889999999995,200,True,,100,4.1698231,19.75,87.05
health_check,GET,167.98619999999966,200,True,,100,4.1706013,19.75,87.05
health_check,GET,167.44540000000006,200,True,,100,4.1712527,19.75,87.05
health_check,GET,166.2846,200,True,,100,4.1719346,19.75,87.05
health_check,GET,165.95680000000002,200,True,,100,4.1725162,19.75,87.05
health_check,GET,165.65830000000048,200,True,,100,4.173113,19.75,87.05
health_check,GET,161.1136999999996,200,True,,100,4.1976297,19.75,87.05
health_check,GET,158.21309999999932,200,True,,100,4.2003,19.75,87.05
health_check,GET,156.30290000000002,200,True,,100,4.2012799,19.75,87.05
health_check,GET,156.2830000000002,200,True,,100,4.2019743,19.75,87.05
health_check,GET,155.3210999999992,200,True,,100,4.2025918,19.75,87.05
health_check,GET,155.4973999999998,200,True,,100,4.2036818,19.75,87.05
health_check,GET,154.65569999999929,200,True,,100,4.2043065,19.75,87.05
health_check,GET,141.61099999999925,200,True,,100,4.2177914,19.75,87.05
health_check,GET,140.84119999999967,200,True,,100,4.2190921,19.75,87.05
health_check,GET,140.04420000000016,200,True,,100,4.2197331,19.75,87.05
health_check,GET,138.98790000000005,200,True,,100,4.2206273,19.75,87.05
health_check,GET,138.9212000000004,200,True,,100,4.2214516,19.75,87.05
health_check,GET,138.0524000000003,200,True,,100,4.2220352,19.75,87.05
health_check,GET,138.0020999999996,200,True,,100,4.2225779,19.75,87.05
health_check,GET,137.91770000000002,200,True,,100,4.2241264,19.75,87.05
health_check,GET,136.57949999999985,200,True,,100,4.2251676,19.75,87.05
health_check,GET,130.56110000000044,200,True,,100,4.2304936,19.75,87.05
health_check,GET,129.77810000000022,200,True,,100,4.2316895,19.75,87.05
health_check,GET,130.5980999999994,200,True,,100,4.2323073,19.75,87.05
health_check,GET,130.32600000000016,200,True,,100,4.2329095,19.75,87.05
health_check,GET,128.87000000000003,200,True,,100,4.2337049,19.75,87.05
health_check,GET,109.62530000000027,200,True,,100,4.2623549,19.75,87.05
health_check,GET,109.19420000000014,200,True,,100,4.2630864,19.75,87.05
health_check,GET,109.03939999999946,200,True,,100,4.2636776,19.75,87.05
health_check,GET,108.81269999999965,200,True,,100,4.2645871,19.75,87.05
health_check,GET,107.49459999999988,200,True,,100,4.265612,19.75,87.05
health_check,GET,106.33759999999981,200,True,,100,4.2666388,19.75,87.05
health_check,GET,105.14959999999985,200,True,,100,4.2677069,19.75,87.05
health_check,GET,103.1436000000001,200,True,,100,4.2693628,19.75,87.05
health_check,GET,101.60770000000063,200,True,,100,4.2717084,19.75,87.05
health_check,GET,100.46229999999935,200,True,,100,4.2727266,19.75,87.05
health_check,GET,100.14520000000005,200,True,,100,4.2738454,19.75,87.05
health_check,GET,98.80710000000015,200,True,,100,4.2747245,19.75,87.05
health_check,GET,98.29359999999987,200,True,,100,4.2755739,19.75,87.05
health_check,GET,97.39910000000052,200,True,,100,4.2763607,19.75,87.05
health_check,GET,96.42559999999989,200,True,,100,4.2772273,19.75,87.05
health_check,GET,95.17709999999991,200,True,,100,4.2790665,19.75,87.05
health_check,GET,94.19809999999984,200,True,,100,4.279908,19.75,87.05
health_check,GET,108.8735999999999,200,True,,100,4.2809689,19.75,87.05
health_check,GET,108.42880000000044,200,True,,100,4.2817792,19.75,87.05
health_check,GET,109.43900000000006,200,True,,100,4.2823644,19.75,87.05
health_check,GET,108.56889999999986,200,True,,100,4.2829339,19.75,87.05
health_check,GET,107.4465,200,True,,100,4.2836577,19.75,87.05
health_check,GET,106.54010000000014,200,True,,100,4.2855646,19.75,87.05
health_check,GET,105.88969999999964,200,True,,100,4.2864657,19.75,87.05
health_check,GET,105.62870000000046,200,True,,100,4.2879165,19.75,87.05
health_check,GET,103.85240000000007,200,True,,100,4.2886859,19.75,87.05
health_check,GET,103.44150000000063,200,True,,100,4.2903321,19.75,87.05
health_check,GET,102.2438000000001,200,True,,100,4.2916627,19.75,87.05
health_check,GET,90.11380000000014,200,True,,100,4.3117143,19.75,87.05
health_check,GET,88.47170000000037,200,True,,100,4.3123565,19.75,87.05
health_check,GET,88.05460000000042,200,True,,100,4.312957,19.75,87.05
health_check,GET,89.10319999999939,200,True,,100,4.3134709,19.75,87.05
health_check,GET,88.50080000000027,200,True,,100,4.3138412,19.75,87.05
health_check,GET,88.73580000000025,200,True,,100,4.3141979,19.75,87.05
health_check,GET,86.76430000000046,200,True,,100,4.314874,19.75,87.05
health_check,GET,87.57709999999986,200,True,,100,4.3152136,19.75,87.05
health_check,GET,86.40610000000049,200,True,,100,4.315688,19.75,87.05
health_check,GET,84.78750000000002,200,True,,100,4.3167112,19.75,87.05
health_check,GET,83.68329999999969,200,True,,100,4.3174874,19.75,87.05
health_check,GET,83.23439999999937,200,True,,100,4.3181095,19.75,87.05
health_check,GET,84.50950000000023,200,True,,100,4.3188847,19.75,87.05
health_check,GET,84.29790000000014,200,True,,100,4.3193928,19.75,87.05
health_check,GET,83.67490000000011,200,True,,100,4.3198673,19.75,87.05
health_check,GET,82.85060000000044,200,True,,100,4.3203608,19.75,87.05
health_check,GET,82.21020000000046,200,True,,100,4.3208619,19.75,87.05
health_check,GET,82.59020000000028,200,True,,100,4.321408,19.75,87.05
health_check,GET,76.80979999999948,200,True,,100,4.3270353,19.75,87.05
health_check,GET,87.66759999999962,200,True,,100,4.327822,19.75,87.05
health_check,GET,86.64730000000009,200,True,,100,4.3283909,19.75,87.05
health_check,GET,85.9380999999999,200,True,,100,4.3294126,19.75,87.05
health_check,GET,82.17419999999987,200,True,,100,4.3326874,19.75,87.05
health_check,GET,81.74379999999992,200,True,,100,4.3334617,19.75,87.05
health_check,GET,77.4480999999998,200,True,,100,4.3420147,19.75,87.05
health_check,GET,77.42910000000069,200,True,,100,4.3427478,19.75,87.05
health_check,GET,76.29679999999972,200,True,,100,4.3432927,19.75,87.05
health_check,GET,76.12159999999957,200,True,,100,4.3438939,19.75,87.05
health_check,GET,75.03819999999983,200,True,,100,4.3442948,19.75,87.05
health_check,GET,74.5287999999995,200,True,,100,4.3446623,19.75,87.05
health_check,GET,77.47789999999988,200,True,,100,4.3450263,19.75,87.05
health_check,GET,75.19049999999972,200,True,,100,4.346846,19.75,87.05
health_check,GET,74.0122999999997,200,True,,100,4.3475186,19.75,87.05
health_check,GET,72.53219999999949,200,True,,100,4.3479675,19.75,87.05
health_check,GET,72.2953000000004,200,True,,100,4.3484753,19.75,87.05
health_check,GET,72.92490000000029,200,True,,100,4.348876,19.75,87.05
health_check,GET,72.4487000000007,200,True,,100,4.3492209,19.75,87.05
health_check,GET,71.76340000000003,200,True,,100,4.3495397,19.75,87.05
health_check,GET,70.77169999999988,200,True,,100,4.3502622,19.75,87.05
health_check,GET,71.42090000000056,200,True,,100,4.3508387,19.75,87.05
health_check,GET,81.83629999999997,200,True,,100,4.3516171,19.75,87.05
health_check,GET,80.43879999999959,200,True,,100,4.3523005,19.75,87.05
health_check,GET,79.05789999999956,200,True,,100,4.3541824,19.75,87.05
health_check,GET,77.61059999999986,200,True,,100,4.3547637,19.75,87.05
health_check,GET,77.63600000000004,200,True,,100,4.3553961,19.75,87.05
health_check,GET,75.4961999999999,200,True,,100,4.3565277,19.75,87.05
health_check,GET,82.25970000000072,200,True,,100,4.3659088,19.75,87.05
health_check,GET,81.63330000000002,200,True,,100,4.3663169,19.75,87.05
health_check,GET,81.14519999999992,200,True,,100,4.3665912,19.75,87.05
health_check,GET,96.28229999999948,200,True,,100,4.366857,19.75,87.05
health_check,GET,84.94259999999976,200,True,,100,4.3671157,19.75,87.05
health_check,GET,82.44070000000025,200,True,,100,4.3673651,19.75,87.05
health_check,GET,81.28979999999953,200,True,,100,4.3676111,19.75,87.05
health_check,GET,95.84789999999987,200,True,,100,4.3678449,19.75,87.05
health_check,GET,82.55299999999988,200,True,,100,4.3680895,19.75,87.05
health_check,GET,79.97320000000042,200,True,,100,4.368422,19.75,87.05
health_check,GET,95.26859999999982,200,True,,100,4.3686662,19.75,87.05
health_check,GET,94.5172999999997,200,True,,100,4.36889,19.75,87.05
health_check,GET,83.60180000000028,200,True,,100,4.3691062,19.75,87.05
health_check,GET,79.85359999999986,200,True,,100,4.3693229,19.75,87.05
health_check,GET,77.95609999999975,200,True,,100,4.3695516,19.75,87.05
health_check,GET,78.82760000000033,200,True,,100,4.3698033,19.75,87.05
health_check,GET,82.28670000000005,200,True,,100,4.3700578,19.75,87.05
health_check,GET,79.85180000000014,200,True,,100,4.3703332,19.75,87.05
health_check,GET,93.34179999999925,200,True,,100,4.37105,19.75,87.05
health_check,GET,373.55050000000034,200,True,,100,4.3713218,19.75,87.05
health_check,GET,92.58600000000072,200,True,,100,4.3715815,19.75,87.05
health_check,GET,88.79799999999972,200,True,,100,4.375801,19.75,87.05
health_check,GET,88.68210000000064,200,True,,100,4.3762354,19.75,87.05
health_check,GET,89.42030000000045,200,True,,100,4.3765769,19.75,87.05
health_check,GET,88.7462000000001,200,True,,100,4.3769801,19.75,87.05
health_check,GET,87.88160000000022,200,True,,100,4.3774144,19.75,87.05
health_check,GET,87.37800000000018,200,True,,100,4.3778261,19.75,87.05
health_check,GET,87.89420000000004,200,True,,100,4.3782472,19.75,87.05
health_check,GET,103.98619999999958,200,True,,100,4.3786306,19.75,87.05
health_check,GET,103.82809999999942,200,True,,100,4.3791805,19.75,87.05
health_check,GET,102.32649999999933,200,True,,100,4.3797091,19.75,87.05
health_check,GET,86.1351999999993,200,True,,100,4.3801414,19.75,87.05
health_check,GET,85.79209999999992,200,True,,100,4.3806065,19.75,87.05
health_check,GET,82.42059999999984,200,True,,100,4.3826444,19.75,87.05
health_check,GET,80.12870000000038,200,True,,100,4.3846384,19.75,87.05
health_check,GET,96.31740000000022,200,True,,100,4.3870051,19.75,87.05
health_check,GET,96.38529999999967,200,True,,100,4.3881416,19.75,87.05
health_check,GET,95.22450000000049,200,True,,100,4.3888675,19.75,87.05
health_check,GET,94.12339999999998,200,True,,100,4.3950498,19.75,87.05
health_check,GET,93.23939999999986,200,True,,100,4.3955862,19.75,87.05
health_check,GET,94.19939999999994,200,True,,100,4.3960027,19.75,87.05
health_check,GET,93.06790000000032,200,True,,100,4.3962886,19.75,87.05
health_check,GET,92.48250000000002,200,True,,100,4.3965361,19.75,87.05
health_check,GET,93.60470000000021,200,True,,100,4.3967789,19.75,87.05
health_check,GET,92.9397999999999,200,True,,100,4.3970816,19.75,87.05
health_check,GET,92.40069999999977,200,True,,100,4.397419,19.75,87.05
health_check,GET,91.89630000000015,200,True,,100,4.3977452,19.75,87.05
health_check,GET,92.4965999999996,200,True,,100,4.3980746,19.75,87.05
health_check,GET,92.23870000000022,200,True,,100,4.3984419,19.75,87.05
health_check,GET,101.95320000000052,200,True,,100,4.404564,19.75,87.05
health_check,GET,101.8498999999995,200,True,,100,4.4049265,19.75,87.05
health_check,GET,102.58460000000014,200,True,,100,4.40585,19.75,87.05
health_check,GET,101.52189999999983,200,True,,100,4.4067393,19.75,87.05
health_check,GET,100.34900000000047,200,True,,100,4.4075656,19.75,87.05
health_check,GET,99.77959999999975,200,True,,100,4.4079124,19.75,87.05
health_check,GET,99.27300000000017,200,True,,100,4.4082794,19.75,87.05
health_check,GET,100.07500000000036,200,True,,100,4.4086688,19.75,87.05
health_check,GET,98.2447999999998,200,True,,100,4.4090585,19.75,87.05
health_check,GET,99.15830000000003,200,True,,100,4.4094401,19.75,87.05
health_check,GET,98.26159999999985,200,True,,100,4.4098225,19.75,87.05
health_check,GET,100.41650000000058,200,True,,100,4.4102314,19.75,87.05
health_check,GET,99.87670000000026,200,True,,100,4.4106422,19.75,87.05
health_check,GET,98.14580000000018,200,True,,100,4.4110702,19.75,87.05
health_check,GET,98.69500000000019,200,True,,100,4.4115467,19.75,87.05
health_check,GET,98.74779999999994,200,True,,100,4.4120354,19.75,87.05
health_check,GET,97.83220000000003,200,True,,100,4.4125469,19.75,87.05
health_check,GET,97.07319999999964,200,True,,100,4.413038,19.75,87.05
health_check,GET,95.57940000000009,200,True,,100,4.4143902,19.75,87.05
health_check,GET,93.45979999999976,200,True,,100,4.4162157,19.75,87.05
health_check,GET,92.94340000000022,200,True,,100,4.4165686,19.75,87.05
health_check,GET,94.05040000000042,200,True,,100,4.4168755,19.75,87.05
health_check,GET,92.65309999999971,200,True,,100,4.4171489,19.75,87.05
health_check,GET,91.52810000000056,200,True,,100,4.4173978,19.75,87.05
health_check,GET,129.12809999999996,200,True,,100,4.4235037,19.75,87.05
health_check,GET,128.67739999999995,200,True,,100,4.4243152,19.75,87.05
health_check,GET,136.46409999999952,200,True,,100,4.4251744,19.75,87.05
health_check,GET,138.20720000000009,200,True,,100,4.4259956,19.75,87.05
health_check,GET,136.22479999999993,200,True,,100,4.4267834,19.75,87.05
health_check,GET,135.0528999999998,200,True,,100,4.427301,19.75,87.05
health_check,GET,133.26670000000007,200,True,,100,4.4277858,19.75,87.05
health_check,GET,132.13689999999988,200,True,,100,4.4284996,19.75,87.05
health_check,GET,133.85700000000077,200,True,,100,4.4288392,19.75,87.05
health_check,GET,132.24260000000055,200,True,,100,4.4291233,19.75,87.05
health_check,GET,134.49070000000063,200,True,,100,4.4293856,19.75,87.05
health_check,GET,133.82350000000008,200,True,,100,4.4296255,19.75,87.05
health_check,GET,134.59540000000027,200,True,,100,4.4298676,19.75,87.05
health_check,GET,131.80960000000042,200,True,,100,4.4301768,19.75,87.05
health_check,GET,134.21620000000001,200,True,,100,4.4307384,19.75,87.05
health_check,GET,133.43370000000033,200,True,,100,4.4312752,19.75,87.05
health_check,GET,130.73699999999988,200,True,,100,4.4344498,19.75,87.05
health_check,GET,130.77690000000075,200,True,,100,4.4349129,19.75,87.05
health_check,GET,126.77370000000022,200,True,,100,4.4386336,19.75,87.05
health_check,GET,127.13129999999938,200,True,,100,4.440051,19.75,87.05
health_check,GET,125.67830000000058,200,True,,100,4.4412549,19.75,87.05
health_check,GET,123.5925,200,True,,100,4.442412,19.75,87.05
health_check,GET,139.0433,200,True,,100,4.455978,19.75,87.05
health_check,GET,138.82309999999976,200,True,,100,4.4564161,19.75,87.05
health_check,GET,137.54299999999998,200,True,,100,4.4567681,19.75,87.05
health_check,GET,136.6928000000005,200,True,,100,4.4571117,19.75,87.05
health_check,GET,137.33150000000018,200,True,,100,4.457422,19.75,87.05
health_check,GET,138.1654999999995,200,True,,100,4.4577473,19.75,87.05
health_check,GET,139.12980000000007,200,True,,100,4.4580969,19.75,87.05
health_check,GET,137.2029000000001,200,True,,100,4.4585053,19.75,87.05
health_check,GET,138.16890000000015,200,True,,100,4.4588433,19.75,87.05
health_check,GET,138.96579999999938,200,True,,100,4.4592881,19.75,87.05
health_check,GET,137.51800000000003,200,True,,100,4.4599834,19.75,87.05
health_check,GET,134.97939999999974,200,True,,100,4.4612147,19.75,87.05
health_check,GET,134.6835000000004,200,True,,100,4.4618493,19.75,87.05
health_check,GET,133.1224999999998,200,True,,100,4.4623504,19.75,87.05
health_check,GET,132.07669999999982,200,True,,100,4.4678821,19.75,87.05
health_check,GET,130.84369999999979,200,True,,100,4.4687207,19.75,87.05
health_check,GET,129.23150000000038,200,True,,100,4.4699348,19.75,87.05
health_check,GET,127.7001999999996,200,True,,100,4.4709332,19.75,87.05
health_check,GET,129.12269999999992,200,True,,100,4.4717517,19.75,87.05
health_check,GET,129.96160000000057,200,True,,100,4.4723057,19.75,87.05
health_check,GET,129.2036000000003,200,True,,100,4.4728359,19.75,87.05
health_check,GET,127.70990000000015,200,True,,100,4.4736651,19.75,87.05
health_check,GET,127.21669999999996,200,True,,100,4.4744155,19.75,87.05
health_check,GET,124.98440000000066,200,True,,100,4.4753484,19.75,87.05
health_check,GET,125.89710000000042,200,True,,100,4.475986,19.75,87.05
health_check,GET,126.40729999999945,200,True,,100,4.4763685,19.75,87.05
health_check,GET,125.58630000000015,200,True,,100,4.4769128,19.75,87.05
health_check,GET,127.24880000000027,200,True,,100,4.4777933,19.75,87.05
health_check,GET,129.3154999999997,200,True,,100,4.4784021,19.75,87.05
health_check,GET,125.5348000000005,200,True,,100,4.4790524,19.75,87.05
health_check,GET,124.13059999999999,200,True,,100,4.4799123,19.75,87.05
health_check,GET,116.32219999999992,200,True,,100,4.4867229,19.75,87.05
health_check,GET,122.31710000000007,200,True,,100,4.4871191,19.75,87.05
health_check,GET,121.3633999999999,200,True,,100,4.4874472,19.75,87.05
health_check,GET,121.90589999999979,200,True,,100,4.4877633,19.75,87.05
health_check,GET,121.80200000000063,200,True,,100,4.4880694,19.75,87.05
health_check,GET,157.1284000000004,200,True,,100,4.4883697,19.75,87.05
health_check,GET,147.90589999999958,200,True,,100,4.4973361,19.75,87.05
health_check,GET,147.1121000000002,200,True,,100,4.4985737,19.75,87.05
health_check,GET,147.3444000000006,200,True,,100,4.4995387,19.75,87.05
health_check,GET,146.22340000000023,200,True,,100,4.5005673,19.75,87.05
health_check,GET,145.08410000000003,200,True,,100,4.5013695,19.75,87.05
health_check,GET,144.2842999999998,200,True,,100,4.5020293,19.75,87.05
health_check,GET,143.38680000000005,200,True,,100,4.5026139,19.75,87.05
health_check,GET,142.86550000000008,200,True,,100,4.5032998,19.75,87.05
health_check,GET,142.65870000000012,200,True,,100,4.5039754,19.75,87.05
health_check,GET,141.2331,200,True,,100,4.5046115,19.75,87.05
health_check,GET,151.8506999999998,200,True,,100,4.5053383,19.75,87.05
health_check,GET,141.53329999999985,200,True,,100,4.5157885,19.75,87.05
health_check,GET,140.67319999999927,200,True,,100,4.5169772,19.75,87.05
health_check,GET,139.57979999999992,200,True,,100,4.5182614,19.75,87.05
health_check,GET,139.27759999999978,200,True,,100,4.5194436,19.75,87.05
health_check,GET,133.70749999999987,200,True,,100,4.5244219,19.75,87.05
health_check,GET,131.82110000000068,200,True,,100,4.526596,19.75,87.05
health_check,GET,129.87470000000025,200,True,,100,4.5291681,19.75,87.05
health_check,GET,130.26759999999982,200,True,,100,4.5300551,19.75,87.05
health_check,GET,128.53979999999953,200,True,,100,4.531245,19.75,87.05
health_check,GET,126.37909999999941,200,True,,100,4.5330544,19.75,87.05
health_check,GET,126.98500000000035,200,True,,100,4.5338403,19.75,87.05
health_check,GET,126.57260000000025,200,True,,100,4.5351108,19.75,87.05
health_check,GET,124.10560000000004,200,True,,100,4.5371968,19.75,87.05
health_check,GET,123.60520000000008,200,True,,100,4.538583,19.75,87.05
health_check,GET,122.69149999999928,200,True,,100,4.5392539,19.75,87.05
health_check,GET,129.63659999999953,200,True,,100,4.5402028,19.75,87.05
health_check,GET,125.99610000000006,200,True,,100,4.5408174,19.75,87.05
health_check,GET,121.16669999999985,200,True,,100,4.5414996,19.75,87.05
health_check,GET,120.68220000000008,200,True,,100,4.5469549,19.75,87.05
health_check,GET,117.5727000000002,200,True,,100,4.5474603,19.75,87.05
health_check,GET,115.21019999999993,200,True,,100,4.5478747,19.75,87.05
health_check,GET,114.50020000000016,200,True,,100,4.5483369,19.75,87.05
health_check,GET,362.7049999999992,200,True,,100,4.5487666,19.75,87.05
health_check,GET,113.06949999999993,200,True,,100,4.5493638,19.75,87.05
health_check,GET,139.4774999999999,200,True,,100,4.5505466,19.75,87.05
health_check,GET,138.42979999999994,200,True,,100,4.551404,19.75,87.05
health_check,GET,132.5183000000001,200,True,,100,4.5576174,19.75,87.05
health_check,GET,131.4567000000002,200,True,,100,4.5589831,19.75,87.05
health_check,GET,130.54719999999963,200,True,,100,4.5597472,19.75,87.05
health_check,GET,118.96329999999989,200,True,,100,4.5719674,19.75,87.05
health_check,GET,118.08529999999973,200,True,,100,4.5727284,19.75,87.05
health_check,GET,115.33199999999954,200,True,,100,4.5753649,19.75,87.05
health_check,GET,114.2808999999998,200,True,,100,4.5762903,19.75,87.05
health_check,GET,114.76850000000027,200,True,,100,4.5771799,19.75,87.05
health_check,GET,113.31700000000033,200,True,,100,4.5784237,19.75,87.05
health_check,GET,111.87349999999974,200,True,,100,4.5796475,19.75,87.05
health_check,GET,110.52839999999975,200,True,,100,4.580725,19.75,87.05
health_check,GET,360.2005999999998,200,True,,100,4.5816993,19.75,87.05
health_check,GET,111.6362999999998,200,True,,100,4.5823565,19.75,87.05
health_check,GET,110.51350000000059,200,True,,100,4.5830008,19.75,87.05
health_check,GET,110.72049999999933,200,True,,100,4.5835708,19.75,87.05
health_check,GET,109.57300000000015,200,True,,100,4.5842217,19.75,87.05
health_check,GET,108.13680000000048,200,True,,100,4.584967,19.75,87.05
health_check,GET,106.99710000000007,200,True,,100,4.5857032,19.75,87.05
health_check,GET,105.87709999999984,200,True,,100,4.5863023,19.75,87.05
health_check,GET,105.51549999999921,200,True,,100,4.5869125,19.75,87.05
health_check,GET,126.21000000000038,200,True,,100,4.58744,19.75,87.05
health_check,GET,121.77490000000013,200,True,,100,4.5911322,19.75,87.05
health_check,GET,121.42190000000053,200,True,,100,4.5920089,19.75,87.05
health_check,GET,118.48969999999959,200,True,,100,4.5928934,19.75,87.05
health_check,GET,101.6963000000004,200,True,,100,4.6170236,19.75,87.05
health_check,GET,100.67490000000046,200,True,,100,4.6179292,19.75,87.05
health_check,GET,99.16850000000022,200,True,,100,4.6198404,19.75,87.05
health_check,GET,98.32450000000037,200,True,,100,4.6205396,19.75,87.05
health_check,GET,98.4064,200,True,,100,4.6211376,19.75,87.05
health_check,GET,97.61210000000008,200,True,,100,4.6217949,19.75,87.05
health_check,GET,96.94100000000017,200,True,,100,4.622329,19.75,87.05
health_check,GET,95.98450000000014,200,True,,100,4.6231614,19.75,87.05
health_check,GET,96.7954999999998,200,True,,100,4.6238843,19.75,87.05
health_check,GET,95.87270000000015,200,True,,100,4.6244794,19.75,87.05
health_check,GET,94.61329999999978,200,True,,100,4.6250577,19.75,87.05
health_check,GET,94.44759999999962,200,True,,100,4.6256671,19.75,87.05
health_check,GET,93.72369999999997,200,True,,100,4.6261333,19.75,87.05
health_check,GET,94.40310000000008,200,True,,100,4.6264135,19.75,87.05
health_check,GET,94.26019999999991,200,True,,100,4.6266822,19.75,87.05
health_check,GET,94.44359999999996,200,True,,100,4.6269756,19.75,87.05
health_check,GET,92.81749999999977,200,True,,100,4.6276545,19.75,87.05
health_check,GET,91.95789999999971,200,True,,100,4.6280278,19.75,87.05
health_check,GET,93.14949999999999,200,True,,100,4.6291082,19.75,87.05
health_check,GET,91.7450000000004,200,True,,100,4.6294143,19.75,87.05
health_check,GET,90.53140000000059,200,True,,100,4.629701,19.75,87.05
health_check,GET,90.04179999999984,200,True,,100,4.6305094,19.75,87.05
health_check,GET,90.52510000000069,200,True,,100,4.6311585,19.75,87.05
health_check,GET,90.29109999999996,200,True,,100,4.631687,19.75,87.05
health_check,GET,100.23939999999953,200,True,,100,4.6323948,19.75,87.05
health_check,GET,100.52079999999997,200,True,,100,4.6330674,19.75,87.05
health_check,GET,97.84910000000036,200,True,,100,4.6361202,19.75,87.05
health_check,GET,93.98919999999933,200,True,,100,4.6369889,19.75,87.05
health_check,GET,94.5860999999999,200,True,,100,4.6376695,19.75,87.05
health_check,GET,93.18969999999993,200,True,,100,4.6383495,19.75,87.05
health_check,GET,95.2004000000004,200,True,,100,4.6390657,19.75,87.05
health_check,GET,670.4393,200,True,,100,4.6397321,19.75,87.05
health_check,GET,93.50889999999978,200,True,,100,4.6410536,19.75,87.05
health_check,GET,93.56020000000065,200,True,,100,4.6419624,19.75,87.05
health_check,GET,92.99649999999993,200,True,,100,4.6427252,19.75,87.05
health_check,GET,91.80389999999949,200,True,,100,4.6434287,19.75,87.05
health_check,GET,90.72989999999947,200,True,,100,4.6441907,19.75,87.05
health_check,GET,83.56890000000038,200,True,,100,4.6522577,19.75,87.05
health_check,GET,84.84339999999958,200,True,,100,4.6533284,19.75,87.05
health_check,GET,84.50480000000039,200,True,,100,4.653905,19.75,87.05
health_check,GET,83.96749999999997,200,True,,100,4.6543303,19.75,87.05
health_check,GET,83.26879999999991,200,True,,100,4.6547492,19.75,87.05
health_check,GET,82.54960000000011,200,True,,100,4.6553129,19.75,87.05
health_check,GET,82.07140000000024,200,True,,100,4.6557106,19.75,87.05
health_check,GET,81.63829999999983,200,True,,100,4.6560046,19.75,87.05
health_check,GET,81.03330000000054,200,True,,100,4.6562677,19.75,87.05
health_check,GET,80.93700000000048,200,True,,100,4.6565229,19.75,87.05
health_check,GET,80.31020000000044,200,True,,100,4.656813,19.75,87.05
health_check,GET,72.7329000000001,200,True,,100,4.6748522,19.75,87.05
health_check,GET,71.21630000000056,200,True,,100,4.6761363,19.75,87.05
health_check,GET,69.97510000000062,200,True,,100,4.6768268,19.75,87.05
health_check,GET,68.39769999999933,200,True,,100,4.678072,19.75,87.05
health_check,GET,67.51609999999974,200,True,,100,4.6784665,19.75,87.05
health_check,GET,66.90649999999998,200,True,,100,4.6787504,19.75,87.05
health_check,GET,67.96079999999982,200,True,,100,4.6791348,19.75,87.05
health_check,GET,65.75160000000047,200,True,,100,4.6795544,19.75,87.05
health_check,GET,67.8403000000003,200,True,,100,4.6799757,19.75,87.05
health_check,GET,70.13360000000013,200,True,,100,4.6803334,19.75,87.05
health_check,GET,69.30209999999981,200,True,,100,4.6807784,19.75,87.05
health_check,GET,67.71789999999989,200,True,,100,4.6814642,19.75,87.05
health_check,GET,67.26040000000033,200,True,,100,4.6822298,19.75,87.05
health_check,GET,66.98390000000032,200,True,,100,4.6827982,19.75,87.05
health_check,GET,75.02290000000045,200,True,,100,4.6833889,19.75,87.05
health_check,GET,74.24660000000038,200,True,,100,4.6839203,19.75,87.05
health_check,GET,74.1713000000006,200,True,,100,4.6844496,19.75,87.05
health_check,GET,74.43650000000002,200,True,,100,4.6850714,19.75,87.05
health_check,GET,71.59790000000044,200,True,,100,4.6872424,19.75,87.05
health_check,GET,71.33889999999977,200,True,,100,4.6877531,19.75,87.05
health_check,GET,71.26889999999975,200,True,,100,4.6880262,19.75,87.05
health_check,GET,71.41150000000084,200,True,,100,4.6883173,19.75,87.05
health_check,GET,72.72639999999964,200,True,,100,4.6886112,19.75,87.05
health_check,GET,72.69430000000021,200,True,,100,4.688893,19.75,87.05
health_check,GET,63.39610000000029,200,True,,100,4.698563,19.75,87.05
health_check,GET,74.12780000000029,200,True,,100,4.700035,19.75,87.05
health_check,GET,68.84110000000021,200,True,,100,4.701066,19.75,87.05
health_check,GET,70.07690000000011,200,True,,100,4.701697,19.75,87.05
health_check,GET,67.93419999999983,200,True,,100,4.7022163,19.75,87.05
health_check,GET,66.56559999999968,200,True,,100,4.7027767,19.75,87.05
health_check,GET,66.01569999999946,200,True,,100,4.7036138,19.75,87.05
health_check,GET,66.73979999999969,200,True,,100,4.7044408,19.75,87.05
health_check,GET,69.25760000000025,200,True,,100,4.7051956,19.75,87.05
health_check,GET,66.12509999999983,200,True,,100,4.7058994,19.75,87.05
health_check,GET,68.39959999999934,200,True,,100,4.7062841,19.75,87.05
health_check,GET,64.00169999999949,200,True,,100,4.7066565,19.75,87.05
health_check,GET,64.5282999999992,200,True,,100,4.7069622,19.75,87.05
health_check,GET,68.28599999999963,200,True,,100,4.7073006,19.75,87.05
health_check,GET,68.48959999999948,200,True,,100,4.7076241,19.75,87.05
health_check,GET,67.84359999999978,200,True,,100,4.7079277,19.75,87.05
health_check,GET,68.5747999999995,200,True,,100,4.7082297,19.75,87.05
health_check,GET,67.37899999999985,200,True,,100,4.7085594,19.75,87.05
health_check,GET,75.17949999999996,200,True,,100,4.70944,19.75,87.05
health_check,GET,74.1101999999998,200,True,,100,4.7097545,19.75,87.05
health_check,GET,73.64519999999963,200,True,,100,4.7100517,19.75,87.05
health_check,GET,67.47739999999958,200,True,,100,4.7165428,19.75,87.05
health_check,GET,66.46170000000052,200,True,,100,4.7170209,19.75,87.05
health_check,GET,66.68230000000008,200,True,,100,4.7174873,19.75,87.05
health_check,GET,66.21520000000025,200,True,,100,4.7181086,19.75,87.05
health_check,GET,60.06469999999986,200,True,,100,4.7244116,19.75,87.05
health_check,GET,60.59589999999915,200,True,,100,4.7274767,19.75,87.05
health_check,GET,59.142099999999864,200,True,,100,4.7291169,19.75,87.05
health_check,GET,63.06220000000007,200,True,,100,4.7298424,19.75,87.05
health_check,GET,164.46010000000032,200,True,,500,7.3350002,41.45,87.05
health_check,GET,164.34489999999968,200,True,,500,7.3354843,41.45,87.05
health_check,GET,163.38839999999965,200,True,,500,7.3358467,41.45,87.05
health_check,GET,163.9639000000006,200,True,,500,7.3361797,41.45,87.05
health_check,GET,163.47509999999943,200,True,,500,7.3365121,41.45,87.05
health_check,GET,163.38140000000044,200,True,,500,7.3369148,41.45,87.05
health_check,GET,163.16910000000018,200,True,,500,7.3372771,41.45,87.05
health_check,GET,162.04269999999977,200,True,,500,7.3376064,41.45,87.05
health_check,GET,162.67459999999988,200,True,,500,7.3380878,41.45,87.05
health_check,GET,162.64469999999955,200,True,,500,7.3386516,41.45,87.05
health_check,GET,162.50389999999993,200,True,,500,7.3391266,41.45,87.05
health_check,GET,160.7751000000004,200,True,,500,7.3403407,41.45,87.05
health_check,GET,159.13690000000003,200,True,,500,7.3414728,41.45,87.05
health_check,GET,159.50090000000029,200,True,,500,7.3419782,41.45,87.05
health_check,GET,159.46989999999948,200,True,,500,7.342417,41.45,87.05
health_check,GET,158.8944999999997,200,True,,500,7.3428411,41.45,87.05
health_check,GET,157.6405000000003,200,True,,500,7.3432474,41.45,87.05
health_check,GET,158.37059999999957,200,True,,500,7.3436566,41.45,87.05
health_check,GET,158.8706000000002,200,True,,500,7.3440786,41.45,87.05
health_check,GET,159.28200000000015,200,True,,500,7.3447115,41.45,87.05
health_check,GET,158.55340000000064,200,True,,500,7.3452046,41.45,87.05
health_check,GET,157.92519999999934,200,True,,500,7.3459627,41.45,87.05
health_check,GET,156.74550000000042,200,True,,500,7.3466403,41.45,87.05
health_check,GET,156.05479999999972,200,True,,500,7.3475175,41.45,87.05
health_check,GET,154.97729999999964,200,True,,500,7.3481831,41.45,87.05
health_check,GET,153.85060000000016,200,True,,500,7.3488222,41.45,87.05
health_check,GET,152.84480000000045,200,True,,500,7.3495636,41.45,87.05
health_check,GET,151.93879999999993,200,True,,500,7.3502321,41.45,87.05
health_check,GET,153.80719999999926,200,True,,500,7.3506318,41.45,87.05
health_check,GET,153.72430000000037,200,True,,500,7.3511308,41.45,87.05
health_check,GET,152.56059999999928,200,True,,500,7.3516526,41.45,87.05
health_check,GET,151.22760000000034,200,True,,500,7.353344,41.45,87.05
health_check,GET,149.92099999999996,200,True,,500,7.3541828,41.45,87.05
health_check,GET,149.4466000000001,200,True,,500,7.3552664,41.45,87.05
health_check,GET,147.57020000000054,200,True,,500,7.3567528,41.45,87.05
health_check,GET,148.70680000000024,200,True,,500,7.3577486,41.45,87.05
health_check,GET,147.51599999999954,200,True,,500,7.3585779,41.45,87.05
health_check,GET,146.21119999999976,200,True,,500,7.3590618,41.45,87.05
health_check,GET,146.4578999999997,200,True,,500,7.3594644,41.45,87.05
health_check,GET,145.75220000000044,200,True,,500,7.3600086,41.45,87.05
health_check,GET,144.08080000000024,200,True,,500,7.3610546,41.45,87.05
health_check,GET,144.32959999999983,200,True,,500,7.3613441,41.45,87.05
health_check,GET,145.04479999999998,200,True,,500,7.361597,41.45,87.05
health_check,GET,144.41590000000025,200,True,,500,7.3618524,41.45,87.05
health_check,GET,143.13480000000033,200,True,,500,7.3623005,41.45,87.05
health_check,GET,142.63590000000016,200,True,,500,7.3629447,41.45,87.05
health_check,GET,141.7894999999998,200,True,,500,7.3632109,41.45,87.05
health_check,GET,143.39920000000018,200,True,,500,7.3634601,41.45,87.05
health_check,GET,148.4456999999999,200,True,,500,7.363697,41.45,87.05
health_check,GET,146.2855000000003,200,True,,500,7.3639268,41.45,87.05
health_check,GET,142.89469999999937,200,True,,500,7.3641604,41.45,87.05
health_check,GET,145.5403999999998,200,True,,500,7.3643934,41.45,87.05
health_check,GET,146.98279999999997,200,True,,500,7.3646253,41.45,87.05
health_check,GET,146.01569999999953,200,True,,500,7.3648578,41.45,87.05
health_check,GET,145.3818,200,True,,500,7.3651203,41.45,87.05
health_check,GET,141.63820000000004,200,True,,500,7.3656144,41.45,87.05
health_check,GET,143.5297999999996,200,True,,500,7.3659188,41.45,87.05
health_check,GET,152.95039999999995,200,True,,500,7.3662266,41.45,87.05
health_check,GET,154.83709999999996,200,True,,500,7.3665492,41.45,87.05
health_check,GET,156.65020000000052,200,True,,500,7.3668533,41.45,87.05
health_check,GET,153.59680000000077,200,True,,500,7.3671766,41.45,87.05
health_check,GET,151.24980000000045,200,True,,500,7.367499,41.45,87.05
health_check,GET,150.45690000000002,200,True,,500,7.3678281,41.45,87.05
health_check,GET,146.64429999999928,200,True,,500,7.3681083,41.45,87.05
health_check,GET,149.235,200,True,,500,7.368498,41.45,87.05
health_check,GET,140.80920000000052,200,True,,500,7.3688689,41.45,87.05
health_check,GET,139.04110000000003,200,True,,500,7.3697988,41.45,87.05
health_check,GET,154.0235000000001,200,True,,500,7.370353,41.45,87.05
health_check,GET,162.05559999999952,200,True,,500,7.3713426,41.45,87.05
health_check,GET,160.05679999999955,200,True,,500,7.3719678,41.45,87.05
health_check,GET,156.7482,200,True,,500,7.3724922,41.45,87.05
health_check,GET,157.28830000000028,200,True,,500,7.3730084,41.45,87.05
health_check,GET,159.5468999999996,200,True,,500,7.3734893,41.45,87.05
health_check,GET,155.94220000000013,200,True,,500,7.373907,41.45,87.05
health_check,GET,154.32680000000065,200,True,,500,7.3741995,41.45,87.05
health_check,GET,155.01840000000033,200,True,,500,7.3745476,41.45,87.05
health_check,GET,152.66160000000008,200,True,,500,7.3751624,41.45,87.05
health_check,GET,151.77209999999963,200,True,,500,7.3754627,41.45,87.05
health_check,GET,157.01639999999983,200,True,,500,7.3757674,41.45,87.05
health_check,GET,149.01030000000048,200,True,,500,7.3760666,41.45,87.05
health_check,GET,152.53340000000026,200,True,,500,7.3763673,41.45,87.05
health_check,GET,154.90029999999956,200,True,,500,7.3766745,41.45,87.05
health_check,GET,155.4164,200,True,,500,7.3769653,41.45,87.05
health_check,GET,156.86279999999985,200,True,,500,7.3772673,41.45,87.05
health_check,GET,158.3652000000004,200,True,,500,7.3775425,41.45,87.05
health_check,GET,157.60679999999994,200,True,,500,7.3778494,41.45,87.05
health_check,GET,157.05490000000032,200,True,,500,7.3781357,41.45,87.05
health_check,GET,156.4426999999995,200,True,,500,7.378566,41.45,87.05
health_check,GET,159.83970000000002,200,True,,500,7.3788438,41.45,87.05
health_check,GET,155.57869999999951,200,True,,500,7.3791465,41.45,87.05
health_check,GET,156.89579999999916,200,True,,500,7.3794681,41.45,87.05
health_check,GET,154.55629999999942,200,True,,500,7.3798719,41.45,87.05
health_check,GET,159.29709999999986,200,True,,500,7.3803375,41.45,87.05
health_check,GET,158.61449999999965,200,True,,500,7.3807637,41.45,87.05
health_check,GET,157.4534999999999,200,True,,500,7.381632,41.45,87.05
health_check,GET,155.80579999999955,200,True,,500,7.3821655,41.45,87.05
health_check,GET,151.03679999999997,200,True,,500,7.3827126,41.45,87.05
health_check,GET,156.53119999999987,200,True,,500,7.3834503,41.45,87.05
health_check,GET,156.0423999999996,200,True,,500,7.3845118,41.45,87.05
health_check,GET,155.2176000000003,200,True,,500,7.3850541,41.45,87.05
health_check,GET,217.96559999999943,200,True,,500,7.3854471,41.45,87.05
health_check,GET,226.5554999999999,200,True,,500,7.3856997,41.45,87.05
health_check,GET,224.33449999999942,200,True,,500,7.3858509,41.45,87.05
health_check,GET,248.2509000000004,200,True,,500,7.3859904,41.45,87.05
health_check,GET,548.0089000000002,200,True,,500,7.386127,41.45,87.05
health_check,GET,251.7763000000004,200,True,,500,7.3862497,41.45,87.05
health_check,GET,229.45759999999993,200,True,,500,7.3863537,41.45,87.05
health_check,GET,228.36429999999996,200,True,,500,7.3866227,41.45,87.05
health_check,GET,227.34079999999946,200,True,,500,7.3867453,41.45,87.05
health_check,GET,225.62580000000042,200,True,,500,7.3868863,41.45,87.05
health_check,GET,224.71469999999982,200,True,,500,7.3870645,41.45,87.05
health_check,GET,223.53869999999975,200,True,,500,7.3872349,41.45,87.05
health_check,GET,223.10729999999967,200,True,,500,7.3873971,41.45,87.05
health_check,GET,219.3139000000004,200,True,,500,7.3904738,41.45,87.05
health_check,GET,220.64299999999992,200,True,,500,7.3906812,41.45,87.05
health_check,GET,245.75220000000007,200,True,,500,7.3908475,41.45,87.05
health_check,GET,218.5554999999999,200,True,,500,7.3910285,41.45,87.05
health_check,GET,245.23969999999994,200,True,,500,7.3912329,41.45,87.05
health_check,GET,220.81510000000026,200,True,,500,7.3922574,41.45,87.05
health_check,GET,242.90690000000038,200,True,,500,7.3929974,41.45,87.05
health_check,GET,241.7404000000003,200,True,,500,7.3934421,41.45,87.05
health_check,GET,218.9698,200,True,,500,7.3938032,41.45,87.05
health_check,GET,243.32110000000017,200,True,,500,7.3941145,41.45,87.05
health_check,GET,217.61639999999983,200,True,,500,7.394399,41.45,87.05
health_check,GET,216.0902999999994,200,True,,500,7.3949404,41.45,87.05
health_check,GET,216.3200000000005,200,True,,500,7.395242,41.45,87.05
health_check,GET,270.2695000000004,200,True,,500,7.3955226,41.45,87.05
health_check,GET,271.7268000000006,200,True,,500,7.3957415,41.45,87.05
health_check,GET,260.41759999999937,200,True,,500,7.3959536,41.45,87.05
health_check,GET,257.05940000000015,200,True,,500,7.3969029,41.45,87.05
health_check,GET,265.7424000000006,200,True,,500,7.3974217,41.45,87.05
health_check,GET,248.89079999999984,200,True,,500,7.3977688,41.45,87.05
health_check,GET,274.9347000000002,200,True,,500,7.3980537,41.45,87.05
health_check,GET,274.06229999999977,200,True,,500,7.3982893,41.45,87.05
health_check,GET,272.6009999999999,200,True,,500,7.3984769,41.45,87.05
health_check,GET,273.9365000000005,200,True,,500,7.3986689,41.45,87.05
health_check,GET,270.49189999999965,200,True,,500,7.3988398,41.45,87.05
health_check,GET,270.56289999999984,200,True,,500,7.399332,41.45,87.05
health_check,GET,268.96519999999936,200,True,,500,7.3997248,41.45,87.05
health_check,GET,268.06459999999976,200,True,,500,7.3999587,41.45,87.05
health_check,GET,270.2216000000002,200,True,,500,7.4001791,41.45,87.05
health_check,GET,266.41280000000035,200,True,,500,7.4003828,41.45,87.05
health_check,GET,254.66739999999976,200,True,,500,7.4006318,41.45,87.05
health_check,GET,249.14900000000006,200,True,,500,7.4008556,41.45,87.05
health_check,GET,262.44330000000014,200,True,,500,7.4010719,41.45,87.05
health_check,GET,261.43420000000003,200,True,,500,7.4012788,41.45,87.05
health_check,GET,262.9121999999997,200,True,,500,7.4016864,41.45,87.05
health_check,GET,296.79399999999936,200,True,,500,7.4018762,41.45,87.05
health_check,GET,296.49899999999985,200,True,,500,7.4020522,41.45,87.05
health_check,GET,299.56279999999947,200,True,,500,7.4022366,41.45,87.05
health_check,GET,297.4918000000004,200,True,,500,7.4024148,41.45,87.05
health_check,GET,299.8062999999993,200,True,,500,7.4026639,41.45,87.05
health_check,GET,300.1512000000002,200,True,,500,7.4028718,41.45,87.05
health_check,GET,299.6654000000003,200,True,,500,7.4030773,41.45,87.05
health_check,GET,295.6864000000001,200,True,,500,7.4032555,41.45,87.05
health_check,GET,296.9445999999998,200,True,,500,7.4034436,41.45,87.05
health_check,GET,295.4543999999997,200,True,,500,7.4036222,41.45,87.05
health_check,GET,294.3606000000001,200,True,,500,7.4037971,41.45,87.05
health_check,GET,293.7997000000001,200,True,,500,7.4039636,41.45,87.05
health_check,GET,293.8400000000003,200,True,,500,7.4041448,41.45,87.05
health_check,GET,293.0063999999994,200,True,,500,7.404467,41.45,87.05
health_check,GET,296.2901000000002,200,True,,500,7.4046834,41.45,87.05
health_check,GET,293.9531999999998,200,True,,500,7.4048556,41.45,87.05
health_check,GET,296.91070000000065,200,True,,500,7.4052525,41.45,87.05
health_check,GET,292.82849999999974,200,True,,500,7.4054696,41.45,87.05
health_check,GET,294.9519,200,True,,500,7.4056605,41.45,87.05
health_check,GET,294.30210000000034,200,True,,500,7.4058648,41.45,87.05
health_check,GET,297.4217999999995,200,True,,500,7.40606,41.45,87.05
health_check,GET,297.6206999999995,200,True,,500,7.4062378,41.45,87.05
health_check,GET,293.1109000000003,200,True,,500,7.4064137,41.45,87.05
health_check,GET,292.59679999999923,200,True,,500,7.4066204,41.45,87.05
health_check,GET,291.62979999999993,200,True,,500,7.4067968,41.45,87.05
health_check,GET,300.66049999999933,200,True,,500,7.4069748,41.45,87.05
health_check,GET,298.5066999999999,200,True,,500,7.4071447,41.45,87.05
health_check,GET,298.77660000000003,200,True,,500,7.4073379,41.45,87.05
health_check,GET,297.78720000000015,200,True,,500,7.4075261,41.45,87.05
health_check,GET,298.8375999999997,200,True,,500,7.4076809,41.45,87.05
health_check,GET,297.04569999999995,200,True,,500,7.4077854,41.45,87.05
health_check,GET,529.6120000000002,200,True,,500,7.4078991,41.45,87.05
health_check,GET,536.0028999999997,200,True,,500,7.4080062,41.45,87.05
health_check,GET,296.17940000000067,200,True,,500,7.4082398,41.45,87.05
health_check,GET,296.25509999999974,200,True,,500,7.4083689,41.45,87.05
health_check,GET,295.6485000000004,200,True,,500,7.40849,41.45,87.05
health_check,GET,296.87659999999914,200,True,,500,7.4086398,41.45,87.05
health_check,GET,296.3024000000001,200,True,,500,7.4087445,41.45,87.05
health_check,GET,300.1250000000004,200,True,,500,7.4088517,41.45,87.05
health_check,GET,300.91040000000027,200,True,,500,7.4089613,41.45,87.05
health_check,GET,301.1764999999995,200,True,,500,7.4090699,41.45,87.05
health_check,GET,300.8906000000007,200,True,,500,7.4091694,41.45,87.05
health_check,GET,300.3694000000001,200,True,,500,7.4092804,41.45,87.05
health_check,GET,301.20460000000014,200,True,,500,7.4093735,41.45,87.05
health_check,GET,300.9463000000006,200,True,,500,7.4094719,41.45,87.05
health_check,GET,301.7095999999997,200,True,,500,7.4095712,41.45,87.05
health_check,GET,301.29809999999947,200,True,,500,7.4096688,41.45,87.05
health_check,GET,300.9889999999995,200,True,,500,7.4097634,41.45,87.05
health_check,GET,301.2550000000003,200,True,,500,7.4098687,41.45,87.05
health_check,GET,301.25260000000065,200,True,,500,7.4101851,41.45,87.05
health_check,GET,301.53409999999957,200,True,,500,7.4103307,41.45,87.05
health_check,GET,301.13659999999953,200,True,,500,7.4105828,41.45,87.05
health_check,GET,300.8205999999998,200,True,,500,7.4107585,41.45,87.05
health_check,GET,319.1072000000004,200,True,,500,7.410937,41.45,87.05
health_check,GET,319.74060000000026,200,True,,500,7.411121,41.45,87.05
health_check,GET,319.1858999999999,200,True,,500,7.4112984,41.45,87.05
health_check,GET,318.79290000000003,200,True,,500,7.4114911,41.45,87.05
health_check,GET,318.99639999999965,200,True,,500,7.4116827,41.45,87.05
health_check,GET,319.3048000000003,200,True,,500,7.4119303,41.45,87.05
health_check,GET,318.92049999999995,200,True,,500,7.4121365,41.45,87.05
health_check,GET,319.2252,200,True,,500,7.4123268,41.45,87.05
health_check,GET,318.82370000000026,200,True,,500,7.4125711,41.45,87.05
health_check,GET,325.00510000000025,200,True,,500,7.4127934,41.45,87.05
health_check,GET,324.9409000000005,200,True,,500,7.4129561,41.45,87.05
health_check,GET,324.43719999999934,200,True,,500,7.4131099,41.45,87.05
health_check,GET,324.3743999999999,200,True,,500,7.4132694,41.45,87.05
health_check,GET,323.8118000000005,200,True,,500,7.4136339,41.45,87.05
health_check,GET,323.0675999999999,200,True,,500,7.4138009,41.45,87.05
health_check,GET,323.12649999999985,200,True,,500,7.4139744,41.45,87.05
health_check,GET,322.5066999999999,200,True,,500,7.4141635,41.45,87.05
health_check,GET,322.9613999999996,200,True,,500,7.4143314,41.45,87.05
health_check,GET,321.9387000000005,200,True,,500,7.4165223,41.45,87.05
health_check,GET,321.3651999999998,200,True,,500,7.4168931,41.45,87.05
health_check,GET,320.99800000000033,200,True,,500,7.4170589,41.45,87.05
health_check,GET,322.1371,200,True,,500,7.4172116,41.45,87.05
health_check,GET,321.2681000000002,200,True,,500,7.4173689,41.45,87.05
health_check,GET,321.3374,200,True,,500,7.417508,41.45,87.05
health_check,GET,321.41840000000064,200,True,,500,7.4176657,41.45,87.05
health_check,GET,336.5848999999992,200,True,,500,7.4179868,41.45,87.05
health_check,GET,335.3086000000003,200,True,,500,7.4187061,41.45,87.05
health_check,GET,335.40040000000016,200,True,,500,7.419022,41.45,87.05
health_check,GET,334.9105999999997,200,True,,500,7.4192586,41.45,87.05
health_check,GET,334.085,200,True,,500,7.4194912,41.45,87.05
health_check,GET,333.7441999999999,200,True,,500,7.420135,41.45,87.05
health_check,GET,333.8443,200,True,,500,7.420483,41.45,87.05
health_check,GET,332.85900000000004,200,True,,500,7.4208726,41.45,87.05
health_check,GET,331.8703999999997,200,True,,500,7.4215267,41.45,87.05
health_check,GET,337.25480000000016,200,True,,500,7.4217748,41.45,87.05
health_check,GET,337.5114999999997,200,True,,500,7.4220853,41.45,87.05
health_check,GET,336.8981,200,True,,500,7.4224111,41.45,87.05
health_check,GET,336.8365999999998,200,True,,500,7.422611,41.45,87.05
health_check,GET,336.0842000000002,200,True,,500,7.4227932,41.45,87.05
health_check,GET,333.83990000000006,200,True,,500,7.4248494,41.45,87.05
health_check,GET,333.0848,200,True,,500,7.4260862,41.45,87.05
health_check,GET,339.5090999999999,200,True,,500,7.4264325,41.45,87.05
health_check,GET,340.6478000000002,200,True,,500,7.4267648,41.45,87.05
health_check,GET,338.63350000000025,200,True,,500,7.4270651,41.45,87.05
health_check,GET,338.5714000000002,200,True,,500,7.4276132,41.45,87.05
health_check,GET,337.4870999999997,200,True,,500,7.4279564,41.45,87.05
health_check,GET,354.4311999999996,200,True,,500,7.429373,41.45,87.05
health_check,GET,351.4803999999998,200,True,,500,7.4298535,41.45,87.05
health_check,GET,349.7456999999997,200,True,,500,7.430078,41.45,87.05
health_check,GET,354.8349000000002,200,True,,500,7.4302439,41.45,87.05
health_check,GET,363.66449999999963,200,True,,500,7.4304313,41.45,87.05
health_check,GET,364.09059999999994,200,True,,500,7.4305953,41.45,87.05
health_check,GET,363.6537000000004,200,True,,500,7.4307763,41.45,87.05
health_check,GET,363.20219999999995,200,True,,500,7.4309494,41.45,87.05
health_check,GET,354.49999999999983,200,True,,500,7.4311108,41.45,87.05
health_check,GET,353.2593999999998,200,True,,500,7.4312765,41.45,87.05
health_check,GET,351.8732,200,True,,500,7.4314975,41.45,87.05
health_check,GET,349.3367999999997,200,True,,500,7.4324969,41.45,87.05
health_check,GET,348.0758000000002,200,True,,500,7.4328639,41.45,87.05
health_check,GET,347.43720000000076,200,True,,500,7.4330566,41.45,87.05
health_check,GET,348.8971000000003,200,True,,500,7.4332446,41.45,87.05
health_check,GET,360.4483000000007,200,True,,500,7.4334465,41.45,87.05
health_check,GET,364.8442000000003,200,True,,500,7.4336978,41.45,87.05
health_check,GET,364.9683000000001,200,True,,500,7.4341428,41.45,87.05
health_check,GET,362.17100000000005,200,True,,500,7.4343524,41.45,87.05
health_check,GET,363.2698999999997,200,True,,500,7.4345553,41.45,87.05
health_check,GET,361.3276000000001,200,True,,500,7.4347626,41.45,87.05
health_check,GET,361.6631000000003,200,True,,500,7.4351293,41.45,87.05
health_check,GET,360.01819999999987,200,True,,500,7.4353416,41.45,87.05
health_check,GET,360.2362000000001,200,True,,500,7.4355288,41.45,87.05
health_check,GET,363.6866000000003,200,True,,500,7.4357536,41.45,87.05
health_check,GET,359.1176999999997,200,True,,500,7.4359639,41.45,87.05
health_check,GET,362.5803999999997,200,True,,500,7.4361375,41.45,87.05
health_check,GET,362.06240000000014,200,True,,500,7.436305,41.45,87.05
health_check,GET,363.80009999999976,200,True,,500,7.4364904,41.45,87.05
health_check,GET,363.3664999999997,200,True,,500,7.4366002,41.45,87.05
health_check,GET,362.984,200,True,,500,7.4367111,41.45,87.05
health_check,GET,361.36060000000026,200,True,,500,7.4368283,41.45,87.05
health_check,GET,360.23460000000006,200,True,,500,7.4369435,41.45,87.05
health_check,GET,360.82180000000005,200,True,,500,7.437184,41.45,87.05
health_check,GET,359.08709999999996,200,True,,500,7.437294,41.45,87.05
health_check,GET,359.51040000000046,200,True,,500,7.4374239,41.45,87.05
health_check,GET,358.66100000000057,200,True,,500,7.4375753,41.45,87.05
health_check,GET,359.6940999999996,200,True,,500,7.4377683,41.45,87.05
health_check,GET,357.9827999999994,200,True,,500,7.4379546,41.45,87.05
health_check,GET,358.54490000000004,200,True,,500,7.4381118,41.45,87.05
health_check,GET,373.08330000000024,200,True,,500,7.4382445,41.45,87.05
health_check,GET,372.73879999999957,200,True,,500,7.4384036,41.45,87.05
health_check,GET,370.8985,200,True,,500,7.4385475,41.45,87.05
health_check,GET,372.2059,200,True,,500,7.4386737,41.45,87.05
health_check,GET,371.59809999999993,200,True,,500,7.4387742,41.45,87.05
health_check,GET,371.17679999999973,200,True,,500,7.4388736,41.45,87.05
health_check,GET,371.6645999999999,200,True,,500,7.4389786,41.45,87.05
health_check,GET,372.37899999999956,200,True,,500,7.4390868,41.45,87.05
health_check,GET,370.5688,200,True,,500,7.4391931,41.45,87.05
health_check,GET,379.16160000000065,200,True,,500,7.4394195,41.45,87.05
health_check,GET,377.67139999999966,200,True,,500,7.439528,41.45,87.05
health_check,GET,379.06779999999964,200,True,,500,7.4396338,41.45,87.05
health_check,GET,378.2093,200,True,,500,7.4398027,41.45,87.05
health_check,GET,379.06580000000025,200,True,,500,7.4399738,41.45,87.05
health_check,GET,378.73580000000027,200,True,,500,7.4401471,41.45,87.05
health_check,GET,378.8157999999999,200,True,,500,7.4403898,41.45,87.05
health_check,GET,378.9183999999999,200,True,,500,7.440619,41.45,87.05
health_check,GET,377.4344999999997,200,True,,500,7.4407882,41.45,87.05
health_check,GET,376.5692000000005,200,True,,500,7.4409021,41.45,87.05
health_check,GET,377.3986999999996,200,True,,500,7.4410077,41.45,87.05
health_check,GET,384.8915999999996,200,True,,500,7.4411044,41.45,87.05
health_check,GET,383.1661999999998,200,True,,500,7.4411902,41.45,87.05
health_check,GET,382.90429999999986,200,True,,500,7.4412797,41.45,87.05
health_check,GET,383.1378000000001,200,True,,500,7.4413692,41.45,87.05
health_check,GET,384.8317999999997,200,True,,500,7.4414591,41.45,87.05
health_check,GET,380.3953,200,True,,500,7.4450524,41.45,87.05
health_check,GET,379.47090000000026,200,True,,500,7.4454293,41.45,87.05
health_check,GET,380.1442000000002,200,True,,500,7.4459989,41.45,87.05
health_check,GET,379.3546000000001,200,True,,500,7.4464906,41.45,87.05
health_check,GET,379.0015999999996,200,True,,500,7.4466912,41.45,87.05
health_check,GET,377.8617999999998,200,True,,500,7.4467925,41.45,87.05
health_check,GET,378.31249999999983,200,True,,500,7.4468882,41.45,87.05
health_check,GET,379.4331999999994,200,True,,500,7.446996,41.45,87.05
health_check,GET,379.6097999999999,200,True,,500,7.4471018,41.45,87.05
health_check,GET,379.36430000000064,200,True,,500,7.4472038,41.45,87.05
health_check,GET,385.49390000000017,200,True,,500,7.4473106,41.45,87.05
health_check,GET,390.71739999999977,200,True,,500,7.4474446,41.45,87.05
health_check,GET,390.35250000000053,200,True,,500,7.44755,41.45,87.05
health_check,GET,390.3745999999995,200,True,,500,7.4476541,41.45,87.05
health_check,GET,389.89119999999923,200,True,,500,7.4477539,41.45,87.05
health_check,GET,389.92390000000034,200,True,,500,7.4478512,41.45,87.05
health_check,GET,389.4275,200,True,,500,7.4479548,41.45,87.05
health_check,GET,389.0706000000001,200,True,,500,7.4481806,41.45,87.05
health_check,GET,389.1945999999997,200,True,,500,7.4483175,41.45,87.05
health_check,GET,388.4129000000005,200,True,,500,7.448415,41.45,87.05
health_check,GET,388.45249999999965,200,True,,500,7.4485196,41.45,87.05
health_check,GET,388.4894000000001,200,True,,500,7.4486229,41.45,87.05
health_check,GET,387.7397,200,True,,500,7.44872,41.45,87.05
health_check,GET,387.8434000000004,200,True,,500,7.4488226,41.45,87.05
health_check,GET,387.3218000000005,200,True,,500,7.448975,41.45,87.05
health_check,GET,386.88840000000016,200,True,,500,7.4490801,41.45,87.05
health_check,GET,386.87309999999985,200,True,,500,7.4492719,41.45,87.05
health_check,GET,392.32539999999983,200,True,,500,7.4493947,41.45,87.05
health_check,GET,391.97590000000025,200,True,,500,7.4494912,41.45,87.05
health_check,GET,394.13539999999966,200,True,,500,7.4495832,41.45,87.05
health_check,GET,393.87979999999965,200,True,,500,7.4496813,41.45,87.05
health_check,GET,395.07650000000007,200,True,,500,7.4499469,41.45,87.05
health_check,GET,401.38290000000063,200,True,,500,7.4500486,41.45,87.05
health_check,GET,400.92829999999947,200,True,,500,7.4502524,41.45,87.05
health_check,GET,400.5843000000002,200,True,,500,7.4503451,41.45,87.05
health_check,GET,401.52569999999963,200,True,,500,7.4504352,41.45,87.05
health_check,GET,399.9519999999999,200,True,,500,7.4505295,41.45,87.05
health_check,GET,401.07780000000037,200,True,,500,7.4506231,41.45,87.05
health_check,GET,399.59599999999983,200,True,,500,7.4507179,41.45,87.05
health_check,GET,399.8290999999998,200,True,,500,7.4508113,41.45,87.05
health_check,GET,399.2130999999999,200,True,,500,7.4509048,41.45,87.05
health_check,GET,705.3148,200,True,,500,7.4510126,41.45,87.05
health_check,GET,708.9350999999997,200,True,,500,7.4511757,41.45,87.05
health_check,GET,422.49099999999993,200,True,,500,7.4513513,41.45,87.05
health_check,GET,421.3085000000003,200,True,,500,7.4516122,41.45,87.05
health_check,GET,420.2844999999993,200,True,,500,7.4520863,41.45,87.05
health_check,GET,425.9183000000002,200,True,,500,7.4523602,41.45,87.05
health_check,GET,424.8877000000002,200,True,,500,7.452567,41.45,87.05
health_check,GET,424.29519999999957,200,True,,500,7.4527564,41.45,87.05
health_check,GET,423.71099999999996,200,True,,500,7.4531076,41.45,87.05
health_check,GET,434.0976999999997,200,True,,500,7.4533246,41.45,87.05
health_check,GET,423.0003,200,True,,500,7.4535722,41.45,87.05
health_check,GET,433.1363000000001,200,True,,500,7.4537795,41.45,87.05
health_check,GET,422.33949999999965,200,True,,500,7.453965,41.45,87.05
health_check,GET,421.3129999999996,200,True,,500,7.4541531,41.45,87.05
health_check,GET,420.88550000000066,200,True,,500,7.4543344,41.45,87.05
health_check,GET,424.1185999999999,200,True,,500,7.454513,41.45,87.05
health_check,GET,419.9002000000007,200,True,,500,7.4546904,41.45,87.05
health_check,GET,421.1507000000001,200,True,,500,7.4548694,41.45,87.05
health_check,GET,420.6570999999997,200,True,,500,7.4550431,41.45,87.05
health_check,GET,422.5235999999999,200,True,,500,7.4552531,41.45,87.05
health_check,GET,418.91820000000024,200,True,,500,7.4554649,41.45,87.05
health_check,GET,444.1372000000001,200,True,,500,7.4556465,41.45,87.05
health_check,GET,442.6874999999999,200,True,,500,7.455806,41.45,87.05
health_check,GET,443.04149999999964,200,True,,500,7.4559045,41.45,87.05
health_check,GET,443.64049999999986,200,True,,500,7.4559977,41.45,87.05
health_check,GET,441.4258999999996,200,True,,500,7.4562068,41.45,87.05
health_check,GET,440.9410999999999,200,True,,500,7.4563107,41.45,87.05
health_check,GET,441.60369999999995,200,True,,500,7.4564172,41.45,87.05
health_check,GET,440.0101999999997,200,True,,500,7.4565235,41.45,87.05
health_check,GET,442.86720000000025,200,True,,500,7.4566259,41.45,87.05
health_check,GET,442.52489999999955,200,True,,500,7.4567256,41.45,87.05
health_check,GET,447.9024000000003,200,True,,500,7.456827,41.45,87.05
health_check,GET,448.4501999999999,200,True,,500,7.4569534,41.45,87.05
health_check,GET,448.14489999999995,200,True,,500,7.457069,41.45,87.05
health_check,GET,447.66829999999925,200,True,,500,7.4571858,41.45,87.05
health_check,GET,446.8304999999999,200,True,,500,7.457296,41.45,87.05
health_check,GET,447.1937000000006,200,True,,500,7.4574015,41.45,87.05
health_check,GET,446.83639999999957,200,True,,500,7.4575329,41.45,87.05
health_check,GET,446.0501999999993,200,True,,500,7.4576564,41.45,87.05
health_check,GET,446.11580000000026,200,True,,500,7.457762,41.45,87.05
health_check,GET,448.91489999999925,200,True,,500,7.4578721,41.45,87.05
health_check,GET,448.48409999999996,200,True,,500,7.4581142,41.45,87.05
health_check,GET,448.19370000000004,200,True,,500,7.4582301,41.45,87.05
health_check,GET,447.86920000000043,200,True,,500,7.4583412,41.45,87.05
health_check,GET,447.09109999999976,200,True,,500,7.4584563,41.45,87.05
health_check,GET,447.1828999999996,200,True,,500,7.4585755,41.45,87.05
health_check,GET,452.41669999999965,200,True,,500,7.4586728,41.45,87.05
health_check,GET,450.86970000000014,200,True,,500,7.4587768,41.45,87.05
health_check,GET,451.6188999999997,200,True,,500,7.4588833,41.45,87.05
health_check,GET,449.71970000000016,200,True,,500,7.4589874,41.45,87.05
health_check,GET,448.1031,200,True,,500,7.459095,41.45,87.05
health_check,GET,448.8916999999999,200,True,,500,7.459195,41.45,87.05
health_check,GET,447.3691999999998,200,True,,500,7.4601182,41.45,87.05
health_check,GET,446.31130000000053,200,True,,500,7.4606815,41.45,87.05
health_check,GET,449.6784999999992,200,True,,500,7.4611527,41.45,87.05
health_check,GET,449.72519999999963,200,True,,500,7.4616132,41.45,87.05
health_check,GET,462.7271999999998,200,True,,500,7.4619472,41.45,87.05
health_check,GET,462.09659999999974,200,True,,500,7.4624313,41.45,87.05
health_check,GET,461.79749999999945,200,True,,500,7.4626365,41.45,87.05
health_check,GET,461.31930000000045,200,True,,500,7.4628627,41.45,87.05
health_check,GET,459.99920000000037,200,True,,500,7.4630563,41.45,87.05
health_check,GET,460.5627999999999,200,True,,500,7.4632445,41.45,87.05
health_check,GET,745.793400000001,200,True,,500,7.4634344,41.45,87.05
health_check,GET,745.2775000000003,200,True,,500,7.4636143,41.45,87.05
health_check,GET,744.6799000000004,200,True,,500,7.4637936,41.45,87.05
health_check,GET,732.2981999999998,200,True,,500,7.4639689,41.45,87.05
health_check,GET,459.2963999999995,200,True,,500,7.4641811,41.45,87.05
health_check,GET,470.4132999999997,200,True,,500,7.464362,41.45,87.05
health_check,GET,469.9244,200,True,,500,7.4645541,41.45,87.05
health_check,GET,469.0101000000002,200,True,,500,7.4653246,41.45,87.05
health_check,GET,468.0990999999999,200,True,,500,7.46559,41.45,87.05
health_check,GET,468.1319999999998,200,True,,500,7.4657951,41.45,87.05
health_check,GET,466.2654999999996,200,True,,500,7.4660095,41.45,87.05
health_check,GET,466.83249999999975,200,True,,500,7.4664519,41.45,87.05
health_check,GET,466.7804999999996,200,True,,500,7.4667114,41.45,87.05
health_check,GET,464.7972000000005,200,True,,500,7.4669472,41.45,87.05
health_check,GET,465.74209999999994,200,True,,500,7.4671343,41.45,87.05
health_check,GET,465.7600999999998,200,True,,500,7.4673233,41.45,87.05
health_check,GET,464.9675000000002,200,True,,500,7.4675094,41.45,87.05
health_check,GET,465.0367000000006,200,True,,500,7.467636,41.45,87.05
health_check,GET,464.3096,200,True,,500,7.4677436,41.45,87.05
health_check,GET,463.54819999999995,200,True,,500,7.4678554,41.45,87.05
health_check,GET,462.71780000000007,200,True,,500,7.4680038,41.45,87.05
health_check,GET,462.0179999999996,200,True,,500,7.4681986,41.45,87.05
health_check,GET,466.81759999999974,200,True,,500,7.4685081,41.45,87.05
health_check,GET,467.0262000000003,200,True,,500,7.4687163,41.45,87.05
health_check,GET,466.78450000000015,200,True,,500,7.4688428,41.45,87.05
health_check,GET,466.0194000000004,200,True,,500,7.4689551,41.45,87.05
health_check,GET,466.4356999999999,200,True,,500,7.4690654,41.45,87.05
health_check,GET,467.7838999999997,200,True,,500,7.4691665,41.45,87.05
health_check,GET,467.9264999999999,200,True,,500,7.4694338,41.45,87.05
health_check,GET,467.8698999999993,200,True,,500,7.4695647,41.45,87.05
health_check,GET,467.58079999999944,200,True,,500,7.4696661,41.45,87.05
health_check,GET,467.06619999999964,200,True,,500,7.4697703,41.45,87.05
health_check,GET,467.25919999999996,200,True,,500,7.4698753,41.45,87.05
health_check,GET,467.07490000000007,200,True,,500,7.4699873,41.45,87.05
health_check,GET,466.4463999999997,200,True,,500,7.4702671,41.45,87.05
health_check,GET,473.36509999999964,200,True,,500,7.4704989,41.45,87.05
health_check,GET,473.42719999999974,200,True,,500,7.4707062,41.45,87.05
health_check,GET,480.6858000000007,200,True,,500,7.4708934,41.45,87.05
health_check,GET,483.7579000000005,200,True,,500,7.4710864,41.45,87.05
health_check,GET,482.22900000000027,200,True,,500,7.4712457,41.45,87.05
health_check,GET,484.4172999999996,200,True,,500,7.4713972,41.45,87.05
health_check,GET,486.0697000000007,200,True,,500,7.4717232,41.45,87.05
health_check,GET,485.6516000000006,200,True,,500,7.471874,41.45,87.05
health_check,GET,484.4223999999997,200,True,,500,7.4720341,41.45,87.05
health_check,GET,480.4069000000002,200,True,,500,7.472458,41.45,87.05
health_check,GET,484.4096999999996,200,True,,500,7.4726279,41.45,87.05
health_check,GET,484.42649999999963,200,True,,500,7.4727762,41.45,87.05
health_check,GET,483.86119999999977,200,True,,500,7.4729323,41.45,87.05
health_check,GET,483.07050000000015,200,True,,500,7.4730915,41.45,87.05
health_check,GET,482.0788,200,True,,500,7.4732483,41.45,87.05
health_check,GET,478.7360999999999,200,True,,500,7.4733967,41.45,87.05
health_check,GET,484.7809999999999,200,True,,500,7.4735732,41.45,87.05
health_check,GET,490.0436000000008,200,True,,500,7.4737366,41.45,87.05
health_check,GET,489.59029999999973,200,True,,500,7.4738907,41.45,87.05
health_check,GET,502.25839999999965,200,True,,500,7.4740463,41.45,87.05
health_check,GET,501.4243,200,True,,500,7.4741999,41.45,87.05
health_check,GET,499.75550000000004,200,True,,500,7.4743988,41.45,87.05
health_check,GET,501.46699999999987,200,True,,500,7.4745539,41.45,87.05
health_check,GET,498.15070000000003,200,True,,500,7.4746946,41.45,87.05
health_check,GET,498.5926000000003,200,True,,500,7.4747848,41.45,87.05
health_check,GET,498.55790000000064,200,True,,500,7.4752119,41.45,87.05
health_check,GET,495.5878999999994,200,True,,500,7.4754072,41.45,87.05
health_check,GET,501.9599999999995,200,True,,500,7.475562,41.45,87.05
health_check,GET,501.6278000000005,200,True,,500,7.4756781,41.45,87.05
health_check,GET,502.10530000000017,200,True,,500,7.4757824,41.45,87.05
health_check,GET,501.78889999999933,200,True,,500,7.4759203,41.45,87.05
health_check,GET,520.3330000000008,200,True,,500,7.4760347,41.45,87.05
health_check,GET,518.9890999999998,200,True,,500,7.476134,41.45,87.05
health_check,GET,518.8328000000002,200,True,,500,7.4769065,41.45,87.05
health_check,GET,518.2123999999994,200,True,,500,7.4772971,41.45,87.05
health_check,GET,514.5432999999997,200,True,,500,7.4777524,41.45,87.05
health_check,GET,514.9078000000005,200,True,,500,7.4780564,41.45,87.05
health_check,GET,512.4974,200,True,,500,7.4782675,41.45,87.05
health_check,GET,515.3656,200,True,,500,7.47843,41.45,87.05
health_check,GET,528.9576999999995,200,True,,500,7.4785904,41.45,87.05
health_check,GET,528.2654000000005,200,True,,500,7.4787544,41.45,87.05
health_check,GET,527.6604000000002,200,True,,500,7.4789251,41.45,87.05
health_check,GET,523.1258000000007,200,True,,500,7.4793299,41.45,87.05
health_check,GET,517.2837999999995,200,True,,500,7.4795265,41.45,87.05
health_check,GET,516.8809999999997,200,True,,500,7.4797094,41.45,87.05
health_check,GET,513.4935999999994,200,True,,500,7.4798599,41.45,87.05
health_check,GET,514.6212999999999,200,True,,500,7.4800072,41.45,87.05
health_check,GET,529.0034999999999,200,True,,500,7.4801561,41.45,87.05
health_check,GET,528.3096999999995,200,True,,500,7.4803184,41.45,87.05
health_check,GET,528.5311000000004,200,True,,500,7.4804718,41.45,87.05
health_check,GET,528.1761999999999,200,True,,500,7.4806476,41.45,87.05
root,GET,63.54520000000008,200,True,,100,10.3690614,41.45,87.05
root,GET,63.29220000000113,200,True,,100,10.3696028,41.45,87.05
root,GET,62.86410000000053,200,True,,100,10.3698873,41.45,87.05
root,GET,61.982699999999724,200,True,,100,10.3701567,41.45,87.05
root,GET,61.89190000000089,200,True,,100,10.370424,41.45,87.05
root,GET,61.321899999999374,200,True,,100,10.3711432,41.45,87.05
root,GET,68.58949999999986,200,True,,100,10.3716992,41.45,87.05
root,GET,67.83169999999927,200,True,,100,10.3720437,41.45,87.05
root,GET,67.21290000000124,200,True,,100,10.3723733,41.45,87.05
root,GET,68.08359999999958,200,True,,100,10.3726553,41.45,87.05
root,GET,69.9280999999985,200,True,,100,10.3729273,41.45,87.05
root,GET,69.76950000000137,200,True,,100,10.3732043,41.45,87.05
root,GET,69.22029999999957,200,True,,100,10.3734643,41.45,87.05
root,GET,68.56160000000067,200,True,,100,10.3739492,41.45,87.05
root,GET,67.94179999999983,200,True,,100,10.3742286,41.45,87.05
root,GET,67.52129999999923,200,True,,100,10.3744689,41.45,87.05
root,GET,67.61939999999989,200,True,,100,10.3747048,41.45,87.05
root,GET,66.36359999999897,200,True,,100,10.3750306,41.45,87.05
root,GET,66.26570000000065,200,True,,100,10.3755376,41.45,87.05
root,GET,64.76329999999919,200,True,,100,10.375818,41.45,87.05
root,GET,65.08490000000045,200,True,,100,10.376092,41.45,87.05
root,GET,64.59219999999988,200,True,,100,10.3763679,41.45,87.05
root,GET,64.95769999999901,200,True,,100,10.376647,41.45,87.05
root,GET,73.5007999999997,200,True,,100,10.3769069,41.45,87.05
root,GET,72.81279999999946,200,True,,100,10.3773268,41.45,87.05
root,GET,72.70030000000105,200,True,,100,10.3775661,41.45,87.05
root,GET,73.85020000000075,200,True,,100,10.3778037,41.45,87.05
root,GET,73.4780999999991,200,True,,100,10.3780493,41.45,87.05
root,GET,72.20060000000039,200,True,,100,10.3782877,41.45,87.05
root,GET,71.24989999999976,200,True,,100,10.3787372,41.45,87.05
root,GET,72.7215000000001,200,True,,100,10.3794742,41.45,87.05
root,GET,71.87610000000078,200,True,,100,10.3800239,41.45,87.05
root,GET,71.67270000000059,200,True,,100,10.380336,41.45,87.05
root,GET,71.1662999999998,200,True,,100,10.3806162,41.45,87.05
root,GET,70.24059999999999,200,True,,100,10.381035,41.45,87.05
root,GET,69.38180000000038,200,True,,100,10.3813438,41.45,87.05
root,GET,69.14650000000044,200,True,,100,10.3816983,41.45,87.05
root,GET,68.6510000000009,200,True,,100,10.3819585,41.45,87.05
root,GET,69.17550000000006,200,True,,100,10.382218,41.45,87.05
root,GET,68.4825999999994,200,True,,100,10.3824723,41.45,87.05
root,GET,69.3968999999992,200,True,,100,10.3827244,41.45,87.05
root,GET,87.6178000000003,200,True,,100,10.3829732,41.45,87.05
root,GET,87.48179999999905,200,True,,100,10.3832108,41.45,87.05
root,GET,79.11370000000062,200,True,,100,10.3835948,41.45,87.05
root,GET,78.8814999999996,200,True,,100,10.38402,41.45,87.05
root,GET,76.34329999999956,200,True,,100,10.3861756,41.45,87.05
root,GET,75.87520000000048,200,True,,100,10.3864532,41.45,87.05
root,GET,75.43979999999983,200,True,,100,10.3866899,41.45,87.05
root,GET,83.12090000000083,200,True,,100,10.3869031,41.45,87.05
root,GET,75.0756999999993,200,True,,100,10.3871324,41.45,87.05
root,GET,82.82679999999942,200,True,,100,10.3873502,41.45,87.05
root,GET,82.92750000000026,200,True,,100,10.3875596,41.45,87.05
root,GET,82.57449999999977,200,True,,100,10.387771,41.45,87.05
root,GET,74.00059999999975,200,True,,100,10.3880072,41.45,87.05
root,GET,73.00359999999984,200,True,,100,10.3882162,41.45,87.05
root,GET,82.44070000000114,200,True,,100,10.3884522,41.45,87.05
root,GET,81.99079999999981,200,True,,100,10.3888035,41.45,87.05
root,GET,72.2832000000011,200,True,,100,10.3890655,41.45,87.05
root,GET,72.38629999999979,200,True,,100,10.3894535,41.45,87.05
root,GET,71.69239999999988,200,True,,100,10.3898354,41.45,87.05
root,GET,71.590500000001,200,True,,100,10.3901171,41.45,87.05
root,GET,70.56330000000166,200,True,,100,10.390441,41.45,87.05
root,GET,69.9974000000001,200,True,,100,10.3907846,41.45,87.05
root,GET,79.97439999999933,200,True,,100,10.391035,41.45,87.05
root,GET,80.5807999999999,200,True,,100,10.3915097,41.45,87.05
root,GET,79.57569999999947,200,True,,100,10.3922194,41.45,87.05
root,GET,79.02619999999949,200,True,,100,10.3926213,41.45,87.05
root,GET,78.18400000000025,200,True,,100,10.3933223,41.45,87.05
root,GET,77.57699999999979,200,True,,100,10.3938118,41.45,87.05
root,GET,77.96729999999918,200,True,,100,10.394225,41.45,87.05
root,GET,76.59109999999991,200,True,,100,10.394677,41.45,87.05
root,GET,76.11879999999971,200,True,,100,10.3950084,41.45,87.05
root,GET,77.42059999999995,200,True,,100,10.3953516,41.45,87.05
root,GET,76.97619999999894,200,True,,100,10.3956893,41.45,87.05
root,GET,76.53649999999956,200,True,,100,10.3960293,41.45,87.05
root,GET,76.06600000000086,200,True,,100,10.3963778,41.45,87.05
root,GET,75.48519999999925,200,True,,100,10.3968077,41.45,87.05
root,GET,74.69009999999976,200,True,,100,10.3972511,41.45,87.05
root,GET,84.6069000000007,200,True,,100,10.3975631,41.45,87.05
root,GET,84.22340000000084,200,True,,100,10.397836,41.45,87.05
root,GET,84.17180000000002,200,True,,100,10.3981062,41.45,87.05
root,GET,84.20959999999944,200,True,,100,10.3983744,41.45,87.05
root,GET,84.01329999999874,200,True,,100,10.3986774,41.45,87.05
root,GET,82.62970000000003,200,True,,100,10.3989452,41.45,87.05
root,GET,82.1278999999997,200,True,,100,10.3992013,41.45,87.05
root,GET,82.43779999999923,200,True,,100,10.3994598,41.45,87.05
root,GET,82.72909999999989,200,True,,100,10.3997098,41.45,87.05
root,GET,80.79120000000017,200,True,,100,10.3999565,41.45,87.05
root,GET,80.84760000000024,200,True,,100,10.4003447,41.45,87.05
root,GET,79.71839999999908,200,True,,100,10.4006307,41.45,87.05
root,GET,81.87580000000061,200,True,,100,10.4009211,41.45,87.05
root,GET,80.53590000000099,200,True,,100,10.4012017,41.45,87.05
root,GET,79.48990000000045,200,True,,100,10.4014834,41.45,87.05
root,GET,79.3146999999994,200,True,,100,10.4017686,41.45,87.05
root,GET,78.82269999999991,200,True,,100,10.4020439,41.45,87.05
root,GET,78.31969999999977,200,True,,100,10.4023156,41.45,87.05
root,GET,78.8568999999999,200,True,,100,10.4025869,41.45,87.05
root,GET,77.62819999999948,200,True,,100,10.4028778,41.45,87.05
root,GET,87.68039999999999,200,True,,100,10.4031654,41.45,87.05
root,GET,87.10229999999974,200,True,,100,10.4036036,41.45,87.05
root,GET,66.79150000000078,200,True,,100,10.4330872,41.45,87.05
root,GET,66.68079999999854,200,True,,100,10.4335105,41.45,87.05
root,GET,66.0102000000009,200,True,,100,10.4339766,41.45,87.05
root,GET,65.42980000000043,200,True,,100,10.4343214,41.45,87.05
root,GET,65.49859999999974,200,True,,100,10.4345922,41.45,87.05
root,GET,64.70629999999922,200,True,,100,10.434886,41.45,87.05
root,GET,64.58760000000119,200,True,,100,10.4430325,41.45,87.05
root,GET,64.3577000000004,200,True,,100,10.4434122,41.45,87.05
root,GET,64.15570000000059,200,True,,100,10.4437115,41.45,87.05
root,GET,63.46510000000016,200,True,,100,10.4439893,41.45,87.05
root,GET,62.69829999999921,200,True,,100,10.444264,41.45,87.05
root,GET,62.60329999999925,200,True,,100,10.4445454,41.45,87.05
root,GET,62.5119999999999,200,True,,100,10.4447944,41.45,87.05
root,GET,67.17000000000084,200,True,,100,10.4450525,41.45,87.05
root,GET,67.55279999999964,200,True,,100,10.4453362,41.45,87.05
root,GET,66.81840000000072,200,True,,100,10.4456189,41.45,87.05
root,GET,66.91619999999965,200,True,,100,10.445872,41.45,87.05
root,GET,66.39960000000045,200,True,,100,10.4462853,41.45,87.05
root,GET,66.0065000000003,200,True,,100,10.4465678,41.45,87.05
root,GET,74.17319999999883,200,True,,100,10.4468098,41.45,87.05
root,GET,74.96800000000015,200,True,,100,10.4470492,41.45,87.05
root,GET,74.1543,200,True,,100,10.4473986,41.45,87.05
root,GET,72.98880000000096,200,True,,100,10.4477909,41.45,87.05
root,GET,75.0187000000011,200,True,,100,10.4524373,41.45,87.05
root,GET,69.85049999999937,200,True,,100,10.4527099,41.45,87.05
root,GET,69.49860000000108,200,True,,100,10.4529369,41.45,87.05
root,GET,68.97540000000113,200,True,,100,10.4533236,41.45,87.05
root,GET,68.39590000000051,200,True,,100,10.4537652,41.45,87.05
root,GET,67.68290000000121,200,True,,100,10.4540411,41.45,87.05
root,GET,67.58240000000093,200,True,,100,10.4542878,41.45,87.05
root,GET,66.67359999999967,200,True,,100,10.4545334,41.45,87.05
root,GET,76.16339999999866,200,True,,100,10.4547661,41.45,87.05
root,GET,77.92910000000042,200,True,,100,10.4549858,41.45,87.05
root,GET,77.90639999999982,200,True,,100,10.4552267,41.45,87.05
root,GET,77.81320000000136,200,True,,100,10.4554532,41.45,87.05
root,GET,77.32760000000027,200,True,,100,10.4556735,41.45,87.05
root,GET,76.8930000000001,200,True,,100,10.4558854,41.45,87.05
root,GET,76.49720000000038,200,True,,100,10.4561315,41.45,87.05
root,GET,76.02879999999956,200,True,,100,10.4563974,41.45,87.05
root,GET,75.00989999999952,200,True,,100,10.456657,41.45,87.05
root,GET,74.56320000000005,200,True,,100,10.4569054,41.45,87.05
root,GET,66.39780000000073,200,True,,100,10.4654431,41.45,87.05
root,GET,66.0847000000011,200,True,,100,10.4659041,41.45,87.05
root,GET,72.24520000000112,200,True,,100,10.466308,41.45,87.05
root,GET,72.37229999999961,200,True,,100,10.4666894,41.45,87.05
root,GET,72.69699999999979,200,True,,100,10.4670529,41.45,87.05
root,GET,70.96929999999979,200,True,,100,10.4673743,41.45,87.05
root,GET,71.95590000000074,200,True,,100,10.4676659,41.45,87.05
root,GET,71.41219999999926,200,True,,100,10.4679532,41.45,87.05
root,GET,70.51079999999921,200,True,,100,10.4682378,41.45,87.05
root,GET,71.02849999999883,200,True,,100,10.4684836,41.45,87.05
root,GET,70.20289999999996,200,True,,100,10.4687233,41.45,87.05
root,GET,69.1227000000012,200,True,,100,10.4690061,41.45,87.05
root,GET,69.91099999999939,200,True,,100,10.4693204,41.45,87.05
root,GET,68.26769999999982,200,True,,100,10.4696144,41.45,87.05
root,GET,75.72889999999965,200,True,,100,10.4744277,41.45,87.05
root,GET,75.21550000000055,200,True,,100,10.4747183,41.45,87.05
root,GET,70.69779999999959,200,True,,100,10.4749531,41.45,87.05
root,GET,70.3686999999995,200,True,,100,10.4751756,41.45,87.05
root,GET,70.01980000000074,200,True,,100,10.4754177,41.45,87.05
root,GET,69.56090000000081,200,True,,100,10.4756685,41.45,87.05
root,GET,69.20539999999953,200,True,,100,10.475902,41.45,87.05
root,GET,69.21770000000116,200,True,,100,10.4761163,41.45,87.05
root,GET,68.57049999999987,200,True,,100,10.4764481,41.45,87.05
root,GET,67.91459999999994,200,True,,100,10.4766776,41.45,87.05
root,GET,67.94490000000053,200,True,,100,10.4768872,41.45,87.05
root,GET,67.16869999999986,200,True,,100,10.4770907,41.45,87.05
root,GET,66.60470000000096,200,True,,100,10.4773172,41.45,87.05
root,GET,76.99359999999977,200,True,,100,10.4775255,41.45,87.05
root,GET,76.56780000000118,200,True,,100,10.4777268,41.45,87.05
root,GET,78.64980000000088,200,True,,100,10.477922,41.45,87.05
root,GET,78.09030000000128,200,True,,100,10.4781252,41.45,87.05
root,GET,76.58089999999973,200,True,,100,10.478329,41.45,87.05
root,GET,75.61010000000046,200,True,,100,10.4791089,41.45,87.05
root,GET,77.04969999999989,200,True,,100,10.4793481,41.45,87.05
root,GET,75.93529999999937,200,True,,100,10.4795584,41.45,87.05
root,GET,76.23270000000026,200,True,,100,10.4797669,41.45,87.05
root,GET,75.83859999999909,200,True,,100,10.479976,41.45,87.05
root,GET,71.9335000000001,200,True,,100,10.4836914,41.45,87.05
root,GET,71.10570000000038,200,True,,100,10.4841768,41.45,87.05
root,GET,70.17180000000067,200,True,,100,10.4849252,41.45,87.05
root,GET,71.47269999999928,200,True,,100,10.4852638,41.45,87.05
root,GET,72.9148999999989,200,True,,100,10.4855861,41.45,87.05
root,GET,72.0414999999992,200,True,,100,10.4859597,41.45,87.05
root,GET,87.32200000000034,200,True,,100,10.486326,41.45,87.05
root,GET,72.24399999999953,200,True,,100,10.4866711,41.45,87.05
root,GET,70.69179999999875,200,True,,100,10.4870002,41.45,87.05
root,GET,69.70710000000047,200,True,,100,10.4873548,41.45,87.05
root,GET,85.79069999999867,200,True,,100,10.4876815,41.45,87.05
root,GET,71.14340000000041,200,True,,100,10.4879231,41.45,87.05
root,GET,70.17290000000109,200,True,,100,10.488171,41.45,87.05
root,GET,70.23410000000041,200,True,,100,10.4884231,41.45,87.05
root,GET,68.72290000000092,200,True,,100,10.4886594,41.45,87.05
root,GET,69.29380000000052,200,True,,100,10.488892,41.45,87.05
root,GET,69.69030000000132,200,True,,100,10.4891204,41.45,87.05
root,GET,68.1604999999994,200,True,,100,10.4893778,41.45,87.05
root,GET,67.21839999999979,200,True,,100,10.490005,41.45,87.05
root,GET,66.65910000000075,200,True,,100,10.4902406,41.45,87.05
root,GET,66.45269999999925,200,True,,100,10.4913942,41.45,87.05
root,GET,67.59070000000023,200,True,,100,10.4916293,41.45,87.05
root,GET,77.93039999999962,200,True,,100,10.5002367,41.45,87.05
root,GET,77.35669999999928,200,True,,100,10.5006055,41.45,87.05
root,GET,76.89529999999856,200,True,,100,10.5008475,41.45,87.05
root,GET,76.42940000000031,200,True,,100,10.5010595,41.45,87.05
root,GET,77.1052000000001,200,True,,100,10.5012615,41.45,87.05
root,GET,77.07249999999988,200,True,,100,10.5014838,41.45,87.05
root,GET,71.60799999999945,200,True,,100,10.5079264,41.45,87.05
root,GET,70.85840000000054,200,True,,100,10.5083364,41.45,87.05
root,GET,71.24559999999924,200,True,,100,10.5085893,41.45,87.05
root,GET,69.93280000000013,200,True,,100,10.5088066,41.45,87.05
root,GET,69.97959999999992,200,True,,100,10.5089983,41.45,87.05
root,GET,75.91150000000013,200,True,,100,10.5091816,41.45,87.05
root,GET,76.09889999999986,200,True,,100,10.5093612,41.45,87.05
root,GET,72.36699999999985,200,True,,100,10.512935,41.45,87.05
root,GET,72.36310000000046,200,True,,100,10.5133777,41.45,87.05
root,GET,71.82229999999912,200,True,,100,10.5137874,41.45,87.05
root,GET,76.29749999999902,200,True,,100,10.5141009,41.45,87.05
root,GET,77.01600000000042,200,True,,100,10.5143563,41.45,87.05
root,GET,76.0784999999995,200,True,,100,10.5147935,41.45,87.05
root,GET,77.74750000000097,200,True,,100,10.5227039,41.45,87.05
root,GET,77.37589999999983,200,True,,100,10.5232843,41.45,87.05
root,GET,69.7416999999998,200,True,,100,10.5235844,41.45,87.05
root,GET,76.71530000000004,200,True,,100,10.5238612,41.45,87.05
root,GET,68.56439999999964,200,True,,100,10.5241217,41.45,87.05
root,GET,68.47989999999982,200,True,,100,10.524369,41.45,87.05
root,GET,68.35829999999987,200,True,,100,10.5246213,41.45,87.05
root,GET,66.5742999999992,200,True,,100,10.5255773,41.45,87.05
root,GET,65.85709999999878,200,True,,100,10.5259978,41.45,87.05
root,GET,64.93700000000047,200,True,,100,10.5266738,41.45,87.05
root,GET,77.0073,200,True,,100,10.5270453,41.45,87.05
root,GET,76.2576000000017,200,True,,100,10.5281297,41.45,87.05
root,GET,78.27750000000044,200,True,,100,10.5335161,41.45,87.05
root,GET,78.1881999999996,200,True,,100,10.5338904,41.45,87.05
root,GET,77.21719999999976,200,True,,100,10.5342577,41.45,87.05
root,GET,76.63980000000059,200,True,,100,10.5345154,41.45,87.05
root,GET,76.07649999999921,200,True,,100,10.5347501,41.45,87.05
root,GET,75.55099999999904,200,True,,100,10.5349748,41.45,87.05
root,GET,74.38099999999892,200,True,,100,10.5351885,41.45,87.05
root,GET,74.82060000000068,200,True,,100,10.5353996,41.45,87.05
root,GET,74.22490000000082,200,True,,100,10.5356049,41.45,87.05
root,GET,74.22580000000067,200,True,,100,10.5358375,41.45,87.05
root,GET,73.1774999999999,200,True,,100,10.536042,41.45,87.05
root,GET,76.99490000000075,200,True,,100,10.5362377,41.45,87.05
root,GET,73.0000000000004,200,True,,100,10.5406718,41.45,87.05
root,GET,72.27289999999975,200,True,,100,10.5411223,41.45,87.05
root,GET,71.22969999999995,200,True,,100,10.541429,41.45,87.05
root,GET,71.22399999999907,200,True,,100,10.5417167,41.45,87.05
root,GET,70.39849999999959,200,True,,100,10.5419529,41.45,87.05
root,GET,90.8680000000004,200,True,,100,10.5421897,41.45,87.05
root,GET,89.51330000000013,200,True,,100,10.5424304,41.45,87.05
root,GET,88.23759999999936,200,True,,100,10.5426698,41.45,87.05
root,GET,89.85440000000011,200,True,,100,10.5429043,41.45,87.05
root,GET,89.32699999999905,200,True,,100,10.5431144,41.45,87.05
root,GET,88.20059999999863,200,True,,100,10.5433137,41.45,87.05
root,GET,87.70089999999975,200,True,,100,10.5435266,41.45,87.05
root,GET,87.39440000000087,200,True,,100,10.5461558,41.45,87.05
root,GET,86.79139999999919,200,True,,100,10.5464687,41.45,87.05
root,GET,100.38830000000054,200,True,,100,10.5467357,41.45,87.05
root,GET,99.87480000000026,200,True,,100,10.5470453,41.45,87.05
root,GET,99.20400000000029,200,True,,100,10.5473667,41.45,87.05
root,GET,98.26649999999937,200,True,,100,10.5476829,41.45,87.05
root,GET,97.5950000000001,200,True,,100,10.5480501,41.45,87.05
root,GET,97.02670000000069,200,True,,100,10.5483897,41.45,87.05
root,GET,97.70959999999995,200,True,,100,10.548725,41.45,87.05
root,GET,96.09490000000065,200,True,,100,10.5490563,41.45,87.05
root,GET,95.41069999999863,200,True,,100,10.5493827,41.45,87.05
root,GET,96.25370000000011,200,True,,100,10.5512849,41.45,87.05
root,GET,95.7410000000003,200,True,,100,10.5515907,41.45,87.05
root,GET,86.3119999999995,200,True,,100,10.5598984,41.45,87.05
root,GET,86.03130000000014,200,True,,100,10.560684,41.45,87.05
root,GET,86.58219999999872,200,True,,100,10.5613872,41.45,87.05
root,GET,86.06900000000017,200,True,,100,10.5616693,41.45,87.05
root,GET,125.12740000000022,200,True,,100,10.5619237,41.45,87.05
root,GET,122.75860000000094,200,True,,100,10.5621648,41.45,87.05
root,GET,86.13350000000075,200,True,,100,10.5623934,41.45,87.05
root,GET,124.18710000000033,200,True,,100,10.5625843,41.45,87.05
root,GET,85.55730000000139,200,True,,100,10.5627702,41.45,87.05
root,GET,123.51450000000064,200,True,,100,10.5629604,41.45,87.05
root,GET,122.94849999999968,200,True,,100,10.5631809,41.45,87.05
root,GET,121.06810000000046,200,True,,100,10.5634401,41.45,87.05
root,GET,122.20120000000101,200,True,,100,10.5636496,41.45,87.05
root,GET,84.78679999999983,200,True,,100,10.5638592,41.45,87.05
root,GET,121.15619999999971,200,True,,100,10.5640687,41.45,87.05
root,GET,83.87869999999964,200,True,,100,10.5642922,41.45,87.05
root,GET,120.88050000000017,200,True,,100,10.5646648,41.45,87.05
root,GET,126.39729999999894,200,True,,100,10.5648934,41.45,87.05
root,GET,122.74260000000048,200,True,,100,10.567606,41.45,87.05
root,GET,123.02800000000147,200,True,,100,10.5681041,41.45,87.05
root,GET,122.42270000000133,200,True,,100,10.5685463,41.45,87.05
root,GET,121.720100000001,200,True,,100,10.5689844,41.45,87.05
root,GET,120.58290000000049,200,True,,100,10.570227,41.45,87.05
root,GET,119.74339999999906,200,True,,100,10.5707956,41.45,87.05
root,GET,118.35609999999974,200,True,,100,10.5715738,41.45,87.05
root,GET,118.0841000000008,200,True,,100,10.572063,41.45,87.05
root,GET,117.36729999999973,200,True,,100,10.5723603,41.45,87.05
root,GET,116.91800000000008,200,True,,100,10.5726113,41.45,87.05
root,GET,115.80340000000078,200,True,,100,10.5728257,41.45,87.05
root,GET,116.13069999999936,200,True,,100,10.5730362,41.45,87.05
root,GET,157.06630000000033,200,True,,100,10.5745097,41.45,87.05
root,GET,157.25370000000004,200,True,,100,10.5753379,41.45,87.05
root,GET,153.3760000000015,200,True,,100,10.5804719,41.45,87.05
root,GET,152.26900000000043,200,True,,100,10.5809569,41.45,87.05
root,GET,152.01180000000036,200,True,,100,10.5814474,41.45,87.05
root,GET,151.57940000000104,200,True,,100,10.5820098,41.45,87.05
root,GET,150.53789999999978,200,True,,100,10.5823985,41.45,87.05
root,GET,149.17669999999993,200,True,,100,10.5827342,41.45,87.05
root,GET,149.17850000000143,200,True,,100,10.5830545,41.45,87.05
root,GET,365.4221,200,True,,100,10.5833674,41.45,87.05
root,GET,170.19870000000026,200,True,,100,10.5837174,41.45,87.05
root,GET,170.2894999999991,200,True,,100,10.5842316,41.45,87.05
root,GET,168.70510000000039,200,True,,100,10.5845869,41.45,87.05
root,GET,169.47199999999896,200,True,,100,10.5860958,41.45,87.05
root,GET,168.89029999999929,200,True,,100,10.5863797,41.45,87.05
root,GET,168.14800000000042,200,True,,100,10.5866183,41.45,87.05
root,GET,168.16799999999967,200,True,,100,10.5868385,41.45,87.05
root,GET,166.58040000000085,200,True,,100,10.5870527,41.45,87.05
root,GET,160.66439999999994,200,True,,100,10.5935696,41.45,87.05
root,GET,161.63610000000085,200,True,,100,10.5942674,41.45,87.05
root,GET,163.02739999999892,200,True,,100,10.5949752,41.45,87.05
root,GET,160.9909000000016,200,True,,100,10.5956044,41.45,87.05
root,GET,159.90869999999902,200,True,,100,10.5963448,41.45,87.05
root,GET,160.81860000000069,200,True,,100,10.5968545,41.45,87.05
root,GET,159.54539999999895,200,True,,100,10.5973289,41.45,87.05
root,GET,162.37560000000073,200,True,,100,10.5978467,41.45,87.05
root,GET,160.46809999999923,200,True,,100,10.5982538,41.45,87.05
root,GET,159.71320000000054,200,True,,100,10.5986563,41.45,87.05
root,GET,160.6531000000011,200,True,,100,10.6012309,41.45,87.05
root,GET,159.21870000000027,200,True,,100,10.601823,41.45,87.05
root,GET,158.15920000000006,200,True,,100,10.6024756,41.45,87.05
root,GET,157.26189999999997,200,True,,100,10.6050935,41.45,87.05
root,GET,156.18929999999943,200,True,,100,10.6059491,41.45,87.05
root,GET,148.45610000000065,200,True,,100,10.6141034,41.45,87.05
root,GET,155.96440000000024,200,True,,100,10.6148724,41.45,87.05
root,GET,154.8955000000003,200,True,,100,10.6155004,41.45,87.05
root,GET,147.95469999999966,200,True,,100,10.6161595,41.45,87.05
root,GET,152.85300000000035,200,True,,100,10.6168087,41.45,87.05
root,GET,146.99400000000117,200,True,,100,10.6176111,41.45,87.05
root,GET,145.2307000000008,200,True,,100,10.6181617,41.45,87.05
root,GET,146.44610000000034,200,True,,100,10.6187873,41.45,87.05
root,GET,143.69350000000125,200,True,,100,10.6194879,41.45,87.05
root,GET,141.3270999999998,200,True,,100,10.6216408,41.45,87.05
root,GET,140.37470000000064,200,True,,100,10.6223833,41.45,87.05
root,GET,149.2263000000005,200,True,,100,10.6231084,41.45,87.05
root,GET,150.65180000000032,200,True,,100,10.6237958,41.45,87.05
root,GET,147.01359999999931,200,True,,100,10.6243675,41.45,87.05
root,GET,147.8818999999998,200,True,,100,10.6248813,41.45,87.05
root,GET,146.48389999999978,200,True,,100,10.6253906,41.45,87.05
root,GET,361.4554000000005,200,True,,100,10.6259052,41.45,87.05
root,GET,137.5145,200,True,,100,10.6371035,41.45,87.05
root,GET,159.78660000000033,200,True,,100,10.6387615,41.45,87.05
root,GET,158.86770000000007,200,True,,100,10.6394578,41.45,87.05
root,GET,158.40940000000003,200,True,,100,10.6400503,41.45,87.05
root,GET,157.2104000000003,200,True,,100,10.6409296,41.45,87.05
root,GET,157.32699999999866,200,True,,100,10.641633,41.45,87.05
root,GET,156.36610000000138,200,True,,100,10.64233,41.45,87.05
root,GET,156.31549999999982,200,True,,100,10.6429489,41.45,87.05
root,GET,155.9747999999992,200,True,,100,10.6435472,41.45,87.05
root,GET,146.95660000000112,200,True,,100,10.6524387,41.45,87.05
root,GET,145.23229999999998,200,True,,100,10.6538901,41.45,87.05
root,GET,144.93739999999988,200,True,,100,10.6550816,41.45,87.05
root,GET,143.30359999999942,200,True,,100,10.6563365,41.45,87.05
root,GET,142.96529999999842,200,True,,100,10.6569265,41.45,87.05
root,GET,142.20919999999992,200,True,,100,10.6575533,41.45,87.05
root,GET,141.45399999999952,200,True,,100,10.6586896,41.45,87.05
root,GET,140.95569999999924,200,True,,100,10.659408,41.45,87.05
root,GET,138.46170000000058,200,True,,100,10.6617912,41.45,87.05
root,GET,134.53849999999966,200,True,,100,10.66629,41.45,87.05
root,GET,129.80650000000082,200,True,,100,10.6709187,41.45,87.05
root,GET,128.88940000000025,200,True,,100,10.6715889,41.45,87.05
root,GET,128.4567999999986,200,True,,100,10.6721596,41.45,87.05
root,GET,128.23200000000057,200,True,,100,10.6727017,41.45,87.05
root,GET,126.22569999999911,200,True,,100,10.6749133,41.45,87.05
root,GET,125.19969999999958,200,True,,100,10.6758375,41.45,87.05
root,GET,135.50769999999977,200,True,,100,10.6765357,41.45,87.05
root,GET,134.57769999999948,200,True,,100,10.6771594,41.45,87.05
root,GET,131.0076999999996,200,True,,100,10.6805014,41.45,87.05
root,GET,112.92910000000056,200,True,,100,10.6992491,41.45,87.05
root,GET,110.79020000000028,200,True,,100,10.7024515,41.45,87.05
root,GET,109.90279999999863,200,True,,100,10.7031901,41.45,87.05
root,GET,108.86999999999958,200,True,,100,10.7037349,41.45,87.05
root,GET,107.48060000000059,200,True,,100,10.7053126,41.45,87.05
root,GET,106.33930000000014,200,True,,100,10.7060535,41.45,87.05
root,GET,106.15340000000018,200,True,,100,10.7067919,41.45,87.05
root,GET,118.61989999999878,200,True,,100,10.7074636,41.45,87.05
root,GET,118.24679999999965,200,True,,100,10.7079868,41.45,87.05
root,GET,118.06239999999946,200,True,,100,10.7084206,41.45,87.05
root,GET,116.70870000000022,200,True,,100,10.7096759,41.45,87.05
root,GET,115.50079999999951,200,True,,100,10.71025,41.45,87.05
root,GET,115.12970000000067,200,True,,100,10.7107979,41.45,87.05
root,GET,111.13860000000031,200,True,,100,10.7155202,41.45,87.05
root,GET,109.91719999999994,200,True,,100,10.7166533,41.45,87.05
root,GET,109.42840000000054,200,True,,100,10.7173257,41.45,87.05
root,GET,104.81150000000028,200,True,,100,10.7227179,41.45,87.05
root,GET,103.85310000000025,200,True,,100,10.7233003,41.45,87.05
root,GET,102.59789999999924,200,True,,100,10.7247468,41.45,87.05
root,GET,99.91199999999978,200,True,,100,10.7270501,41.45,87.05
root,GET,99.91969999999917,200,True,,100,10.7277242,41.45,87.05
root,GET,99.34819999999966,200,True,,100,10.7283852,41.45,87.05
root,GET,83.6895000000002,200,True,,100,10.744795,41.45,87.05
root,GET,81.50559999999984,200,True,,100,10.7474591,41.45,87.05
root,GET,80.55079999999926,200,True,,100,10.7482311,41.45,87.05
root,GET,79.395400000001,200,True,,100,10.7492334,41.45,87.05
root,GET,77.95229999999975,200,True,,100,10.7499517,41.45,87.05
root,GET,77.59610000000094,200,True,,100,10.7506235,41.45,87.05
root,GET,76.7875999999994,200,True,,100,10.7512252,41.45,87.05
root,GET,356.5567000000005,200,True,,100,10.7517818,41.45,87.05
root,GET,75.97209999999954,200,True,,100,10.7523754,41.45,87.05
root,GET,128.17109999999943,200,True,,100,10.7787871,41.45,87.05
root,GET,110.4869000000015,200,True,,100,10.7798299,41.45,87.05
root,GET,109.28689999999897,200,True,,100,10.7806215,41.45,87.05
root,GET,111.08860000000043,200,True,,100,10.7811297,41.45,87.05
root,GET,107.76590000000041,200,True,,100,10.7815446,41.45,87.05
root,GET,107.64490000000038,200,True,,100,10.7819365,41.45,87.05
root,GET,137.38649999999984,200,True,,100,10.7823296,41.45,87.05
root,GET,135.2523000000012,200,True,,100,10.7826849,41.45,87.05
root,GET,123.57880000000065,200,True,,100,10.7830546,41.45,87.05
root,GET,119.0736999999995,200,True,,100,10.7835128,41.45,87.05
root,GET,119.68970000000034,200,True,,100,10.7839344,41.45,87.05
root,GET,130.93310000000002,200,True,,100,10.7844077,41.45,87.05
root,GET,117.48419999999982,200,True,,100,10.7847889,41.45,87.05
root,GET,117.64759999999974,200,True,,100,10.7852082,41.45,87.05
root,GET,119.26059999999872,200,True,,100,10.7856257,41.45,87.05
root,GET,105.04590000000036,200,True,,100,10.7861263,41.45,87.05
root,GET,133.99940000000043,200,True,,100,10.7865941,41.45,87.05
root,GET,130.74600000000027,200,True,,100,10.7869675,41.45,87.05
root,GET,104.04250000000026,200,True,,100,10.788608,41.45,87.05
root,GET,125.46129999999955,200,True,,100,10.7890984,41.45,87.05
root,GET,128.66510000000096,200,True,,100,10.7895039,41.45,87.05
root,GET,126.53099999999995,200,True,,100,10.789996,41.45,87.05
root,GET,101.01099999999974,200,True,,100,10.7906244,41.45,87.05
root,GET,100.3652000000006,200,True,,100,10.7910492,41.45,87.05
root,GET,97.1972000000001,200,True,,100,10.7914089,41.45,87.05
root,GET,125.65320000000035,200,True,,100,10.7918325,41.45,87.05
root,GET,115.51070000000152,200,True,,100,10.7925262,41.45,87.05
root,GET,110.47989999999963,200,True,,100,10.7929033,41.45,87.05
root,GET,113.20540000000001,200,True,,100,10.7932344,41.45,87.05
root,GET,112.73669999999925,200,True,,100,10.7935444,41.45,87.05
root,GET,113.94929999999981,200,True,,100,10.7942766,41.45,87.05
root,GET,369.9217000000008,200,True,,100,10.7945921,41.45,87.05
root,GET,369.2831999999999,200,True,,100,10.7954242,41.45,87.05
root,GET,368.5313000000008,200,True,,100,10.7957314,41.45,87.05
root,GET,110.78230000000033,200,True,,100,10.7960078,41.45,87.05
root,GET,106.70689999999894,200,True,,100,10.7964306,41.45,87.05
root,GET,124.40080000000009,200,True,,100,10.7967578,41.45,87.05
root,GET,94.89059999999938,200,True,,100,10.7970612,41.45,87.05
root,GET,91.64619999999957,200,True,,100,10.7973558,41.45,87.05
root,GET,108.10819999999843,200,True,,100,10.7976351,41.45,87.05
root,GET,101.20320000000049,200,True,,100,10.8027565,41.45,87.05
root,GET,101.3768000000006,200,True,,100,10.8030973,41.45,87.05
root,GET,102.57930000000037,200,True,,100,10.8033615,41.45,87.05
root,GET,103.56630000000067,200,True,,100,10.8036134,41.45,87.05
root,GET,102.26539999999851,200,True,,100,10.8038535,41.45,87.05
root,GET,101.25260000000047,200,True,,100,10.8040913,41.45,87.05
root,GET,104.45330000000119,200,True,,100,10.8043252,41.45,87.05
root,GET,97.20510000000004,200,True,,100,10.8047788,41.45,87.05
root,GET,112.18530000000015,200,True,,100,10.8050554,41.45,87.05
root,GET,103.7517999999995,200,True,,100,10.8053264,41.45,87.05
root,GET,101.82689999999894,200,True,,100,10.8055722,41.45,87.05
root,GET,102.56889999999963,200,True,,100,10.8058035,41.45,87.05
root,GET,99.5254999999986,200,True,,100,10.8060354,41.45,87.05
root,GET,102.57159999999921,200,True,,100,10.8062923,41.45,87.05
root,GET,110.42400000000008,200,True,,100,10.8065645,41.45,87.05
root,GET,109.224600000001,200,True,,100,10.8068102,41.45,87.05
root,GET,98.09330000000038,200,True,,100,10.8070305,41.45,87.05
root,GET,100.51879999999969,200,True,,100,10.8073048,41.45,87.05
root,GET,100.0122000000001,200,True,,100,10.8085653,41.45,87.05
root,GET,98.65540000000017,200,True,,100,10.8089542,41.45,87.05
root,GET,81.36939999999981,200,True,,100,10.8094089,41.45,87.05
root,GET,91.81929999999916,200,True,,100,10.8098413,41.45,87.05
root,GET,90.75590000000133,200,True,,100,10.8102714,41.45,87.05
root,GET,81.59159999999943,200,True,,100,10.8108438,41.45,87.05
root,GET,362.8613000000005,200,True,,100,10.8142558,41.45,87.05
root,GET,374.1482999999999,200,True,,100,10.8147412,41.45,87.05
root,GET,361.666099999999,200,True,,100,10.8151536,41.45,87.05
root,GET,112.70619999999987,200,True,,100,10.8156011,41.45,87.05
root,GET,112.82229999999949,200,True,,100,10.8160177,41.45,87.05
root,GET,110.97540000000095,200,True,,100,10.8164626,41.45,87.05
root,GET,111.99809999999921,200,True,,100,10.8170526,41.45,87.05
root,GET,108.23450000000001,200,True,,100,10.8176122,41.45,87.05
root,GET,105.302,200,True,,100,10.8179725,41.45,87.05
root,GET,103.60550000000046,200,True,,100,10.8182616,41.45,87.05
root,GET,100.4170000000002,200,True,,100,10.8291835,41.45,87.05
root,GET,99.48270000000115,200,True,,100,10.8298057,41.45,87.05
root,GET,108.10790000000026,200,True,,100,10.8300893,41.45,87.05
root,GET,107.6516999999999,200,True,,100,10.8303535,41.45,87.05
root,GET,105.62140000000042,200,True,,100,10.8306086,41.45,87.05
root,GET,102.96860000000052,200,True,,100,10.8308579,41.45,87.05
root,GET,99.73179999999893,200,True,,100,10.831096,41.45,87.05
root,GET,106.26599999999975,200,True,,100,10.8313352,41.45,87.05
root,GET,98.28189999999992,200,True,,100,10.8315869,41.45,87.05
root,GET,104.86190000000128,200,True,,100,10.8318193,41.45,87.05
root,GET,101.3370000000009,200,True,,100,10.8320461,41.45,87.05
root,GET,102.7553000000001,200,True,,100,10.8323052,41.45,87.05
root,GET,100.34229999999944,200,True,,100,10.8325397,41.45,87.05
root,GET,101.76159999999967,200,True,,100,10.8327626,41.45,87.05
root,GET,97.45179999999998,200,True,,100,10.8329832,41.45,87.05
root,GET,102.74669999999908,200,True,,100,10.833206,41.45,87.05
root,GET,102.18030000000056,200,True,,100,10.8334233,41.45,87.05
root,GET,98.58109999999876,200,True,,100,10.8336719,41.45,87.05
root,GET,95.77759999999991,200,True,,100,10.8343699,41.45,87.05
root,GET,275.8754999999997,200,True,,500,13.2198945,46.55,87.1
root,GET,275.32080000000116,200,True,,500,13.2206228,46.55,87.1
root,GET,274.44329999999974,200,True,,500,13.221166,46.55,87.1
root,GET,273.8056999999987,200,True,,500,13.2216406,46.55,87.1
root,GET,273.12729999999874,200,True,,500,13.2221094,46.55,87.1
root,GET,273.43360000000064,200,True,,500,13.2227036,46.55,87.1
root,GET,272.9947999999993,200,True,,500,13.2235192,46.55,87.1
root,GET,272.8266999999995,200,True,,500,13.2240295,46.55,87.1
root,GET,271.7989000000003,200,True,,500,13.2245281,46.55,87.1
root,GET,272.2111999999992,200,True,,500,13.2252504,46.55,87.1
root,GET,271.77769999999947,200,True,,500,13.2258338,46.55,87.1
root,GET,270.9182000000005,200,True,,500,13.2264313,46.55,87.1
root,GET,270.0018000000011,200,True,,500,13.2270227,46.55,87.1
root,GET,269.21039999999863,200,True,,500,13.2279785,46.55,87.1
root,GET,268.17319999999967,200,True,,500,13.2285099,46.55,87.1
root,GET,269.7005000000008,200,True,,500,13.2290639,46.55,87.1
root,GET,268.6534000000016,200,True,,500,13.229591,46.55,87.1
root,GET,267.6551000000007,200,True,,500,13.2300838,46.55,87.1
root,GET,268.0844000000011,200,True,,500,13.2305529,46.55,87.1
root,GET,268.0115999999995,200,True,,500,13.2310538,46.55,87.1
root,GET,267.0048000000005,200,True,,500,13.2315065,46.55,87.1
root,GET,266.93260000000055,200,True,,500,13.2319687,46.55,87.1
root,GET,265.41499999999905,200,True,,500,13.2324499,46.55,87.1
root,GET,265.2003000000001,200,True,,500,13.2329185,46.55,87.1
root,GET,264.66819999999916,200,True,,500,13.2337222,46.55,87.1
root,GET,263.80910000000137,200,True,,500,13.2341834,46.55,87.1
root,GET,264.5742000000002,200,True,,500,13.2346539,46.55,87.1
root,GET,265.85200000000066,200,True,,500,13.2351146,46.55,87.1
root,GET,265.2802000000012,200,True,,500,13.2355419,46.55,87.1
root,GET,265.14929999999913,200,True,,500,13.2359542,46.55,87.1
root,GET,264.3111999999999,200,True,,500,13.2363614,46.55,87.1
root,GET,263.7729000000011,200,True,,500,13.2367405,46.55,87.1
root,GET,263.1537000000002,200,True,,500,13.2371364,46.55,87.1
root,GET,262.550000000001,200,True,,500,13.237511,46.55,87.1
root,GET,261.12589999999966,200,True,,500,13.2384619,46.55,87.1
root,GET,261.5848000000014,200,True,,500,13.2408098,46.55,87.1
root,GET,260.82859999999994,200,True,,500,13.2418937,46.55,87.1
root,GET,259.53220000000067,200,True,,500,13.2430826,46.55,87.1
root,GET,258.2696000000002,200,True,,500,13.2435863,46.55,87.1
root,GET,258.0542999999995,200,True,,500,13.2442119,46.55,87.1
root,GET,257.74089999999995,200,True,,500,13.2447677,46.55,87.1
root,GET,255.7109000000004,200,True,,500,13.2456772,46.55,87.1
root,GET,254.5749999999991,200,True,,500,13.2466725,46.55,87.1
root,GET,254.28989999999985,200,True,,500,13.2473922,46.55,87.1
root,GET,254.36169999999868,200,True,,500,13.2477829,46.55,87.1
root,GET,253.14069999999944,200,True,,500,13.248393,46.55,87.1
root,GET,252.90999999999997,200,True,,500,13.2490965,46.55,87.1
root,GET,253.02180000000084,200,True,,500,13.2498872,46.55,87.1
root,GET,252.5063000000003,200,True,,500,13.2510989,46.55,87.1
root,GET,250.61709999999948,200,True,,500,13.2524884,46.55,87.1
root,GET,250.33429999999868,200,True,,500,13.2530411,46.55,87.1
root,GET,249.1448999999992,200,True,,500,13.2540949,46.55,87.1
root,GET,247.97940000000017,200,True,,500,13.2555141,46.55,87.1
root,GET,248.25449999999984,200,True,,500,13.2561532,46.55,87.1
root,GET,247.1370000000004,200,True,,500,13.2568652,46.55,87.1
root,GET,246.62819999999996,200,True,,500,13.2576162,46.55,87.1
root,GET,244.93290000000025,200,True,,500,13.2589467,46.55,87.1
root,GET,244.66559999999936,200,True,,500,13.2594559,46.55,87.1
root,GET,244.66959999999995,200,True,,500,13.2598703,46.55,87.1
root,GET,243.9745999999996,200,True,,500,13.2603519,46.55,87.1
root,GET,242.995800000001,200,True,,500,13.2607276,46.55,87.1
root,GET,244.45939999999842,200,True,,500,13.2614712,46.55,87.1
root,GET,243.77899999999997,200,True,,500,13.2619912,46.55,87.1
root,GET,244.3968999999999,200,True,,500,13.2624872,46.55,87.1
root,GET,243.15589999999963,200,True,,500,13.2629178,46.55,87.1
root,GET,242.6426999999993,200,True,,500,13.2639645,46.55,87.1
root,GET,241.45249999999942,200,True,,500,13.2650213,46.55,87.1
root,GET,240.79580000000078,200,True,,500,13.2659471,46.55,87.1
root,GET,238.49599999999958,200,True,,500,13.266301,46.55,87.1
root,GET,239.50980000000044,200,True,,500,13.266649,46.55,87.1
root,GET,237.71580000000014,200,True,,500,13.2669508,46.55,87.1
root,GET,238.22649999999967,200,True,,500,13.2672399,46.55,87.1
root,GET,237.43909999999957,200,True,,500,13.2675622,46.55,87.1
root,GET,238.4828999999993,200,True,,500,13.2678577,46.55,87.1
root,GET,237.49079999999978,200,True,,500,13.2681542,46.55,87.1
root,GET,236.64919999999867,200,True,,500,13.2685913,46.55,87.1
root,GET,239.3072000000007,200,True,,500,13.2692658,46.55,87.1
root,GET,237.9832999999998,200,True,,500,13.2703135,46.55,87.1
root,GET,238.99950000000024,200,True,,500,13.2707682,46.55,87.1
root,GET,237.88929999999908,200,True,,500,13.2714178,46.55,87.1
root,GET,237.32749999999925,200,True,,500,13.2718053,46.55,87.1
root,GET,235.00910000000096,200,True,,500,13.2721679,46.55,87.1
root,GET,235.0898999999984,200,True,,500,13.2725082,46.55,87.1
root,GET,234.62599999999867,200,True,,500,13.2728467,46.55,87.1
root,GET,234.18290000000042,200,True,,500,13.2731588,46.55,87.1
root,GET,235.5168999999986,200,True,,500,13.2734441,46.55,87.1
root,GET,234.290399999999,200,True,,500,13.2737303,46.55,87.1
root,GET,233.85609999999878,200,True,,500,13.2740231,46.55,87.1
root,GET,233.17730000000125,200,True,,500,13.2745471,46.55,87.1
root,GET,371.2093000000003,200,True,,500,13.2748568,46.55,87.1
root,GET,370.7580000000004,200,True,,500,13.2751137,46.55,87.1
root,GET,234.11709999999886,200,True,,500,13.2753688,46.55,87.1
root,GET,233.1519000000011,200,True,,500,13.2756224,46.55,87.1
root,GET,232.28340000000003,200,True,,500,13.2758734,46.55,87.1
root,GET,234.54080000000133,200,True,,500,13.2761164,46.55,87.1
root,GET,233.9374000000003,200,True,,500,13.2763903,46.55,87.1
root,GET,234.17579999999916,200,True,,500,13.2766502,46.55,87.1
root,GET,234.0074999999988,200,True,,500,13.2769571,46.55,87.1
root,GET,233.15299999999974,200,True,,500,13.2773462,46.55,87.1
root,GET,232.14139999999972,200,True,,500,13.2778624,46.55,87.1
root,GET,294.8207999999983,200,True,,500,13.2782855,46.55,87.1
root,GET,305.21820000000054,200,True,,500,13.2785339,46.55,87.1
root,GET,304.87099999999856,200,True,,500,13.278721,46.55,87.1
root,GET,304.54120000000097,200,True,,500,13.2788773,46.55,87.1
root,GET,304.1783999999996,200,True,,500,13.2790517,46.55,87.1
root,GET,305.2913000000004,200,True,,500,13.2792075,46.55,87.1
root,GET,307.2736000000003,200,True,,500,13.2793406,46.55,87.1
root,GET,306.5405999999999,200,True,,500,13.2794706,46.55,87.1
root,GET,306.2527999999993,200,True,,500,13.2795985,46.55,87.1
root,GET,305.9694000000004,200,True,,500,13.2797179,46.55,87.1
root,GET,305.6730000000005,200,True,,500,13.2798435,46.55,87.1
root,GET,303.93959999999964,200,True,,500,13.2799684,46.55,87.1
root,GET,307.54079999999993,200,True,,500,13.2800604,46.55,87.1
root,GET,307.6877000000007,200,True,,500,13.2801455,46.55,87.1
root,GET,304.1039999999988,200,True,,500,13.28025,46.55,87.1
root,GET,305.8458999999996,200,True,,500,13.2804751,46.55,87.1
root,GET,305.6044,200,True,,500,13.2805676,46.55,87.1
root,GET,305.8151999999996,200,True,,500,13.2806581,46.55,87.1
root,GET,306.36179999999945,200,True,,500,13.2807548,46.55,87.1
root,GET,303.25690000000094,200,True,,500,13.2808388,46.55,87.1
root,GET,305.8410000000009,200,True,,500,13.2809209,46.55,87.1
root,GET,303.78330000000096,200,True,,500,13.2810008,46.55,87.1
root,GET,308.9779000000004,200,True,,500,13.2810887,46.55,87.1
root,GET,308.265500000001,200,True,,500,13.2811744,46.55,87.1
root,GET,307.6352,200,True,,500,13.281258,46.55,87.1
root,GET,308.5038999999998,200,True,,500,13.2813405,46.55,87.1
root,GET,307.2903,200,True,,500,13.2814243,46.55,87.1
root,GET,303.8382000000013,200,True,,500,13.2815117,46.55,87.1
root,GET,307.61770000000155,200,True,,500,13.2816029,46.55,87.1
root,GET,303.2844000000008,200,True,,500,13.2816928,46.55,87.1
root,GET,303.3867000000008,200,True,,500,13.2817777,46.55,87.1
root,GET,306.6258000000008,200,True,,500,13.2818613,46.55,87.1
root,GET,302.15360000000044,200,True,,500,13.2820495,46.55,87.1
root,GET,322.32479999999873,200,True,,500,13.282137,46.55,87.1
root,GET,325.48180000000036,200,True,,500,13.2822421,46.55,87.1
root,GET,321.4126000000004,200,True,,500,13.2823306,46.55,87.1
root,GET,324.1800000000001,200,True,,500,13.2824133,46.55,87.1
root,GET,323.65759999999887,200,True,,500,13.2824921,46.55,87.1
root,GET,327.31390000000005,200,True,,500,13.2825712,46.55,87.1
root,GET,322.2106999999994,200,True,,500,13.2826523,46.55,87.1
root,GET,326.0394999999985,200,True,,500,13.2827341,46.55,87.1
root,GET,321.8177999999998,200,True,,500,13.2829154,46.55,87.1
root,GET,326.03560000000084,200,True,,500,13.2830067,46.55,87.1
root,GET,321.0658000000013,200,True,,500,13.283102,46.55,87.1
root,GET,324.2943,200,True,,500,13.2831983,46.55,87.1
root,GET,323.55410000000086,200,True,,500,13.2832879,46.55,87.1
root,GET,326.3771000000002,200,True,,500,13.2833764,46.55,87.1
root,GET,326.0045999999992,200,True,,500,13.2834608,46.55,87.1
root,GET,321.73069999999984,200,True,,500,13.2875921,46.55,87.1
root,GET,321.8336000000015,200,True,,500,13.287783,46.55,87.1
root,GET,320.5757000000009,200,True,,500,13.2879147,46.55,87.1
root,GET,322.3588999999993,200,True,,500,13.2880324,46.55,87.1
root,GET,322.12209999999965,200,True,,500,13.2881464,46.55,87.1
root,GET,321.8864000000003,200,True,,500,13.288252,46.55,87.1
root,GET,320.55150000000054,200,True,,500,13.2883613,46.55,87.1
root,GET,319.6805000000005,200,True,,500,13.2884634,46.55,87.1
root,GET,320.60889999999984,200,True,,500,13.2885676,46.55,87.1
root,GET,319.96089999999987,200,True,,500,13.2886661,46.55,87.1
root,GET,319.57719999999944,200,True,,500,13.2887691,46.55,87.1
root,GET,319.02509999999927,200,True,,500,13.2888692,46.55,87.1
root,GET,318.00720000000024,200,True,,500,13.2889835,46.55,87.1
root,GET,320.9344999999999,200,True,,500,13.2890791,46.55,87.1
root,GET,316.7287999999999,200,True,,500,13.2892328,46.55,87.1
root,GET,315.73009999999965,200,True,,500,13.2894179,46.55,87.1
root,GET,315.4356000000007,200,True,,500,13.2895822,46.55,87.1
root,GET,218.6476000000006,200,True,,500,13.3881029,46.55,87.1
root,GET,217.7415000000007,200,True,,500,13.3886165,46.55,87.1
root,GET,216.63919999999948,200,True,,500,13.3889318,46.55,87.1
root,GET,215.32160000000113,200,True,,500,13.3892496,46.55,87.1
root,GET,214.3738000000006,200,True,,500,13.3895202,46.55,87.1
root,GET,213.7867999999994,200,True,,500,13.3897802,46.55,87.1
root,GET,220.50149999999923,200,True,,500,13.3900172,46.55,87.1
root,GET,217.76340000000084,200,True,,500,13.390231,46.55,87.1
root,GET,230.3001000000009,200,True,,500,13.3904994,46.55,87.1
root,GET,229.12510000000097,200,True,,500,13.3907671,46.55,87.1
root,GET,229.2107999999988,200,True,,500,13.3910426,46.55,87.1
root,GET,227.25759999999974,200,True,,500,13.3915756,46.55,87.1
root,GET,226.68979999999905,200,True,,500,13.3924713,46.55,87.1
root,GET,226.25589999999994,200,True,,500,13.3930703,46.55,87.1
root,GET,225.9890999999996,200,True,,500,13.3934908,46.55,87.1
root,GET,225.14060000000137,200,True,,500,13.3938651,46.55,87.1
root,GET,225.16850000000056,200,True,,500,13.3945986,46.55,87.1
root,GET,224.6649000000005,200,True,,500,13.3949482,46.55,87.1
root,GET,226.50490000000013,200,True,,500,13.3952641,46.55,87.1
root,GET,225.84969999999947,200,True,,500,13.3955369,46.55,87.1
root,GET,225.17219999999938,200,True,,500,13.3957704,46.55,87.1
root,GET,225.99939999999918,200,True,,500,13.3960282,46.55,87.1
root,GET,233.00250000000133,200,True,,500,13.3962873,46.55,87.1
root,GET,225.61680000000095,200,True,,500,13.3965351,46.55,87.1
root,GET,226.01199999999898,200,True,,500,13.3967398,46.55,87.1
root,GET,225.37490000000025,200,True,,500,13.396965,46.55,87.1
root,GET,225.2206000000001,200,True,,500,13.3973737,46.55,87.1
root,GET,231.25749999999988,200,True,,500,13.3977114,46.55,87.1
root,GET,230.37309999999957,200,True,,500,13.3979747,46.55,87.1
root,GET,230.2748999999995,200,True,,500,13.3982665,46.55,87.1
root,GET,229.4400999999997,200,True,,500,13.3985474,46.55,87.1
root,GET,229.88310000000035,200,True,,500,13.3988212,46.55,87.1
root,GET,229.65390000000065,200,True,,500,13.3994836,46.55,87.1
root,GET,239.96889999999917,200,True,,500,13.3998352,46.55,87.1
root,GET,252.94430000000114,200,True,,500,13.4001667,46.55,87.1
root,GET,252.06739999999962,200,True,,500,13.4004641,46.55,87.1
root,GET,557.2834999999988,200,True,,500,13.4007,46.55,87.1
root,GET,251.8621000000003,200,True,,500,13.4009033,46.55,87.1
root,GET,251.79310000000044,200,True,,500,13.4011497,46.55,87.1
root,GET,263.32870000000065,200,True,,500,13.4014171,46.55,87.1
root,GET,262.43760000000015,200,True,,500,13.4016175,46.55,87.1
root,GET,262.6854000000005,200,True,,500,13.4018021,46.55,87.1
root,GET,262.7100000000002,200,True,,500,13.4021501,46.55,87.1
root,GET,261.0295000000011,200,True,,500,13.4023434,46.55,87.1
root,GET,260.6351999999994,200,True,,500,13.4025321,46.55,87.1
root,GET,262.23680000000013,200,True,,500,13.4027324,46.55,87.1
root,GET,261.6773999999999,200,True,,500,13.4029412,46.55,87.1
root,GET,260.9747000000002,200,True,,500,13.4033742,46.55,87.1
root,GET,260.4679999999995,200,True,,500,13.4037372,46.55,87.1
root,GET,259.21450000000056,200,True,,500,13.4043649,46.55,87.1
root,GET,258.98029999999926,200,True,,500,13.404771,46.55,87.1
root,GET,258.8007000000001,200,True,,500,13.4051055,46.55,87.1
root,GET,266.81149999999934,200,True,,500,13.4053707,46.55,87.1
root,GET,267.6897999999994,200,True,,500,13.4056668,46.55,87.1
root,GET,267.03909999999985,200,True,,500,13.4059126,46.55,87.1
root,GET,267.0970999999991,200,True,,500,13.4061161,46.55,87.1
root,GET,264.8157999999992,200,True,,500,13.4077259,46.55,87.1
root,GET,263.3852000000001,200,True,,500,13.4081377,46.55,87.1
root,GET,262.36869999999965,200,True,,500,13.4093551,46.55,87.1
root,GET,263.1201000000001,200,True,,500,13.4099599,46.55,87.1
root,GET,261.6582999999988,200,True,,500,13.4102232,46.55,87.1
root,GET,262.02749999999855,200,True,,500,13.4104164,46.55,87.1
root,GET,262.05540000000127,200,True,,500,13.4106312,46.55,87.1
root,GET,261.18100000000055,200,True,,500,13.4108476,46.55,87.1
root,GET,261.770799999999,200,True,,500,13.4110495,46.55,87.1
root,GET,260.65320000000014,200,True,,500,13.4116583,46.55,87.1
root,GET,560.1677000000009,200,True,,500,13.4119251,46.55,87.1
root,GET,283.1691999999997,200,True,,500,13.4122001,46.55,87.1
root,GET,279.35289999999924,200,True,,500,13.4124476,46.55,87.1
root,GET,278.8243999999995,200,True,,500,13.4126794,46.55,87.1
root,GET,279.2686,200,True,,500,13.4129078,46.55,87.1
root,GET,282.83049999999935,200,True,,500,13.4131648,46.55,87.1
root,GET,279.06370000000004,200,True,,500,13.4134191,46.55,87.1
root,GET,281.74899999999957,200,True,,500,13.4136992,46.55,87.1
root,GET,276.29199999999975,200,True,,500,13.4143398,46.55,87.1
root,GET,276.1155999999989,200,True,,500,13.4145748,46.55,87.1
root,GET,279.96719999999976,200,True,,500,13.4147458,46.55,87.1
root,GET,269.2949999999996,200,True,,500,13.4149621,46.55,87.1
root,GET,279.1490999999997,200,True,,500,13.4151858,46.55,87.1
root,GET,269.07300000000055,200,True,,500,13.4153728,46.55,87.1
root,GET,277.41239999999937,200,True,,500,13.4155716,46.55,87.1
root,GET,277.6986000000008,200,True,,500,13.4161861,46.55,87.1
root,GET,276.16279999999983,200,True,,500,13.4164027,46.55,87.1
root,GET,274.3529000000002,200,True,,500,13.4166063,46.55,87.1
root,GET,266.4738999999994,200,True,,500,13.4167903,46.55,87.1
root,GET,266.86040000000054,200,True,,500,13.4169959,46.55,87.1
root,GET,266.88909999999845,200,True,,500,13.4171837,46.55,87.1
root,GET,266.5766999999999,200,True,,500,13.4173882,46.55,87.1
root,GET,266.1410000000011,200,True,,500,13.4175975,46.55,87.1
root,GET,265.7468000000005,200,True,,500,13.4178547,46.55,87.1
root,GET,265.3628999999995,200,True,,500,13.418074,46.55,87.1
root,GET,264.78360000000123,200,True,,500,13.4183028,46.55,87.1
root,GET,264.39140000000094,200,True,,500,13.4185421,46.55,87.1
root,GET,264.01760000000075,200,True,,500,13.4187652,46.55,87.1
root,GET,263.3530999999998,200,True,,500,13.4189572,46.55,87.1
root,GET,263.48459999999994,200,True,,500,13.4191501,46.55,87.1
root,GET,280.09720000000016,200,True,,500,13.4193336,46.55,87.1
root,GET,279.0014999999997,200,True,,500,13.4198055,46.55,87.1
root,GET,279.56559999999973,200,True,,500,13.4200511,46.55,87.1
root,GET,278.2552000000003,200,True,,500,13.4202525,46.55,87.1
root,GET,277.5173000000013,200,True,,500,13.4204391,46.55,87.1
root,GET,276.9703999999997,200,True,,500,13.4206442,46.55,87.1
root,GET,276.41120000000006,200,True,,500,13.4208435,46.55,87.1
root,GET,276.3984999999991,200,True,,500,13.4210376,46.55,87.1
root,GET,275.5978999999993,200,True,,500,13.4215324,46.55,87.1
root,GET,275.0919000000014,200,True,,500,13.4218523,46.55,87.1
root,GET,276.9043,200,True,,500,13.4221216,46.55,87.1
root,GET,275.1435999999998,200,True,,500,13.422644,46.55,87.1
root,GET,273.65909999999974,200,True,,500,13.4228591,46.55,87.1
root,GET,273.6837000000012,200,True,,500,13.4230556,46.55,87.1
root,GET,286.7853,200,True,,500,13.4232819,46.55,87.1
root,GET,287.30170000000044,200,True,,500,13.4236709,46.55,87.1
root,GET,287.22480000000064,200,True,,500,13.4239056,46.55,87.1
root,GET,286.55140000000046,200,True,,500,13.424292,46.55,87.1
root,GET,285.3735999999998,200,True,,500,13.4244666,46.55,87.1
root,GET,285.33329999999955,200,True,,500,13.4246164,46.55,87.1
root,GET,284.5715999999996,200,True,,500,13.4247762,46.55,87.1
root,GET,284.09040000000016,200,True,,500,13.4250286,46.55,87.1
root,GET,283.92570000000103,200,True,,500,13.4253095,46.55,87.1
root,GET,283.37340000000034,200,True,,500,13.4256054,46.55,87.1
root,GET,284.7432000000012,200,True,,500,13.4258411,46.55,87.1
root,GET,283.6932000000001,200,True,,500,13.4260273,46.55,87.1
root,GET,282.5921999999998,200,True,,500,13.4262097,46.55,87.1
root,GET,283.8357000000009,200,True,,500,13.4263666,46.55,87.1
root,GET,284.1825999999994,200,True,,500,13.4265273,46.55,87.1
root,GET,283.74520000000024,200,True,,500,13.4267126,46.55,87.1
root,GET,282.6479000000006,200,True,,500,13.4269308,46.55,87.1
root,GET,283.20779999999957,200,True,,500,13.4271253,46.55,87.1
root,GET,282.15709999999916,200,True,,500,13.4273033,46.55,87.1
root,GET,284.0688999999994,200,True,,500,13.4276733,46.55,87.1
root,GET,283.6160000000003,200,True,,500,13.4278683,46.55,87.1
root,GET,283.23690000000033,200,True,,500,13.4280858,46.55,87.1
root,GET,288.8275,200,True,,500,13.4283295,46.55,87.1
root,GET,289.7180000000006,200,True,,500,13.4285418,46.55,87.1
root,GET,293.84060000000113,200,True,,500,13.4287546,46.55,87.1
root,GET,293.42180000000087,200,True,,500,13.4290186,46.55,87.1
root,GET,292.9592000000003,200,True,,500,13.4292698,46.55,87.1
root,GET,294.981700000001,200,True,,500,13.4295096,46.55,87.1
root,GET,298.01850000000127,200,True,,500,13.4297385,46.55,87.1
root,GET,307.64300000000054,200,True,,500,13.4299781,46.55,87.1
root,GET,308.1641000000008,200,True,,500,13.4301991,46.55,87.1
root,GET,308.59449999999987,200,True,,500,13.4304072,46.55,87.1
root,GET,306.40340000000066,200,True,,500,13.4306129,46.55,87.1
root,GET,306.353699999999,200,True,,500,13.4313432,46.55,87.1
root,GET,302.3939999999996,200,True,,500,13.431711,46.55,87.1
root,GET,305.99220000000037,200,True,,500,13.4321907,46.55,87.1
root,GET,306.00459999999964,200,True,,500,13.4324137,46.55,87.1
root,GET,306.0954999999996,200,True,,500,13.4326241,46.55,87.1
root,GET,301.0655,200,True,,500,13.4328799,46.55,87.1
root,GET,300.30930000000035,200,True,,500,13.4334495,46.55,87.1
root,GET,606.943900000001,200,True,,500,13.433947,46.55,87.1
root,GET,307.64680000000055,200,True,,500,13.4341306,46.55,87.1
root,GET,307.0746,200,True,,500,13.4343444,46.55,87.1
root,GET,306.72679999999986,200,True,,500,13.4345196,46.55,87.1
root,GET,619.4439000000002,200,True,,500,13.4346818,46.55,87.1
root,GET,306.7373,200,True,,500,13.4348307,46.55,87.1
root,GET,612.3037999999995,200,True,,500,13.4349722,46.55,87.1
root,GET,312.75800000000055,200,True,,500,13.4351184,46.55,87.1
root,GET,312.82499999999834,200,True,,500,13.4352554,46.55,87.1
root,GET,311.4602999999985,200,True,,500,13.435384,46.55,87.1
root,GET,312.1206000000001,200,True,,500,13.4355112,46.55,87.1
root,GET,310.74169999999947,200,True,,500,13.4358188,46.55,87.1
root,GET,311.30609999999945,200,True,,500,13.4359756,46.55,87.1
root,GET,310.11450000000093,200,True,,500,13.4361299,46.55,87.1
root,GET,309.66240000000056,200,True,,500,13.4363168,46.55,87.1
root,GET,312.178900000001,200,True,,500,13.4364584,46.55,87.1
root,GET,311.70770000000124,200,True,,500,13.4365961,46.55,87.1
root,GET,317.14540000000113,200,True,,500,13.4373823,46.55,87.1
root,GET,317.10189999999903,200,True,,500,13.43759,46.55,87.1
root,GET,316.2552000000005,200,True,,500,13.4377318,46.55,87.1
root,GET,316.4789999999993,200,True,,500,13.4378682,46.55,87.1
root,GET,319.19219999999984,200,True,,500,13.4380031,46.55,87.1
root,GET,315.54320000000047,200,True,,500,13.4381383,46.55,87.1
root,GET,315.11069999999995,200,True,,500,13.4383799,46.55,87.1
root,GET,314.7169000000005,200,True,,500,13.4385627,46.55,87.1
root,GET,321.39080000000143,200,True,,500,13.4387403,46.55,87.1
root,GET,324.85609999999986,200,True,,500,13.4389149,46.55,87.1
root,GET,320.54359999999883,200,True,,500,13.439315,46.55,87.1
root,GET,323.62469999999985,200,True,,500,13.440425,46.55,87.1
root,GET,319.84239999999886,200,True,,500,13.440758,46.55,87.1
root,GET,629.7494999999991,200,True,,500,13.4410553,46.55,87.1
root,GET,323.2696999999991,200,True,,500,13.4413485,46.55,87.1
root,GET,322.6660999999993,200,True,,500,13.4416998,46.55,87.1
root,GET,319.71530000000035,200,True,,500,13.4438441,46.55,87.1
root,GET,320.6134000000009,200,True,,500,13.4442483,46.55,87.1
root,GET,315.77069999999986,200,True,,500,13.4445935,46.55,87.1
root,GET,319.1397000000009,200,True,,500,13.4448335,46.55,87.1
root,GET,315.78490000000056,200,True,,500,13.4450305,46.55,87.1
root,GET,324.6997,200,True,,500,13.4452274,46.55,87.1
root,GET,324.6078000000008,200,True,,500,13.4454371,46.55,87.1
root,GET,323.9591999999991,200,True,,500,13.445626,46.55,87.1
root,GET,324.04450000000116,200,True,,500,13.4457233,46.55,87.1
root,GET,323.4534,200,True,,500,13.4458223,46.55,87.1
root,GET,320.0859999999999,200,True,,500,13.4490376,46.55,87.1
root,GET,319.446300000001,200,True,,500,13.4495221,46.55,87.1
root,GET,319.4458999999998,200,True,,500,13.4499793,46.55,87.1
root,GET,318.35509999999977,200,True,,500,13.4503035,46.55,87.1
root,GET,318.1150000000006,200,True,,500,13.4506962,46.55,87.1
root,GET,317.49019999999996,200,True,,500,13.4509917,46.55,87.1
root,GET,316.9547000000001,200,True,,500,13.4511772,46.55,87.1
root,GET,316.5856999999992,200,True,,500,13.4513569,46.55,87.1
root,GET,316.16390000000115,200,True,,500,13.4515403,46.55,87.1
root,GET,316.58580000000035,200,True,,500,13.4517098,46.55,87.1
root,GET,324.15020000000004,200,True,,500,13.451883,46.55,87.1
root,GET,323.4609000000006,200,True,,500,13.4520536,46.55,87.1
root,GET,323.63480000000067,200,True,,500,13.4522222,46.55,87.1
root,GET,322.8035000000009,200,True,,500,13.4528956,46.55,87.1
root,GET,321.6552000000004,200,True,,500,13.4536429,46.55,87.1
root,GET,327.3021000000007,200,True,,500,13.4539522,46.55,87.1
root,GET,326.21250000000043,200,True,,500,13.4545813,46.55,87.1
root,GET,326.23390000000006,200,True,,500,13.4548876,46.55,87.1
root,GET,328.81609999999915,200,True,,500,13.4551432,46.55,87.1
root,GET,328.6625000000001,200,True,,500,13.4553931,46.55,87.1
root,GET,328.1594999999999,200,True,,500,13.4556526,46.55,87.1
root,GET,327.3002999999992,200,True,,500,13.4561133,46.55,87.1
root,GET,326.46000000000083,200,True,,500,13.4563277,46.55,87.1
root,GET,325.46389999999906,200,True,,500,13.4571424,46.55,87.1
root,GET,324.7637000000001,200,True,,500,13.4574572,46.55,87.1
root,GET,324.3594999999999,200,True,,500,13.4576636,46.55,87.1
root,GET,325.8289999999988,200,True,,500,13.4578085,46.55,87.1
root,GET,325.2258999999995,200,True,,500,13.4579596,46.55,87.1
root,GET,323.36229999999944,200,True,,500,13.4581345,46.55,87.1
root,GET,323.0400999999983,200,True,,500,13.4583103,46.55,87.1
root,GET,323.91539999999884,200,True,,500,13.4585094,46.55,87.1
root,GET,323.1484000000009,200,True,,500,13.4586887,46.55,87.1
root,GET,321.9042999999999,200,True,,500,13.4590737,46.55,87.1
root,GET,323.71370000000076,200,True,,500,13.4592587,46.55,87.1
root,GET,322.23720000000003,200,True,,500,13.4594218,46.55,87.1
root,GET,331.55359999999945,200,True,,500,13.4595778,46.55,87.1
root,GET,331.55509999999924,200,True,,500,13.4597292,46.55,87.1
root,GET,331.7340999999985,200,True,,500,13.4598875,46.55,87.1
root,GET,330.88249999999954,200,True,,500,13.4600626,46.55,87.1
root,GET,332.0614000000006,200,True,,500,13.4602261,46.55,87.1
root,GET,331.6570999999993,200,True,,500,13.4603774,46.55,87.1
root,GET,328.7804000000012,200,True,,500,13.4626519,46.55,87.1
root,GET,328.94559999999905,200,True,,500,13.4628592,46.55,87.1
root,GET,332.21110000000033,200,True,,500,13.4630111,46.55,87.1
root,GET,334.8914000000001,200,True,,500,13.4631462,46.55,87.1
root,GET,334.51449999999915,200,True,,500,13.4633488,46.55,87.1
root,GET,334.59100000000143,200,True,,500,13.4636091,46.55,87.1
root,GET,340.54119999999875,200,True,,500,13.4637685,46.55,87.1
root,GET,338.7954000000004,200,True,,500,13.4648331,46.55,87.1
root,GET,338.0053000000007,200,True,,500,13.4664402,46.55,87.1
root,GET,337.5482999999999,200,True,,500,13.4666059,46.55,87.1
root,GET,337.0867000000004,200,True,,500,13.4667393,46.55,87.1
root,GET,337.12610000000075,200,True,,500,13.4668668,46.55,87.1
root,GET,345.7498000000001,200,True,,500,13.4669859,46.55,87.1
root,GET,346.0044999999994,200,True,,500,13.4671038,46.55,87.1
root,GET,346.19610000000023,200,True,,500,13.4672125,46.55,87.1
root,GET,345.62580000000054,200,True,,500,13.4673193,46.55,87.1
root,GET,345.8376999999988,200,True,,500,13.4674235,46.55,87.1
root,GET,352.51620000000014,200,True,,500,13.4675235,46.55,87.1
root,GET,352.7287999999995,200,True,,500,13.4676192,46.55,87.1
root,GET,352.48550000000023,200,True,,500,13.4677151,46.55,87.1
root,GET,351.9458999999987,200,True,,500,13.4678099,46.55,87.1
root,GET,351.6555999999991,200,True,,500,13.4679084,46.55,87.1
root,GET,350.24730000000125,200,True,,500,13.4690845,46.55,87.1
root,GET,349.42730000000034,200,True,,500,13.4695229,46.55,87.1
root,GET,350.13580000000036,200,True,,500,13.4697275,46.55,87.1
root,GET,348.5548000000005,200,True,,500,13.470224,46.55,87.1
root,GET,347.8322000000009,200,True,,500,13.47059,46.55,87.1
root,GET,347.4556,200,True,,500,13.4707603,46.55,87.1
root,GET,347.48860000000013,200,True,,500,13.4711208,46.55,87.1
root,GET,354.0461999999991,200,True,,500,13.4712884,46.55,87.1
root,GET,352.8392,200,True,,500,13.4717667,46.55,87.1
root,GET,352.9833999999994,200,True,,500,13.4721226,46.55,87.1
root,GET,352.5919000000002,200,True,,500,13.4722786,46.55,87.1
root,GET,351.8767,200,True,,500,13.4724976,46.55,87.1
root,GET,351.139100000001,200,True,,500,13.4729716,46.55,87.1
root,GET,360.2494000000007,200,True,,500,13.4732123,46.55,87.1
root,GET,358.4996999999994,200,True,,500,13.4733326,46.55,87.1
root,GET,357.93509999999884,200,True,,500,13.4737442,46.55,87.1
root,GET,357.08819999999974,200,True,,500,13.4744379,46.55,87.1
root,GET,356.66119999999955,200,True,,500,13.4747081,46.55,87.1
root,GET,356.32039999999955,200,True,,500,13.4748377,46.55,87.1
root,GET,358.2944999999995,200,True,,500,13.4749476,46.55,87.1
root,GET,357.888599999999,200,True,,500,13.4750876,46.55,87.1
root,GET,357.8653999999997,200,True,,500,13.4752466,46.55,87.1
root,GET,358.1588,200,True,,500,13.4753704,46.55,87.1
root,GET,356.36119999999846,200,True,,500,13.4757621,46.55,87.1
root,GET,356.0610000000004,200,True,,500,13.4759238,46.55,87.1
root,GET,365.1092000000009,200,True,,500,13.4760794,46.55,87.1
root,GET,364.5177000000004,200,True,,500,13.4765025,46.55,87.1
root,GET,363.5716999999996,200,True,,500,13.476721,46.55,87.1
root,GET,364.05949999999973,200,True,,500,13.4768504,46.55,87.1
root,GET,362.4209000000001,200,True,,500,13.4769634,46.55,87.1
root,GET,361.7240000000006,200,True,,500,13.4772739,46.55,87.1
root,GET,362.3168999999997,200,True,,500,13.4775919,46.55,87.1
root,GET,360.85439999999915,200,True,,500,13.4778286,46.55,87.1
root,GET,671.9963,200,True,,500,13.4779654,46.55,87.1
root,GET,361.5656000000005,200,True,,500,13.4780787,46.55,87.1
root,GET,364.8606000000001,200,True,,500,13.4781808,46.55,87.1
root,GET,364.62269999999995,200,True,,500,13.478278,46.55,87.1
root,GET,366.2725000000009,200,True,,500,13.4784893,46.55,87.1
root,GET,364.57339999999937,200,True,,500,13.4785985,46.55,87.1
root,GET,364.04939999999897,200,True,,500,13.4787019,46.55,87.1
root,GET,364.5019999999999,200,True,,500,13.4788013,46.55,87.1
root,GET,365.90269999999947,200,True,,500,13.4789005,46.55,87.1
root,GET,365.7073000000004,200,True,,500,13.4789979,46.55,87.1
root,GET,364.2979999999998,200,True,,500,13.4790916,46.55,87.1
root,GET,369.5614999999997,200,True,,500,13.479188,46.55,87.1
root,GET,373.3930999999995,200,True,,500,13.4792857,46.55,87.1
root,GET,374.4170000000011,200,True,,500,13.4793817,46.55,87.1
root,GET,374.2050999999993,200,True,,500,13.4794757,46.55,87.1
root,GET,374.15780000000075,200,True,,500,13.4796815,46.55,87.1
root,GET,372.17399999999935,200,True,,500,13.4797796,46.55,87.1
root,GET,373.1920999999989,200,True,,500,13.479876,46.55,87.1
root,GET,373.2216000000008,200,True,,500,13.4799964,46.55,87.1
root,GET,372.8612000000009,200,True,,500,13.4800977,46.55,87.1
root,GET,372.602800000001,200,True,,500,13.4801978,46.55,87.1
root,GET,372.0195999999998,200,True,,500,13.4805236,46.55,87.1
root,GET,371.68119999999936,200,True,,500,13.4806852,46.55,87.1
root,GET,371.26180000000096,200,True,,500,13.4808291,46.55,87.1
root,GET,372.1979999999991,200,True,,500,13.4809426,46.55,87.1
root,GET,368.1988999999994,200,True,,500,13.4810449,46.55,87.1
root,GET,367.7741000000001,200,True,,500,13.4811445,46.55,87.1
root,GET,370.5958000000003,200,True,,500,13.4812473,46.55,87.1
root,GET,371.8349000000014,200,True,,500,13.4813444,46.55,87.1
root,GET,367.67060000000026,200,True,,500,13.4814356,46.55,87.1
root,GET,371.38459999999895,200,True,,500,13.4815316,46.55,87.1
root,GET,376.8668000000002,200,True,,500,13.4817608,46.55,87.1
root,GET,376.1801000000009,200,True,,500,13.4820452,46.55,87.1
root,GET,377.0974999999996,200,True,,500,13.4821835,46.55,87.1
root,GET,377.02619999999956,200,True,,500,13.4823661,46.55,87.1
root,GET,376.5633000000008,200,True,,500,13.4824799,46.55,87.1
root,GET,376.5928000000009,200,True,,500,13.4825743,46.55,87.1
root,GET,376.0952999999994,200,True,,500,13.4826609,46.55,87.1
root,GET,375.7465999999994,200,True,,500,13.4827495,46.55,87.1
root,GET,376.0439999999985,200,True,,500,13.4828392,46.55,87.1
root,GET,375.438299999999,200,True,,500,13.4829284,46.55,87.1
root,GET,383.7428000000003,200,True,,500,13.4830176,46.55,87.1
root,GET,382.78880000000015,200,True,,500,13.4831041,46.55,87.1
root,GET,381.9245000000002,200,True,,500,13.4834977,46.55,87.1
root,GET,382.0363999999987,200,True,,500,13.4836325,46.55,87.1
root,GET,382.68949999999967,200,True,,500,13.4837381,46.55,87.1
metrics,GET,67.34870000000015,200,True,,100,16.1751342,41.75,87.45
metrics,GET,67.29360000000284,200,True,,100,16.1758708,41.75,87.45
metrics,GET,65.39219999999801,200,True,,100,16.1765681,41.75,87.45
metrics,GET,65.40629999999936,200,True,,100,16.1767776,41.75,87.45
metrics,GET,67.66629999999907,200,True,,100,16.1769416,41.75,87.45
metrics,GET,66.85870000000094,200,True,,100,16.1770842,41.75,87.45
metrics,GET,67.62219999999886,200,True,,100,16.1772278,41.75,87.45
metrics,GET,66.82649999999768,200,True,,100,16.177368,41.75,87.45
metrics,GET,65.11060000000057,200,True,,100,16.1775,41.75,87.45
metrics,GET,76.99410000000029,200,True,,100,16.1776323,41.75,87.45
metrics,GET,64.54420000000027,200,True,,100,16.1777983,41.75,87.45
metrics,GET,64.67180000000283,200,True,,100,16.1780621,41.75,87.45
metrics,GET,66.42160000000175,200,True,,100,16.1783057,41.75,87.45
metrics,GET,66.21240000000128,200,True,,100,16.1788241,41.75,87.45
metrics,GET,64.55780000000289,200,True,,100,16.1790988,41.75,87.45
metrics,GET,64.9698999999977,200,True,,100,16.1793784,41.75,87.45
metrics,GET,63.39279999999903,200,True,,100,16.1796471,41.75,87.45
metrics,GET,64.57209999999947,200,True,,100,16.1799035,41.75,87.45
metrics,GET,62.741499999997785,200,True,,100,16.1801615,41.75,87.45
metrics,GET,76.29960000000224,200,True,,100,16.1804222,41.75,87.45
metrics,GET,75.90640000000093,200,True,,100,16.1806818,41.75,87.45
metrics,GET,75.45659999999899,200,True,,100,16.1813659,41.75,87.45
metrics,GET,76.71839999999719,200,True,,100,16.1817306,41.75,87.45
metrics,GET,76.28109999999921,200,True,,100,16.1820102,41.75,87.45
metrics,GET,75.37149999999926,200,True,,100,16.1824664,41.75,87.45
metrics,GET,75.37040000000061,200,True,,100,16.1827585,41.75,87.45
metrics,GET,74.51599999999914,200,True,,100,16.1830198,41.75,87.45
metrics,GET,73.94210000000001,200,True,,100,16.1832864,41.75,87.45
metrics,GET,74.43980000000039,200,True,,100,16.1835482,41.75,87.45
metrics,GET,376.1372000000023,200,True,,100,16.1838122,41.75,87.45
metrics,GET,72.76609999999906,200,True,,100,16.1843148,41.75,87.45
metrics,GET,72.82109999999875,200,True,,100,16.1848706,41.75,87.45
metrics,GET,71.65490000000219,200,True,,100,16.1852605,41.75,87.45
metrics,GET,374.6230999999973,200,True,,100,16.1855766,41.75,87.45
metrics,GET,373.9264999999996,200,True,,100,16.1861438,41.75,87.45
metrics,GET,70.73210000000074,200,True,,100,16.1866402,41.75,87.45
metrics,GET,94.30660000000302,200,True,,100,16.1872445,41.75,87.45
metrics,GET,70.85949999999741,200,True,,100,16.1877318,41.75,87.45
metrics,GET,93.51029999999838,200,True,,100,16.1879907,41.75,87.45
metrics,GET,72.24240000000037,200,True,,100,16.1882053,41.75,87.45
metrics,GET,71.28230000000002,200,True,,100,16.1884069,41.75,87.45
metrics,GET,82.97870000000174,200,True,,100,16.1886172,41.75,87.45
metrics,GET,83.0832000000008,200,True,,100,16.1890309,41.75,87.45
metrics,GET,82.81629999999751,200,True,,100,16.1891874,41.75,87.45
metrics,GET,82.61900000000111,200,True,,100,16.1892917,41.75,87.45
metrics,GET,82.2345999999996,200,True,,100,16.18945,41.75,87.45
metrics,GET,92.16020000000213,200,True,,100,16.1895483,41.75,87.45
metrics,GET,69.08860000000061,200,True,,100,16.1896397,41.75,87.45
metrics,GET,69.12949999999896,200,True,,100,16.1897276,41.75,87.45
metrics,GET,91.94289999999938,200,True,,100,16.1898144,41.75,87.45
metrics,GET,69.41859999999878,200,True,,100,16.189962,41.75,87.45
metrics,GET,81.37379999999794,200,True,,100,16.1904648,41.75,87.45
metrics,GET,70.81319999999991,200,True,,100,16.1908431,41.75,87.45
metrics,GET,68.17429999999902,200,True,,100,16.1910151,41.75,87.45
metrics,GET,80.60670000000059,200,True,,100,16.1911559,41.75,87.45
metrics,GET,80.1981000000005,200,True,,100,16.1912887,41.75,87.45
metrics,GET,79.75709999999836,200,True,,100,16.191551,41.75,87.45
metrics,GET,79.47140000000275,200,True,,100,16.1916934,41.75,87.45
metrics,GET,79.57700000000045,200,True,,100,16.1918264,41.75,87.45
metrics,GET,67.01470000000143,200,True,,100,16.1919737,41.75,87.45
metrics,GET,79.71249999999941,200,True,,100,16.1924745,41.75,87.45
metrics,GET,87.21699999999899,200,True,,100,16.1927917,41.75,87.45
metrics,GET,87.70099999999914,200,True,,100,16.1930635,41.75,87.45
metrics,GET,88.06290000000061,200,True,,100,16.1933125,41.75,87.45
metrics,GET,86.82740000000067,200,True,,100,16.1935619,41.75,87.45
metrics,GET,86.39800000000264,200,True,,100,16.1938495,41.75,87.45
metrics,GET,88.60400000000013,200,True,,100,16.1942118,41.75,87.45
metrics,GET,85.15839999999741,200,True,,100,16.1975568,41.75,87.45
metrics,GET,84.25150000000059,200,True,,100,16.1978815,41.75,87.45
metrics,GET,83.9583000000026,200,True,,100,16.1980993,41.75,87.45
metrics,GET,84.1175000000014,200,True,,100,16.1983158,41.75,87.45
metrics,GET,83.4545999999996,200,True,,100,16.198526,41.75,87.45
metrics,GET,83.50980000000163,200,True,,100,16.1987401,41.75,87.45
metrics,GET,83.25089999999946,200,True,,100,16.1989528,41.75,87.45
metrics,GET,83.53379999999788,200,True,,100,16.1992346,41.75,87.45
metrics,GET,82.34930000000062,200,True,,100,16.1995419,41.75,87.45
metrics,GET,82.8419000000018,200,True,,100,16.199775,41.75,87.45
metrics,GET,82.88510000000215,200,True,,100,16.2001401,41.75,87.45
metrics,GET,93.02279999999996,200,True,,100,16.2003773,41.75,87.45
metrics,GET,92.93479999999832,200,True,,100,16.200599,41.75,87.45
metrics,GET,92.358100000002,200,True,,100,16.2008345,41.75,87.45
metrics,GET,81.89199999999985,200,True,,100,16.2010472,41.75,87.45
metrics,GET,81.59919999999943,200,True,,100,16.201263,41.75,87.45
metrics,GET,98.43550000000079,200,True,,100,16.2016507,41.75,87.45
metrics,GET,96.33990000000026,200,True,,100,16.202113,41.75,87.45
metrics,GET,96.76729999999978,200,True,,100,16.2024185,41.75,87.45
metrics,GET,94.74230000000006,200,True,,100,16.2029198,41.75,87.45
metrics,GET,94.85759999999743,200,True,,100,16.2032941,41.75,87.45
metrics,GET,93.67310000000018,200,True,,100,16.2037404,41.75,87.45
metrics,GET,95.69749999999999,200,True,,100,16.2040338,41.75,87.45
metrics,GET,93.8642999999999,200,True,,100,16.2044382,41.75,87.45
metrics,GET,93.29750000000203,200,True,,100,16.2047055,41.75,87.45
metrics,GET,96.20260000000158,200,True,,100,16.2049061,41.75,87.45
metrics,GET,92.72939999999963,200,True,,100,16.2051047,41.75,87.45
metrics,GET,95.0690999999999,200,True,,100,16.2052908,41.75,87.45
metrics,GET,95.79629999999995,200,True,,100,16.20548,41.75,87.45
metrics,GET,95.78249999999855,200,True,,100,16.2056818,41.75,87.45
metrics,GET,94.45009999999954,200,True,,100,16.2060279,41.75,87.45
metrics,GET,93.9122999999995,200,True,,100,16.2063247,41.75,87.45
metrics,GET,94.04359999999912,200,True,,100,16.2068404,41.75,87.45
metrics,GET,66.1781000000019,200,True,,100,16.2451327,41.75,87.45
metrics,GET,66.00410000000068,200,True,,100,16.2456936,41.75,87.45
metrics,GET,65.07509999999783,200,True,,100,16.2461042,41.75,87.45
metrics,GET,64.6848999999996,200,True,,100,16.2468895,41.75,87.45
metrics,GET,63.57690000000105,200,True,,100,16.2473113,41.75,87.45
metrics,GET,64.14690000000078,200,True,,100,16.2476114,41.75,87.45
metrics,GET,63.563299999998435,200,True,,100,16.2478878,41.75,87.45
metrics,GET,62.53680000000017,200,True,,100,16.2485054,41.75,87.45
metrics,GET,61.66460000000029,200,True,,100,16.2490117,41.75,87.45
metrics,GET,69.83070000000069,200,True,,100,16.2493502,41.75,87.45
metrics,GET,69.41180000000102,200,True,,100,16.2499009,41.75,87.45
metrics,GET,68.83559999999989,200,True,,100,16.2504195,41.75,87.45
metrics,GET,68.33480000000236,200,True,,100,16.2509518,41.75,87.45
metrics,GET,67.70039999999966,200,True,,100,16.2513788,41.75,87.45
metrics,GET,63.17370000000011,200,True,,100,16.2516611,41.75,87.45
metrics,GET,62.86190000000147,200,True,,100,16.251913,41.75,87.45
metrics,GET,62.52809999999798,200,True,,100,16.252179,41.75,87.45
metrics,GET,62.19809999999981,200,True,,100,16.2524137,41.75,87.45
metrics,GET,72.98830000000223,200,True,,100,16.2560491,41.75,87.45
metrics,GET,68.40910000000022,200,True,,100,16.262792,41.75,87.45
metrics,GET,65.01059999999725,200,True,,100,16.2632423,41.75,87.45
metrics,GET,65.31130000000118,200,True,,100,16.2635969,41.75,87.45
metrics,GET,64.98089999999834,200,True,,100,16.2638433,41.75,87.45
metrics,GET,66.96859999999916,200,True,,100,16.264043,41.75,87.45
metrics,GET,64.45539999999994,200,True,,100,16.2642324,41.75,87.45
metrics,GET,64.03040000000004,200,True,,100,16.2644173,41.75,87.45
metrics,GET,63.40709999999916,200,True,,100,16.2646038,41.75,87.45
metrics,GET,65.28550000000166,200,True,,100,16.2647841,41.75,87.45
metrics,GET,65.57280000000176,200,True,,100,16.26503,41.75,87.45
metrics,GET,65.86659999999966,200,True,,100,16.2652598,41.75,87.45
metrics,GET,64.7983000000032,200,True,,100,16.2654996,41.75,87.45
metrics,GET,64.44289999999953,200,True,,100,16.2657645,41.75,87.45
metrics,GET,64.37110000000246,200,True,,100,16.2660958,41.75,87.45
metrics,GET,61.63889999999839,200,True,,100,16.2669509,41.75,87.45
metrics,GET,62.40109999999888,200,True,,100,16.2674944,41.75,87.45
metrics,GET,67.26510000000019,200,True,,100,16.2678526,41.75,87.45
metrics,GET,66.73879999999954,200,True,,100,16.2682192,41.75,87.45
metrics,GET,65.83810000000057,200,True,,100,16.2692125,41.75,87.45
metrics,GET,65.69449999999932,200,True,,100,16.2694861,41.75,87.45
metrics,GET,72.09809999999806,200,True,,100,16.2696812,41.75,87.45
metrics,GET,72.95450000000159,200,True,,100,16.2698744,41.75,87.45
metrics,GET,71.24559999999747,200,True,,100,16.2703406,41.75,87.45
metrics,GET,67.70049999999728,200,True,,100,16.2739882,41.75,87.45
metrics,GET,67.6483999999995,200,True,,100,16.2747526,41.75,87.45
metrics,GET,66.79600000000008,200,True,,100,16.2752589,41.75,87.45
metrics,GET,66.41090000000105,200,True,,100,16.2757296,41.75,87.45
metrics,GET,67.60420000000167,200,True,,100,16.2763887,41.75,87.45
metrics,GET,71.85720000000018,200,True,,100,16.2768644,41.75,87.45
metrics,GET,66.52529999999857,200,True,,100,16.2773539,41.75,87.45
metrics,GET,65.49039999999806,200,True,,100,16.2778579,41.75,87.45
metrics,GET,64.02830000000037,200,True,,100,16.2782446,41.75,87.45
metrics,GET,63.35190000000068,200,True,,100,16.2785674,41.75,87.45
metrics,GET,64.51799999999963,200,True,,100,16.2790611,41.75,87.45
metrics,GET,69.38660000000141,200,True,,100,16.2794241,41.75,87.45
metrics,GET,68.74430000000231,200,True,,100,16.2837145,41.75,87.45
metrics,GET,67.69719999999779,200,True,,100,16.2841145,41.75,87.45
metrics,GET,66.59150000000125,200,True,,100,16.2844378,41.75,87.45
metrics,GET,68.2196000000026,200,True,,100,16.284667,41.75,87.45
metrics,GET,66.70869999999951,200,True,,100,16.2849376,41.75,87.45
metrics,GET,67.02399999999997,200,True,,100,16.2852559,41.75,87.45
metrics,GET,66.56890000000004,200,True,,100,16.2855657,41.75,87.45
metrics,GET,65.30599999999964,200,True,,100,16.2859303,41.75,87.45
metrics,GET,65.24749999999813,200,True,,100,16.2862504,41.75,87.45
metrics,GET,65.43470000000084,200,True,,100,16.2865516,41.75,87.45
metrics,GET,65.74339999999879,200,True,,100,16.2868681,41.75,87.45
metrics,GET,65.56660000000036,200,True,,100,16.2871824,41.75,87.45
metrics,GET,68.58370000000136,200,True,,100,16.2874935,41.75,87.45
metrics,GET,68.31760000000031,200,True,,100,16.2878232,41.75,87.45
metrics,GET,68.21730000000059,200,True,,100,16.2881403,41.75,87.45
metrics,GET,67.83360000000016,200,True,,100,16.2884503,41.75,87.45
metrics,GET,67.42639999999867,200,True,,100,16.2887649,41.75,87.45
metrics,GET,67.24699999999828,200,True,,100,16.2890674,41.75,87.45
metrics,GET,372.3655999999984,200,True,,100,16.2903936,41.75,87.45
metrics,GET,65.45309999999915,200,True,,100,16.2907859,41.75,87.45
metrics,GET,376.1752000000023,200,True,,100,16.2913042,41.75,87.45
metrics,GET,370.3739999999982,200,True,,100,16.2922261,41.75,87.45
metrics,GET,69.94910000000232,200,True,,100,16.292612,41.75,87.45
metrics,GET,67.17569999999995,200,True,,100,16.2956637,41.75,87.45
metrics,GET,66.47840000000116,200,True,,100,16.2963149,41.75,87.45
metrics,GET,65.96429999999742,200,True,,100,16.2967295,41.75,87.45
metrics,GET,60.97600000000014,200,True,,100,16.301769,41.75,87.45
metrics,GET,60.689799999998684,200,True,,100,16.3021953,41.75,87.45
metrics,GET,60.100599999998394,200,True,,100,16.3025385,41.75,87.45
metrics,GET,65.86779999999948,200,True,,100,16.3028231,41.75,87.45
metrics,GET,65.64210000000159,200,True,,100,16.3031081,41.75,87.45
metrics,GET,65.10060000000095,200,True,,100,16.303397,41.75,87.45
metrics,GET,65.19720000000007,200,True,,100,16.3036644,41.75,87.45
metrics,GET,64.2195000000001,200,True,,100,16.3039196,41.75,87.45
metrics,GET,64.15249999999872,200,True,,100,16.3041823,41.75,87.45
metrics,GET,64.033000000002,200,True,,100,16.3043597,41.75,87.45
metrics,GET,64.27910000000026,200,True,,100,16.3045279,41.75,87.45
metrics,GET,63.95919999999933,200,True,,100,16.3046689,41.75,87.45
metrics,GET,63.76279999999923,200,True,,100,16.3048224,41.75,87.45
metrics,GET,63.52309999999761,200,True,,100,16.3050181,41.75,87.45
metrics,GET,63.20380000000014,200,True,,100,16.3052362,41.75,87.45
metrics,GET,62.83109999999681,200,True,,100,16.3054437,41.75,87.45
metrics,GET,62.5700000000009,200,True,,100,16.3056491,41.75,87.45
metrics,GET,64.24469999999971,200,True,,100,16.3117863,41.75,87.45
metrics,GET,64.04329999999803,200,True,,100,16.3121577,41.75,87.45
metrics,GET,63.75729999999891,200,True,,100,16.312376,41.75,87.45
metrics,GET,63.74839999999793,200,True,,100,16.3125144,41.75,87.45
metrics,GET,67.54319999999936,200,True,,100,16.3126474,41.75,87.45
metrics,GET,67.06820000000135,200,True,,100,16.3128,41.75,87.45
metrics,GET,67.57650000000126,200,True,,100,16.3129268,41.75,87.45
metrics,GET,67.04960000000071,200,True,,100,16.3130451,41.75,87.45
metrics,GET,66.98220000000177,200,True,,100,16.3134776,41.75,87.45
metrics,GET,65.08619999999965,200,True,,100,16.3149041,41.75,87.45
metrics,GET,64.63900000000322,200,True,,100,16.315132,41.75,87.45
metrics,GET,64.35030000000097,200,True,,100,16.3152875,41.75,87.45
metrics,GET,64.06430000000185,200,True,,100,16.3154129,41.75,87.45
metrics,GET,60.216199999999276,200,True,,100,16.3193382,41.75,87.45
metrics,GET,60.7451999999995,200,True,,100,16.3196304,41.75,87.45
metrics,GET,60.420900000000444,200,True,,100,16.3198626,41.75,87.45
metrics,GET,68.60890000000097,200,True,,100,16.320235,41.75,87.45
metrics,GET,67.84940000000006,200,True,,100,16.3209093,41.75,87.45
metrics,GET,64.93139999999897,200,True,,100,16.3312855,41.75,87.45
metrics,GET,64.39039999999707,200,True,,100,16.3315641,41.75,87.45
metrics,GET,64.0880000000017,200,True,,100,16.3317344,41.75,87.45
metrics,GET,64.22900000000098,200,True,,100,16.3318551,41.75,87.45
metrics,GET,63.7061999999986,200,True,,100,16.331976,41.75,87.45
metrics,GET,63.38799999999978,200,True,,100,16.3321332,41.75,87.45
metrics,GET,63.024600000002096,200,True,,100,16.3322677,41.75,87.45
metrics,GET,62.33870000000152,200,True,,100,16.3324209,41.75,87.45
metrics,GET,67.86320000000146,200,True,,100,16.3325419,41.75,87.45
metrics,GET,68.57869999999977,200,True,,100,16.3326617,41.75,87.45
metrics,GET,68.3082000000006,200,True,,100,16.332817,41.75,87.45
metrics,GET,68.11560000000227,200,True,,100,16.3329383,41.75,87.45
metrics,GET,67.88099999999986,200,True,,100,16.3330615,41.75,87.45
metrics,GET,67.26040000000211,200,True,,100,16.3333448,41.75,87.45
metrics,GET,67.21620000000073,200,True,,100,16.3336521,41.75,87.45
metrics,GET,66.9144000000017,200,True,,100,16.3338428,41.75,87.45
metrics,GET,72.50580000000184,200,True,,100,16.3339704,41.75,87.45
metrics,GET,71.56559999999956,200,True,,100,16.3352074,41.75,87.45
metrics,GET,71.18480000000105,200,True,,100,16.3354482,41.75,87.45
metrics,GET,70.63550000000163,200,True,,100,16.3356206,41.75,87.45
metrics,GET,80.14700000000019,200,True,,100,16.3357621,41.75,87.45
metrics,GET,73.0727999999985,200,True,,100,16.3441353,41.75,87.45
metrics,GET,72.23940000000084,200,True,,100,16.3448787,41.75,87.45
metrics,GET,71.5849999999989,200,True,,100,16.345326,41.75,87.45
metrics,GET,71.46580000000213,200,True,,100,16.3455545,41.75,87.45
metrics,GET,71.08260000000044,200,True,,100,16.3457377,41.75,87.45
metrics,GET,70.76329999999942,200,True,,100,16.3458998,41.75,87.45
metrics,GET,70.67419999999913,200,True,,100,16.3460556,41.75,87.45
metrics,GET,70.00520000000066,200,True,,100,16.3462139,41.75,87.45
metrics,GET,70.04399999999933,200,True,,100,16.3463879,41.75,87.45
metrics,GET,69.90880000000033,200,True,,100,16.3466592,41.75,87.45
metrics,GET,69.11779999999723,200,True,,100,16.3469517,41.75,87.45
metrics,GET,68.48760000000098,200,True,,100,16.3472421,41.75,87.45
metrics,GET,67.92970000000054,200,True,,100,16.3475404,41.75,87.45
metrics,GET,73.70690000000124,200,True,,100,16.3498126,41.75,87.45
metrics,GET,73.51520000000278,200,True,,100,16.3503646,41.75,87.45
metrics,GET,71.2173000000007,200,True,,100,16.3530624,41.75,87.45
metrics,GET,70.43209999999789,200,True,,100,16.3535791,41.75,87.45
metrics,GET,70.21569999999855,200,True,,100,16.3539238,41.75,87.45
metrics,GET,69.3583000000011,200,True,,100,16.3542541,41.75,87.45
metrics,GET,69.11679999999976,200,True,,100,16.3546254,41.75,87.45
metrics,GET,68.59509999999958,200,True,,100,16.3547974,41.75,87.45
metrics,GET,74.58620000000238,200,True,,100,16.3549056,41.75,87.45
metrics,GET,69.56060000000264,200,True,,100,16.355012,41.75,87.45
metrics,GET,69.83629999999863,200,True,,100,16.3551237,41.75,87.45
metrics,GET,69.59129999999902,200,True,,100,16.3552413,41.75,87.45
metrics,GET,69.07239999999959,200,True,,100,16.3553602,41.75,87.45
metrics,GET,69.22700000000148,200,True,,100,16.3554759,41.75,87.45
metrics,GET,73.6138000000004,200,True,,100,16.3563765,41.75,87.45
metrics,GET,73.24640000000215,200,True,,100,16.3565376,41.75,87.45
metrics,GET,73.6840999999977,200,True,,100,16.3566393,41.75,87.45
metrics,GET,72.47570000000181,200,True,,100,16.3567306,41.75,87.45
metrics,GET,73.07069999999882,200,True,,100,16.356819,41.75,87.45
metrics,GET,72.80019999999965,200,True,,100,16.356906,41.75,87.45
metrics,GET,73.7230000000011,200,True,,100,16.3569936,41.75,87.45
metrics,GET,67.9721000000022,200,True,,100,16.3629075,41.75,87.45
metrics,GET,71.21589999999856,200,True,,100,16.363105,41.75,87.45
metrics,GET,71.16059999999891,200,True,,100,16.3632448,41.75,87.45
metrics,GET,70.8441999999998,200,True,,100,16.3633618,41.75,87.45
metrics,GET,73.24419999999776,200,True,,100,16.363471,41.75,87.45
metrics,GET,74.0236000000003,200,True,,100,16.3635801,41.75,87.45
metrics,GET,73.45019999999991,200,True,,100,16.3636704,41.75,87.45
metrics,GET,68.05450000000235,200,True,,100,16.3688899,41.75,87.45
metrics,GET,68.09160000000247,200,True,,100,16.3691957,41.75,87.45
metrics,GET,68.02940000000035,200,True,,100,16.3694158,41.75,87.45
metrics,GET,68.19229999999976,200,True,,100,16.3695695,41.75,87.45
metrics,GET,71.37079999999685,200,True,,100,16.3697006,41.75,87.45
metrics,GET,71.62830000000042,200,True,,100,16.3698243,41.75,87.45
metrics,GET,71.3670999999998,200,True,,100,16.3699828,41.75,87.45
metrics,GET,68.2487000000016,200,True,,100,16.3701284,41.75,87.45
metrics,GET,70.94340000000088,200,True,,100,16.3702896,41.75,87.45
metrics,GET,67.43970000000132,200,True,,100,16.3704266,41.75,87.45
metrics,GET,67.47409999999832,200,True,,100,16.3705976,41.75,87.45
metrics,GET,67.40999999999886,200,True,,100,16.3708233,41.75,87.45
metrics,GET,72.48699999999886,200,True,,100,16.370978,41.75,87.45
metrics,GET,72.14739999999864,200,True,,100,16.3711251,41.75,87.45
metrics,GET,68.37439999999972,200,True,,100,16.3762892,41.75,87.45
metrics,GET,67.2101000000005,200,True,,100,16.3765772,41.75,87.45
metrics,GET,67.65529999999842,200,True,,100,16.3767432,41.75,87.45
metrics,GET,66.75299999999851,200,True,,100,16.3768755,41.75,87.45
metrics,GET,67.4133000000019,200,True,,100,16.3805251,41.75,87.45
metrics,GET,66.76209999999827,200,True,,100,16.3807174,41.75,87.45
metrics,GET,67.0023999999998,200,True,,100,16.3808514,41.75,87.45
metrics,GET,66.36400000000009,200,True,,100,16.3809592,41.75,87.45
metrics,GET,66.347099999998,200,True,,100,16.3810523,41.75,87.45
metrics,GET,66.02050000000048,200,True,,100,16.381147,41.75,87.45
metrics,GET,65.84160000000239,200,True,,100,16.3812397,41.75,87.45
metrics,GET,65.91629999999782,200,True,,100,16.3813302,41.75,87.45
metrics,GET,65.60200000000194,200,True,,100,16.3814231,41.75,87.45
metrics,GET,65.40020000000268,200,True,,100,16.3815504,41.75,87.45
metrics,GET,65.08999999999787,200,True,,100,16.381775,41.75,87.45
metrics,GET,64.66140000000209,200,True,,100,16.3820658,41.75,87.45
metrics,GET,60.53649999999777,200,True,,100,16.3888682,41.75,87.45
metrics,GET,60.20669999999839,200,True,,100,16.38914,41.75,87.45
metrics,GET,59.196499999998764,200,True,,100,16.3962952,41.75,87.45
metrics,GET,58.64210000000014,200,True,,100,16.3969451,41.75,87.45
metrics,GET,67.9356999999996,200,True,,100,16.3973248,41.75,87.45
metrics,GET,67.5258999999997,200,True,,100,16.39759,41.75,87.45
metrics,GET,66.94500000000048,200,True,,100,16.3978793,41.75,87.45
metrics,GET,66.84290000000104,200,True,,100,16.3981244,41.75,87.45
metrics,GET,66.02050000000048,200,True,,100,16.3986417,41.75,87.45
metrics,GET,65.43149999999898,200,True,,100,16.3990109,41.75,87.45
metrics,GET,69.06820000000025,200,True,,100,16.4012861,41.75,87.45
metrics,GET,68.53949999999998,200,True,,100,16.4016426,41.75,87.45
metrics,GET,68.09210000000121,200,True,,100,16.4019078,41.75,87.45
metrics,GET,67.47830000000121,200,True,,100,16.4022705,41.75,87.45
metrics,GET,66.13499999999917,200,True,,100,16.4026308,41.75,87.45
metrics,GET,72.11399999999912,200,True,,100,16.402947,41.75,87.45
metrics,GET,71.64410000000032,200,True,,100,16.4032613,41.75,87.45
metrics,GET,70.85760000000008,200,True,,100,16.4035689,41.75,87.45
metrics,GET,68.0183999999997,200,True,,100,16.4072055,41.75,87.45
metrics,GET,66.79289999999938,200,True,,100,16.4079297,41.75,87.45
metrics,GET,70.60440000000057,200,True,,100,16.4083525,41.75,87.45
metrics,GET,70.21749999999827,200,True,,100,16.4085439,41.75,87.45
metrics,GET,68.70820000000322,200,True,,100,16.4174971,41.75,87.45
metrics,GET,66.18560000000073,200,True,,100,16.4180936,41.75,87.45
metrics,GET,65.47809999999998,200,True,,100,16.4186055,41.75,87.45
metrics,GET,64.70119999999824,200,True,,100,16.4189797,41.75,87.45
metrics,GET,64.0962000000016,200,True,,100,16.4193094,41.75,87.45
metrics,GET,63.21190000000243,200,True,,100,16.4196669,41.75,87.45
metrics,GET,68.52429999999998,200,True,,100,16.4199571,41.75,87.45
metrics,GET,68.15740000000048,200,True,,100,16.4206102,41.75,87.45
metrics,GET,67.81880000000129,200,True,,100,16.4210995,41.75,87.45
metrics,GET,67.67089999999953,200,True,,100,16.4213254,41.75,87.45
metrics,GET,67.3382999999994,200,True,,100,16.4215053,41.75,87.45
metrics,GET,67.01939999999951,200,True,,100,16.4216686,41.75,87.45
metrics,GET,66.78059999999775,200,True,,100,16.4218182,41.75,87.45
metrics,GET,75.65020000000189,200,True,,100,16.4219686,41.75,87.45
metrics,GET,73.13990000000103,200,True,,100,16.4255319,41.75,87.45
metrics,GET,72.95489999999916,200,True,,100,16.4258402,41.75,87.45
metrics,GET,71.6442999999991,200,True,,100,16.4260674,41.75,87.45
metrics,GET,71.75420000000088,200,True,,100,16.4262682,41.75,87.45
metrics,GET,72.0402,200,True,,100,16.4264376,41.75,87.45
metrics,GET,72.52850000000066,200,True,,100,16.4265981,41.75,87.45
metrics,GET,72.10070000000002,200,True,,100,16.4268595,41.75,87.45
metrics,GET,372.44839999999965,200,True,,100,16.427108,41.75,87.45
metrics,GET,372.3969999999994,200,True,,100,16.4273424,41.75,87.45
metrics,GET,71.4724000000011,200,True,,100,16.4275792,41.75,87.45
metrics,GET,70.86939999999942,200,True,,100,16.4278594,41.75,87.45
metrics,GET,70.87920000000025,200,True,,100,16.4281263,41.75,87.45
metrics,GET,70.13510000000167,200,True,,100,16.4284741,41.75,87.45
metrics,GET,66.31810000000016,200,True,,100,16.4314773,41.75,87.45
metrics,GET,66.37360000000214,200,True,,100,16.4319012,41.75,87.45
metrics,GET,66.93210000000249,200,True,,100,16.4322824,41.75,87.45
metrics,GET,66.22029999999768,200,True,,100,16.4326915,41.75,87.45
metrics,GET,65.94630000000024,200,True,,100,16.4332249,41.75,87.45
metrics,GET,65.65210000000121,200,True,,100,16.4334436,41.75,87.45
metrics,GET,65.2493000000014,200,True,,100,16.4336111,41.75,87.45
metrics,GET,75.42130000000213,200,True,,100,16.4337597,41.75,87.45
metrics,GET,76.8696999999996,200,True,,100,16.4339115,41.75,87.45
metrics,GET,75.42980000000199,200,True,,100,16.435145,41.75,87.45
metrics,GET,74.69830000000144,200,True,,100,16.4356206,41.75,87.45
metrics,GET,73.89389999999807,200,True,,100,16.4361178,41.75,87.45
metrics,GET,71.95689999999999,200,True,,100,16.438906,41.75,87.45
metrics,GET,70.5063999999993,200,True,,100,16.4391588,41.75,87.45
metrics,GET,71.34780000000163,200,True,,100,16.4393508,41.75,87.45
metrics,GET,70.65060000000045,200,True,,100,16.4395341,41.75,87.45
metrics,GET,71.40710000000183,200,True,,100,16.4396991,41.75,87.45
metrics,GET,71.11480000000014,200,True,,100,16.4398707,41.75,87.45
metrics,GET,70.41309999999967,200,True,,100,16.4400349,41.75,87.45
metrics,GET,76.52639999999877,200,True,,100,16.4402247,41.75,87.45
metrics,GET,75.74209999999937,200,True,,100,16.4403938,41.75,87.45
metrics,GET,76.31999999999906,200,True,,100,16.4405624,41.75,87.45
metrics,GET,75.60700000000153,200,True,,100,16.4407242,41.75,87.45
metrics,GET,75.33159999999839,200,True,,100,16.4420922,41.75,87.45
metrics,GET,74.84540000000095,200,True,,100,16.4424083,41.75,87.45
metrics,GET,74.51119999999989,200,True,,100,16.4426181,41.75,87.45
metrics,GET,74.188699999997,200,True,,100,16.4428188,41.75,87.45
metrics,GET,72.96230000000037,200,True,,100,16.4449524,41.75,87.45
metrics,GET,72.38969999999867,200,True,,100,16.4452423,41.75,87.45
metrics,GET,72.26359999999943,200,True,,100,16.4454493,41.75,87.45
metrics,GET,71.90160000000034,200,True,,100,16.4456451,41.75,87.45
metrics,GET,70.81970000000126,200,True,,100,16.4457961,41.75,87.45
metrics,GET,70.53379999999976,200,True,,100,16.4459463,41.75,87.45
metrics,GET,69.80809999999948,200,True,,100,16.4479821,41.75,87.45
metrics,GET,79.57310000000106,200,True,,100,16.4481479,41.75,87.45
metrics,GET,79.70639999999918,200,True,,100,16.4482617,41.75,87.45
metrics,GET,79.49340000000049,200,True,,100,16.4483501,41.75,87.45
metrics,GET,79.15889999999948,200,True,,100,16.4484326,41.75,87.45
metrics,GET,78.39360000000184,200,True,,100,16.448514,41.75,87.45
metrics,GET,78.171600000001,200,True,,100,16.4485897,41.75,87.45
metrics,GET,77.92409999999705,200,True,,100,16.4486732,41.75,87.45
metrics,GET,77.60689999999926,200,True,,100,16.4487564,41.75,87.45
metrics,GET,77.22869999999915,200,True,,100,16.4488334,41.75,87.45
metrics,GET,78.28040000000058,200,True,,100,16.4489126,41.75,87.45
metrics,GET,76.67860000000104,200,True,,100,16.448991,41.75,87.45
metrics,GET,78.02359999999808,200,True,,100,16.4494252,41.75,87.45
metrics,GET,77.49249999999819,200,True,,100,16.4495596,41.75,87.45
metrics,GET,77.6709000000011,200,True,,100,16.4556173,41.75,87.45
metrics,GET,77.75590000000321,200,True,,100,16.4558622,41.75,87.45
metrics,GET,69.84190000000012,200,True,,100,16.4658254,41.75,87.45
metrics,GET,68.95049999999969,200,True,,100,16.4665168,41.75,87.45
metrics,GET,71.02339999999785,200,True,,100,16.4669899,41.75,87.45
metrics,GET,70.2504000000026,200,True,,100,16.4673922,41.75,87.45
metrics,GET,70.08210000000048,200,True,,100,16.4677445,41.75,87.45
metrics,GET,69.44289999999853,200,True,,100,16.4680976,41.75,87.45
metrics,GET,67.10819999999984,200,True,,100,16.4708584,41.75,87.45
metrics,GET,66.34220000000113,200,True,,100,16.4715788,41.75,87.45
metrics,GET,65.71540000000198,200,True,,100,16.4719928,41.75,87.45
metrics,GET,65.5499000000006,200,True,,100,16.4723271,41.75,87.45
metrics,GET,65.140999999997,200,True,,100,16.4726281,41.75,87.45
metrics,GET,66.88409999999934,200,True,,100,16.4756627,41.75,87.45
metrics,GET,66.36620000000093,200,True,,100,16.4763244,41.75,87.45
metrics,GET,65.19790000000114,200,True,,100,16.4769673,41.75,87.45
metrics,GET,65.00199999999978,200,True,,100,16.4773822,41.75,87.45
metrics,GET,366.5185000000015,200,True,,100,16.4777341,41.75,87.45
metrics,GET,68.13590000000147,200,True,,100,16.479146,41.75,87.45
metrics,GET,67.5270999999995,200,True,,100,16.4796839,41.75,87.45
metrics,GET,63.0001,200,True,,100,16.4843862,41.75,87.45
metrics,GET,62.479199999998514,200,True,,100,16.484949,41.75,87.45
metrics,GET,61.88149999999837,200,True,,100,16.4854525,41.75,87.45
metrics,GET,67.95810000000202,200,True,,100,16.4856569,41.75,87.45
metrics,GET,68.64279999999923,200,True,,100,16.4858128,41.75,87.45
metrics,GET,68.96479999999983,200,True,,100,16.4862608,41.75,87.45
metrics,GET,65.20730000000086,200,True,,100,16.4890322,41.75,87.45
metrics,GET,64.69639999999899,200,True,,100,16.4893919,41.75,87.45
metrics,GET,64.18000000000035,200,True,,100,16.4897778,41.75,87.45
metrics,GET,64.23119999999827,200,True,,100,16.4900962,41.75,87.45
metrics,GET,63.13180000000074,200,True,,100,16.4906762,41.75,87.45
metrics,GET,68.63540000000157,200,True,,100,16.4910423,41.75,87.45
metrics,GET,68.47799999999893,200,True,,100,16.4913357,41.75,87.45
metrics,GET,71.17259999999703,200,True,,100,16.499286,41.75,87.45
metrics,GET,70.80840000000066,200,True,,100,16.4995469,41.75,87.45
metrics,GET,69.86459999999894,200,True,,100,16.499687,41.75,87.45
metrics,GET,69.98899999999963,200,True,,100,16.4997874,41.75,87.45
metrics,GET,70.21560000000093,200,True,,100,16.4998827,41.75,87.45
metrics,GET,70.25520000000185,200,True,,100,16.4999923,41.75,87.45
metrics,GET,68.72910000000232,200,True,,100,16.5003313,41.75,87.45
metrics,GET,69.50319999999977,200,True,,100,16.5004863,41.75,87.45
metrics,GET,69.06659999999931,200,True,,100,16.5005995,41.75,87.45
metrics,GET,69.1890000000015,200,True,,100,16.5006979,41.75,87.45
metrics,GET,68.06190000000001,200,True,,100,16.5007929,41.75,87.45
metrics,GET,68.35470000000043,200,True,,100,16.501078,41.75,87.45
metrics,GET,68.00050000000013,200,True,,100,16.5013531,41.75,87.45
metrics,GET,67.60330000000181,200,True,,100,16.5016115,41.75,87.45
metrics,GET,70.56970000000007,200,True,,100,16.5021222,41.75,87.45
metrics,GET,70.38379999999833,200,True,,100,16.5024483,41.75,87.45
metrics,GET,70.28060000000025,200,True,,100,16.5027373,41.75,87.45
metrics,GET,69.89789999999729,200,True,,100,16.5030308,41.75,87.45
metrics,GET,75.94590000000068,200,True,,100,16.5059261,41.75,87.45
metrics,GET,70.21049999999818,200,True,,100,16.512159,41.75,87.45
metrics,GET,69.3111999999978,200,True,,100,16.5127722,41.75,87.45
metrics,GET,68.78650000000164,200,True,,100,16.5131627,41.75,87.45
metrics,GET,68.27360000000127,200,True,,100,16.5135108,41.75,87.45
metrics,GET,67.36409999999893,200,True,,100,16.5137948,41.75,87.45
metrics,GET,67.5600999999979,200,True,,100,16.5140628,41.75,87.45
metrics,GET,67.01530000000133,200,True,,100,16.5143262,41.75,87.45
metrics,GET,66.48279999999929,200,True,,100,16.5145752,41.75,87.45
metrics,GET,66.12179999999768,200,True,,100,16.5148319,41.75,87.45
metrics,GET,65.48430000000138,200,True,,100,16.515093,41.75,87.45
metrics,GET,65.47589999999914,200,True,,100,16.515374,41.75,87.45
metrics,GET,64.75359999999952,200,True,,100,16.5156491,41.75,87.45
metrics,GET,64.18359999999979,200,True,,100,16.5184811,41.75,87.45
metrics,GET,63.373699999999644,200,True,,100,16.5188431,41.75,87.45
metrics,GET,61.63139999999956,200,True,,100,16.5190996,41.75,87.45
metrics,GET,72.0875999999997,200,True,,100,16.5193542,41.75,87.45
metrics,GET,71.59249999999773,200,True,,100,16.5195964,41.75,87.45
metrics,GET,71.78019999999918,200,True,,100,16.5198542,41.75,87.45
metrics,GET,71.41419999999954,200,True,,100,16.5201271,41.75,87.45
metrics,GET,70.55090000000064,200,True,,100,16.5203836,41.75,87.45
metrics,GET,71.06130000000022,200,True,,100,16.5206636,41.75,87.45
metrics,GET,69.29819999999864,200,True,,100,16.5209417,41.75,87.45
metrics,GET,69.18359999999879,200,True,,100,16.5212253,41.75,87.45
metrics,GET,69.40499999999972,200,True,,100,16.5219277,41.75,87.45
metrics,GET,67.20500000000129,200,True,,100,16.5223831,41.75,87.45
metrics,GET,67.29740000000106,200,True,,100,16.5227659,41.75,87.45
metrics,GET,66.72199999999862,200,True,,100,16.5231418,41.75,87.45
metrics,GET,69.681199999998,200,True,,100,16.5284146,41.75,87.45
metrics,GET,68.55219999999917,200,True,,100,16.5290863,41.75,87.45
metrics,GET,68.43470000000096,200,True,,100,16.5295777,41.75,87.45
metrics,GET,68.0203999999982,200,True,,100,16.5299084,41.75,87.45
metrics,GET,67.65180000000015,200,True,,100,16.5301895,41.75,87.45
metrics,GET,67.29500000000144,200,True,,100,16.5304558,41.75,87.45
metrics,GET,66.71079999999918,200,True,,100,16.5307195,41.75,87.45
metrics,GET,66.19549999999919,200,True,,100,16.530984,41.75,87.45
metrics,GET,65.86779999999948,200,True,,100,16.5312496,41.75,87.45
metrics,GET,65.46879999999788,200,True,,100,16.5315575,41.75,87.45
metrics,GET,64.78549999999927,200,True,,100,16.5319514,41.75,87.45
metrics,GET,64.59650000000039,200,True,,100,16.5323131,41.75,87.45
metrics,GET,67.51560000000012,200,True,,100,16.5326606,41.75,87.45
metrics,GET,67.62039999999914,200,True,,100,16.5345361,41.75,87.45
metrics,GET,66.59699999999802,200,True,,100,16.5350022,41.75,87.45
metrics,GET,65.3864999999989,200,True,,100,16.5364805,41.75,87.45
metrics,GET,63.52500000000205,200,True,,100,16.5369584,41.75,87.45
metrics,GET,62.28109999999987,200,True,,100,16.5380699,41.75,87.45
metrics,GET,62.03139999999863,200,True,,500,18.8662147,38.65,87.35
metrics,GET,61.70049999999705,200,True,,500,18.8667146,38.65,87.35
metrics,GET,61.347699999998895,200,True,,500,18.8669878,38.65,87.35
metrics,GET,60.9162000000012,200,True,,500,18.8672056,38.65,87.35
metrics,GET,62.0396999999997,200,True,,500,18.8674286,38.65,87.35
metrics,GET,74.98449999999934,200,True,,500,18.8676414,38.65,87.35
metrics,GET,75.37349999999776,200,True,,500,18.8678835,38.65,87.35
metrics,GET,74.8022000000006,200,True,,500,18.8681222,38.65,87.35
metrics,GET,74.43980000000039,200,True,,500,18.8683547,38.65,87.35
metrics,GET,74.47600000000065,200,True,,500,18.8685613,38.65,87.35
metrics,GET,67.21200000000138,200,True,,500,18.8687732,38.65,87.35
metrics,GET,66.52220000000142,200,True,,500,18.8689817,38.65,87.35
metrics,GET,73.98909999999859,200,True,,500,18.869204,38.65,87.35
metrics,GET,66.57380000000046,200,True,,500,18.8696378,38.65,87.35
metrics,GET,65.71220000000011,200,True,,500,18.8698532,38.65,87.35
metrics,GET,65.88049999999868,200,True,,500,18.8700559,38.65,87.35
metrics,GET,65.61320000000137,200,True,,500,18.8702729,38.65,87.35
metrics,GET,73.3668999999999,200,True,,500,18.8704546,38.65,87.35
metrics,GET,65.19770000000236,200,True,,500,18.8706373,38.65,87.35
metrics,GET,71.16320000000087,200,True,,500,18.8708326,38.65,87.35
metrics,GET,71.17149999999839,200,True,,500,18.8710197,38.65,87.35
metrics,GET,64.36499999999867,200,True,,500,18.8713617,38.65,87.35
metrics,GET,68.26529999999664,200,True,,500,18.8716399,38.65,87.35
metrics,GET,63.510400000001965,200,True,,500,18.8719048,38.65,87.35
metrics,GET,64.01400000000024,200,True,,500,18.8723471,38.65,87.35
metrics,GET,63.14689999999956,200,True,,500,18.8726372,38.65,87.35
metrics,GET,62.77319999999875,200,True,,500,18.8728726,38.65,87.35
metrics,GET,69.49510000000103,200,True,,500,18.8730874,38.65,87.35
metrics,GET,62.76240000000044,200,True,,500,18.8732956,38.65,87.35
metrics,GET,70.03659999999812,200,True,,500,18.8735117,38.65,87.35
metrics,GET,62.854999999998995,200,True,,500,18.8737231,38.65,87.35
metrics,GET,68.76859999999851,200,True,,500,18.8739156,38.65,87.35
metrics,GET,68.64359999999792,200,True,,500,18.8740957,38.65,87.35
metrics,GET,68.24269999999899,200,True,,500,18.8742686,38.65,87.35
metrics,GET,68.1789999999971,200,True,,500,18.8745967,38.65,87.35
metrics,GET,67.51870000000082,200,True,,500,18.8748026,38.65,87.35
metrics,GET,68.52680000000078,200,True,,500,18.8749724,38.65,87.35
metrics,GET,68.22959999999867,200,True,,500,18.8751451,38.65,87.35
metrics,GET,75.55969999999945,200,True,,500,18.8753396,38.65,87.35
metrics,GET,70.48119999999969,200,True,,500,18.8755376,38.65,87.35
metrics,GET,69.57860000000338,200,True,,500,18.8757307,38.65,87.35
metrics,GET,69.55050000000185,200,True,,500,18.8759131,38.65,87.35
metrics,GET,69.7466999999996,200,True,,500,18.8761427,38.65,87.35
metrics,GET,69.40939999999785,200,True,,500,18.876356,38.65,87.35
metrics,GET,68.22879999999998,200,True,,500,18.8765731,38.65,87.35
metrics,GET,68.12639999999703,200,True,,500,18.8769306,38.65,87.35
metrics,GET,68.44119999999876,200,True,,500,18.8771886,38.65,87.35
metrics,GET,67.51799999999974,200,True,,500,18.8774141,38.65,87.35
metrics,GET,66.60749999999993,200,True,,500,18.8776495,38.65,87.35
metrics,GET,66.6690999999986,200,True,,500,18.8778873,38.65,87.35
metrics,GET,68.30160000000163,200,True,,500,18.8780699,38.65,87.35
metrics,GET,72.3351000000001,200,True,,500,18.8782516,38.65,87.35
metrics,GET,67.76920000000075,200,True,,500,18.8784267,38.65,87.35
metrics,GET,66.58159999999924,200,True,,500,18.8786013,38.65,87.35
metrics,GET,65.88520000000031,200,True,,500,18.87877,38.65,87.35
metrics,GET,65.49780000000283,200,True,,500,18.8789052,38.65,87.35
metrics,GET,71.69250000000105,200,True,,500,18.8792392,38.65,87.35
metrics,GET,71.36619999999994,200,True,,500,18.8794197,38.65,87.35
metrics,GET,71.09720000000053,200,True,,500,18.8795936,38.65,87.35
metrics,GET,70.48600000000249,200,True,,500,18.8798623,38.65,87.35
metrics,GET,70.10649999999785,200,True,,500,18.8801449,38.65,87.35
metrics,GET,70.26099999999857,200,True,,500,18.8803801,38.65,87.35
metrics,GET,69.59209999999771,200,True,,500,18.8805802,38.65,87.35
metrics,GET,70.25249999999872,200,True,,500,18.8807692,38.65,87.35
metrics,GET,683.1622000000017,200,True,,500,18.880958,38.65,87.35
metrics,GET,69.68360000000118,200,True,,500,18.8811666,38.65,87.35
metrics,GET,69.4396000000026,200,True,,500,18.881379,38.65,87.35
metrics,GET,378.91860000000224,200,True,,500,18.8817961,38.65,87.35
metrics,GET,378.9213000000018,200,True,,500,18.882002,38.65,87.35
metrics,GET,378.68290000000115,200,True,,500,18.8821877,38.65,87.35
metrics,GET,378.4382999999991,200,True,,500,18.8823711,38.65,87.35
metrics,GET,681.4019000000009,200,True,,500,18.8825482,38.65,87.35
metrics,GET,68.00579999999812,200,True,,500,18.8827342,38.65,87.35
metrics,GET,68.05179999999922,200,True,,500,18.8829251,38.65,87.35
metrics,GET,67.36620000000215,200,True,,500,18.8831511,38.65,87.35
metrics,GET,68.15230000000128,200,True,,500,18.8833541,38.65,87.35
metrics,GET,72.19949999999997,200,True,,500,18.8835533,38.65,87.35
metrics,GET,68.91690000000139,200,True,,500,18.8839123,38.65,87.35
metrics,GET,70.45590000000246,200,True,,500,18.8842318,38.65,87.35
metrics,GET,69.76760000000226,200,True,,500,18.8844848,38.65,87.35
metrics,GET,67.97419999999832,200,True,,500,18.8846999,38.65,87.35
metrics,GET,66.92490000000006,200,True,,500,18.8848805,38.65,87.35
metrics,GET,68.89800000000079,200,True,,500,18.8850038,38.65,87.35
metrics,GET,70.49389999999889,200,True,,500,18.8851491,38.65,87.35
metrics,GET,69.73269999999943,200,True,,500,18.8853246,38.65,87.35
metrics,GET,69.67860000000314,200,True,,500,18.8855138,38.65,87.35
metrics,GET,65.97709999999779,200,True,,500,18.8856831,38.65,87.35
metrics,GET,67.94610000000034,200,True,,500,18.8858051,38.65,87.35
metrics,GET,68.41809999999882,200,True,,500,18.8860138,38.65,87.35
metrics,GET,69.36910000000296,200,True,,500,18.8861349,38.65,87.35
metrics,GET,67.07829999999859,200,True,,500,18.8862473,38.65,87.35
metrics,GET,67.19100000000111,200,True,,500,18.8863505,38.65,87.35
metrics,GET,68.88040000000117,200,True,,500,18.8864721,38.65,87.35
metrics,GET,67.49029999999934,200,True,,500,18.8865825,38.65,87.35
metrics,GET,66.2988999999996,200,True,,500,18.8866862,38.65,87.35
metrics,GET,68.1104000000019,200,True,,500,18.8867895,38.65,87.35
metrics,GET,65.58469999999872,200,True,,500,18.8868921,38.65,87.35
metrics,GET,66.14629999999977,200,True,,500,18.8869906,38.65,87.35
metrics,GET,65.05170000000149,200,True,,500,18.8870893,38.65,87.35
metrics,GET,67.85149999999973,200,True,,500,18.8883074,38.65,87.35
metrics,GET,100.86920000000177,200,True,,500,18.8884463,38.65,87.35
metrics,GET,107.61749999999992,200,True,,500,18.8885199,38.65,87.35
metrics,GET,108.12110000000175,200,True,,500,18.8885735,38.65,87.35
metrics,GET,104.5960000000008,200,True,,500,18.8886161,38.65,87.35
metrics,GET,107.38830000000021,200,True,,500,18.888663,38.65,87.35
metrics,GET,107.11769999999987,200,True,,500,18.8887032,38.65,87.35
metrics,GET,116.21030000000232,200,True,,500,18.8887446,38.65,87.35
metrics,GET,116.84339999999693,200,True,,500,18.8887901,38.65,87.35
metrics,GET,116.89369999999855,200,True,,500,18.8888369,38.65,87.35
metrics,GET,114.8699999999998,200,True,,500,18.8888839,38.65,87.35
metrics,GET,116.5586999999988,200,True,,500,18.8889286,38.65,87.35
metrics,GET,115.70470000000199,200,True,,500,18.8889754,38.65,87.35
metrics,GET,115.3782000000021,200,True,,500,18.8890219,38.65,87.35
metrics,GET,115.46819999999869,200,True,,500,18.8890745,38.65,87.35
metrics,GET,116.11500000000063,200,True,,500,18.8891216,38.65,87.35
metrics,GET,114.98339999999985,200,True,,500,18.889259,38.65,87.35
metrics,GET,116.07340000000121,200,True,,500,18.8893167,38.65,87.35
metrics,GET,115.73010000000039,200,True,,500,18.8893669,38.65,87.35
metrics,GET,115.39730000000148,200,True,,500,18.8894213,38.65,87.35
metrics,GET,114.53459999999893,200,True,,500,18.8894838,38.65,87.35
metrics,GET,119.71000000000132,200,True,,500,18.8895451,38.65,87.35
metrics,GET,119.61149999999776,200,True,,500,18.8895912,38.65,87.35
metrics,GET,119.66650000000101,200,True,,500,18.8896372,38.65,87.35
metrics,GET,119.45770000000167,200,True,,500,18.8896889,38.65,87.35
metrics,GET,119.33039999999906,200,True,,500,18.8897453,38.65,87.35
metrics,GET,417.6566000000008,200,True,,500,18.8897956,38.65,87.35
metrics,GET,411.8896999999997,200,True,,500,18.8898503,38.65,87.35
metrics,GET,433.43360000000075,200,True,,500,18.8899013,38.65,87.35
metrics,GET,128.83549999999744,200,True,,500,18.8899475,38.65,87.35
metrics,GET,131.48629999999883,200,True,,500,18.8900089,38.65,87.35
metrics,GET,128.36040000000182,200,True,,500,18.8900807,38.65,87.35
metrics,GET,131.57580000000024,200,True,,500,18.8901525,38.65,87.35
metrics,GET,128.25769999999892,200,True,,500,18.8902846,38.65,87.35
metrics,GET,128.0493000000007,200,True,,500,18.8904431,38.65,87.35
metrics,GET,127.69850000000105,200,True,,500,18.8904905,38.65,87.35
metrics,GET,127.75360000000191,200,True,,500,18.8905355,38.65,87.35
metrics,GET,127.81370000000081,200,True,,500,18.89058,38.65,87.35
metrics,GET,127.52589999999842,200,True,,500,18.8906259,38.65,87.35
metrics,GET,127.37339999999975,200,True,,500,18.89067,38.65,87.35
metrics,GET,127.3826999999983,200,True,,500,18.8907141,38.65,87.35
metrics,GET,127.48020000000082,200,True,,500,18.8907594,38.65,87.35
metrics,GET,128.0760999999977,200,True,,500,18.8908036,38.65,87.35
metrics,GET,130.99809999999934,200,True,,500,18.8908488,38.65,87.35
metrics,GET,127.07870000000199,200,True,,500,18.8909025,38.65,87.35
metrics,GET,130.7210000000012,200,True,,500,18.8909459,38.65,87.35
metrics,GET,130.60979999999844,200,True,,500,18.8909881,38.65,87.35
metrics,GET,130.38660000000135,200,True,,500,18.8910315,38.65,87.35
metrics,GET,130.23799999999852,200,True,,500,18.8910832,38.65,87.35
metrics,GET,127.40430000000202,200,True,,500,18.8911874,38.65,87.35
metrics,GET,127.39879999999815,200,True,,500,18.8912398,38.65,87.35
metrics,GET,127.54310000000046,200,True,,500,18.8912856,38.65,87.35
metrics,GET,127.4052999999995,200,True,,500,18.8913292,38.65,87.35
metrics,GET,126.96499999999844,200,True,,500,18.891379,38.65,87.35
metrics,GET,127.25760000000008,200,True,,500,18.8914279,38.65,87.35
metrics,GET,126.39719999999954,200,True,,500,18.8914994,38.65,87.35
metrics,GET,130.26960000000187,200,True,,500,18.8915519,38.65,87.35
metrics,GET,132.9160000000016,200,True,,500,18.8915974,38.65,87.35
metrics,GET,135.7758000000011,200,True,,500,18.8916434,38.65,87.35
metrics,GET,132.6824000000002,200,True,,500,18.8916881,38.65,87.35
metrics,GET,132.49060000000057,200,True,,500,18.8917314,38.65,87.35
metrics,GET,135.68899999999928,200,True,,500,18.8917803,38.65,87.35
metrics,GET,135.77950000000172,200,True,,500,18.8918443,38.65,87.35
metrics,GET,135.02189999999814,200,True,,500,18.8919092,38.65,87.35
metrics,GET,134.75000000000037,200,True,,500,18.8919587,38.65,87.35
metrics,GET,135.0055999999995,200,True,,500,18.8920018,38.65,87.35
metrics,GET,134.44589999999934,200,True,,500,18.8921147,38.65,87.35
metrics,GET,131.9043000000022,200,True,,500,18.8921632,38.65,87.35
metrics,GET,135.46579999999864,200,True,,500,18.8922077,38.65,87.35
metrics,GET,132.0169,200,True,,500,18.8922534,38.65,87.35
metrics,GET,135.5903999999981,200,True,,500,18.8922999,38.65,87.35
metrics,GET,131.82799999999872,200,True,,500,18.8923425,38.65,87.35
metrics,GET,131.40190000000018,200,True,,500,18.8923855,38.65,87.35
metrics,GET,131.53090000000134,200,True,,500,18.8924266,38.65,87.35
metrics,GET,131.54550000000143,200,True,,500,18.8924684,38.65,87.35
metrics,GET,131.81020000000032,200,True,,500,18.892511,38.65,87.35
metrics,GET,131.34960000000007,200,True,,500,18.8925549,38.65,87.35
metrics,GET,131.5236999999989,200,True,,500,18.8925957,38.65,87.35
metrics,GET,131.2090000000019,200,True,,500,18.8926378,38.65,87.35
metrics,GET,131.01059999999976,200,True,,500,18.8926969,38.65,87.35
metrics,GET,134.10149999999987,200,True,,500,18.8927673,38.65,87.35
metrics,GET,134.7927999999996,200,True,,500,18.8929289,38.65,87.35
metrics,GET,137.79579999999925,200,True,,500,18.8930759,38.65,87.35
metrics,GET,133.70250000000183,200,True,,500,18.8932856,38.65,87.35
metrics,GET,133.84160000000023,200,True,,500,18.8933697,38.65,87.35
metrics,GET,134.3903000000033,200,True,,500,18.8934467,38.65,87.35
metrics,GET,134.64130000000196,200,True,,500,18.8935197,38.65,87.35
metrics,GET,133.9749999999995,200,True,,500,18.893598,38.65,87.35
metrics,GET,133.69909999999763,200,True,,500,18.8936695,38.65,87.35
metrics,GET,133.58059999999838,200,True,,500,18.8937375,38.65,87.35
metrics,GET,129.72810000000123,200,True,,500,18.8938955,38.65,87.35
metrics,GET,133.48290000000063,200,True,,500,18.894036,38.65,87.35
metrics,GET,130.29930000000078,200,True,,500,18.894123,38.65,87.35
metrics,GET,132.94429999999835,200,True,,500,18.8942076,38.65,87.35
metrics,GET,132.79959999999846,200,True,,500,18.8944651,38.65,87.35
metrics,GET,161.06590000000054,200,True,,500,18.8945589,38.65,87.35
metrics,GET,168.6595000000004,200,True,,500,18.8946209,38.65,87.35
metrics,GET,168.7852999999997,200,True,,500,18.8946739,38.65,87.35
metrics,GET,168.6097999999987,200,True,,500,18.8947694,38.65,87.35
metrics,GET,175.16089999999807,200,True,,500,18.8949484,38.65,87.35
metrics,GET,175.67310000000091,200,True,,500,18.8950399,38.65,87.35
metrics,GET,175.70890000000006,200,True,,500,18.8951028,38.65,87.35
metrics,GET,175.6896000000019,200,True,,500,18.8951693,38.65,87.35
metrics,GET,175.5319999999969,200,True,,500,18.8952312,38.65,87.35
metrics,GET,175.32389999999864,200,True,,500,18.8952919,38.65,87.35
metrics,GET,175.1895999999995,200,True,,500,18.8954741,38.65,87.35
metrics,GET,174.79840000000024,200,True,,500,18.8956689,38.65,87.35
metrics,GET,174.69219999999908,200,True,,500,18.8958228,38.65,87.35
metrics,GET,174.65469999999783,200,True,,500,18.8959116,38.65,87.35
metrics,GET,174.43289999999934,200,True,,500,18.8959801,38.65,87.35
metrics,GET,174.27479999999917,200,True,,500,18.8960394,38.65,87.35
metrics,GET,174.2695999999988,200,True,,500,18.8960949,38.65,87.35
metrics,GET,174.10579999999953,200,True,,500,18.8961546,38.65,87.35
metrics,GET,173.9732000000025,200,True,,500,18.8962272,38.65,87.35
metrics,GET,180.44649999999862,200,True,,500,18.8962849,38.65,87.35
metrics,GET,180.48579999999959,200,True,,500,18.8963378,38.65,87.35
metrics,GET,180.43720000000008,200,True,,500,18.8964991,38.65,87.35
metrics,GET,180.32800000000293,200,True,,500,18.8965586,38.65,87.35
metrics,GET,186.33159999999904,200,True,,500,18.8966122,38.65,87.35
metrics,GET,185.93290000000096,200,True,,500,18.8966636,38.65,87.35
metrics,GET,185.7857999999979,200,True,,500,18.8967145,38.65,87.35
metrics,GET,185.9509000000017,200,True,,500,18.8967657,38.65,87.35
metrics,GET,186.42409999999998,200,True,,500,18.8968263,38.65,87.35
metrics,GET,186.1485000000016,200,True,,500,18.8968772,38.65,87.35
metrics,GET,185.82839999999834,200,True,,500,18.896943,38.65,87.35
metrics,GET,185.6504000000001,200,True,,500,18.8970078,38.65,87.35
metrics,GET,186.1280999999977,200,True,,500,18.8970732,38.65,87.35
metrics,GET,185.6870999999991,200,True,,500,18.8971375,38.65,87.35
metrics,GET,185.93749999999787,200,True,,500,18.8972148,38.65,87.35
metrics,GET,185.81839999999872,200,True,,500,18.8972823,38.65,87.35
metrics,GET,185.64379999999758,200,True,,500,18.8973453,38.65,87.35
metrics,GET,191.98240000000055,200,True,,500,18.8974107,38.65,87.35
metrics,GET,196.69269999999983,200,True,,500,18.8974737,38.65,87.35
metrics,GET,191.97109999999995,200,True,,500,18.8976343,38.65,87.35
metrics,GET,191.99569999999966,200,True,,500,18.8977039,38.65,87.35
metrics,GET,197.23889999999855,200,True,,500,18.8977712,38.65,87.35
metrics,GET,191.66499999999687,200,True,,500,18.8978357,38.65,87.35
metrics,GET,195.68809999999814,200,True,,500,18.8979052,38.65,87.35
metrics,GET,191.82109999999852,200,True,,500,18.8979734,38.65,87.35
metrics,GET,196.03890000000135,200,True,,500,18.8980461,38.65,87.35
metrics,GET,195.73370000000168,200,True,,500,18.8981221,38.65,87.35
metrics,GET,196.27849999999825,200,True,,500,18.8982117,38.65,87.35
metrics,GET,196.35669999999905,200,True,,500,18.8982899,38.65,87.35
metrics,GET,196.22339999999738,200,True,,500,18.8983677,38.65,87.35
metrics,GET,191.29990000000063,200,True,,500,18.8984465,38.65,87.35
metrics,GET,196.01570000000024,200,True,,500,18.8985239,38.65,87.35
metrics,GET,195.4178000000013,200,True,,500,18.8985997,38.65,87.35
metrics,GET,190.51169999999829,200,True,,500,18.8986735,38.65,87.35
metrics,GET,195.95320000000171,200,True,,500,18.8987488,38.65,87.35
metrics,GET,194.3911000000007,200,True,,500,18.8989177,38.65,87.35
metrics,GET,195.30989999999804,200,True,,500,18.8990128,38.65,87.35
metrics,GET,190.17860000000297,200,True,,500,18.8990907,38.65,87.35
metrics,GET,195.7601000000011,200,True,,500,18.8991606,38.65,87.35
metrics,GET,195.15690000000063,200,True,,500,18.8992291,38.65,87.35
metrics,GET,194.44260000000213,200,True,,500,18.8993032,38.65,87.35
metrics,GET,195.063600000001,200,True,,500,18.8993754,38.65,87.35
metrics,GET,194.69510000000056,200,True,,500,18.8994523,38.65,87.35
metrics,GET,190.31659999999917,200,True,,500,18.8995262,38.65,87.35
metrics,GET,195.49650000000085,200,True,,500,18.8995964,38.65,87.35
metrics,GET,193.8057999999998,200,True,,500,18.8996655,38.65,87.35
metrics,GET,194.1032000000007,200,True,,500,18.8997271,38.65,87.35
metrics,GET,189.86109999999812,200,True,,500,18.8997917,38.65,87.35
metrics,GET,189.6872000000016,200,True,,500,18.8998669,38.65,87.35
metrics,GET,189.50969999999856,200,True,,500,18.8999381,38.65,87.35
metrics,GET,194.8149999999984,200,True,,500,18.9000124,38.65,87.35
metrics,GET,194.63960000000213,200,True,,500,18.9000812,38.65,87.35
metrics,GET,189.06899999999993,200,True,,500,18.9002662,38.65,87.35
metrics,GET,201.4296999999985,200,True,,500,18.9003407,38.65,87.35
metrics,GET,201.16179999999773,200,True,,500,18.9004058,38.65,87.35
metrics,GET,201.67280000000076,200,True,,500,18.9004667,38.65,87.35
metrics,GET,201.0676999999994,200,True,,500,18.9005313,38.65,87.35
metrics,GET,201.20069999999757,200,True,,500,18.9005927,38.65,87.35
metrics,GET,201.55910000000077,200,True,,500,18.9006631,38.65,87.35
metrics,GET,201.23279999999966,200,True,,500,18.9007243,38.65,87.35
metrics,GET,201.26949999999866,200,True,,500,18.9007815,38.65,87.35
metrics,GET,198.78130000000027,200,True,,500,18.9008377,38.65,87.35
metrics,GET,198.5644000000022,200,True,,500,18.9008947,38.65,87.35
metrics,GET,198.25150000000136,200,True,,500,18.9009495,38.65,87.35
metrics,GET,197.70109999999974,200,True,,500,18.9010048,38.65,87.35
metrics,GET,197.4817999999985,200,True,,500,18.9010575,38.65,87.35
metrics,GET,196.98900000000208,200,True,,500,18.901113,38.65,87.35
metrics,GET,198.0296999999993,200,True,,500,18.9012761,38.65,87.35
metrics,GET,197.53519999999725,200,True,,500,18.901503,38.65,87.35
metrics,GET,196.7730000000003,200,True,,500,18.9015842,38.65,87.35
metrics,GET,197.2194000000016,200,True,,500,18.9016527,38.65,87.35
metrics,GET,200.22750000000045,200,True,,500,18.9017072,38.65,87.35
metrics,GET,226.52259999999913,200,True,,500,18.9017693,38.65,87.35
metrics,GET,226.58749999999728,200,True,,500,18.9018936,38.65,87.35
metrics,GET,233.92899999999983,200,True,,500,18.9020408,38.65,87.35
metrics,GET,234.00099999999924,200,True,,500,18.902113,38.65,87.35
metrics,GET,542.3843999999996,200,True,,500,18.9021657,38.65,87.35
metrics,GET,542.0309000000003,200,True,,500,18.9022304,38.65,87.35
metrics,GET,541.6503000000006,200,True,,500,18.9022866,38.65,87.35
metrics,GET,233.88120000000256,200,True,,500,18.9023394,38.65,87.35
metrics,GET,233.5548999999979,200,True,,500,18.9025016,38.65,87.35
metrics,GET,540.7536999999998,200,True,,500,18.9025874,38.65,87.35
metrics,GET,540.8781000000005,200,True,,500,18.9026465,38.65,87.35
metrics,GET,540.3803000000025,200,True,,500,18.9026987,38.65,87.35
metrics,GET,232.6582999999971,200,True,,500,18.9036803,38.65,87.35
metrics,GET,232.66130000000018,200,True,,500,18.9037709,38.65,87.35
metrics,GET,232.5513000000008,200,True,,500,18.9038342,38.65,87.35
metrics,GET,232.41589999999945,200,True,,500,18.9038876,38.65,87.35
metrics,GET,232.3184999999981,200,True,,500,18.9039372,38.65,87.35
metrics,GET,232.18479999999886,200,True,,500,18.9039839,38.65,87.35
metrics,GET,239.98100000000022,200,True,,500,18.9040285,38.65,87.35
metrics,GET,240.843899999998,200,True,,500,18.9040755,38.65,87.35
metrics,GET,240.39159999999882,200,True,,500,18.904145,38.65,87.35
metrics,GET,248.2867000000013,200,True,,500,18.9041939,38.65,87.35
metrics,GET,246.76029999999827,200,True,,500,18.9042408,38.65,87.35
metrics,GET,248.21409999999844,200,True,,500,18.9044159,38.65,87.35
metrics,GET,248.25870000000094,200,True,,500,18.9045122,38.65,87.35
metrics,GET,247.7513000000009,200,True,,500,18.9045854,38.65,87.35
metrics,GET,247.5676,200,True,,500,18.9046362,38.65,87.35
metrics,GET,247.25279999999827,200,True,,500,18.9046804,38.65,87.35
metrics,GET,246.7398000000003,200,True,,500,18.9048734,38.65,87.35
metrics,GET,246.41270000000048,200,True,,500,18.9050498,38.65,87.35
metrics,GET,246.95110000000042,200,True,,500,18.9051179,38.65,87.35
metrics,GET,246.58759999999802,200,True,,500,18.9051946,38.65,87.35
metrics,GET,246.0230999999986,200,True,,500,18.9052538,38.65,87.35
metrics,GET,251.47790000000114,200,True,,500,18.9053073,38.65,87.35
metrics,GET,255.08020000000187,200,True,,500,18.9053591,38.65,87.35
metrics,GET,251.69759999999997,200,True,,500,18.9054105,38.65,87.35
metrics,GET,255.08199999999803,200,True,,500,18.905483,38.65,87.35
metrics,GET,254.3785000000014,200,True,,500,18.9055289,38.65,87.35
metrics,GET,254.30899999999923,200,True,,500,18.9055652,38.65,87.35
metrics,GET,250.72839999999985,200,True,,500,18.9056005,38.65,87.35
metrics,GET,251.0263999999971,200,True,,500,18.9056345,38.65,87.35
metrics,GET,254.70179999999942,200,True,,500,18.9056706,38.65,87.35
metrics,GET,251.24090000000265,200,True,,500,18.9057075,38.65,87.35
metrics,GET,254.44870000000108,200,True,,500,18.9057483,38.65,87.35
metrics,GET,254.35829999999982,200,True,,500,18.9058154,38.65,87.35
metrics,GET,254.7840999999984,200,True,,500,18.9059202,38.65,87.35
metrics,GET,253.82800000000216,200,True,,500,18.905969,38.65,87.35
metrics,GET,254.55960000000033,200,True,,500,18.9060247,38.65,87.35
metrics,GET,250.4407999999998,200,True,,500,18.9060661,38.65,87.35
metrics,GET,253.99220000000255,200,True,,500,18.9061128,38.65,87.35
metrics,GET,254.35219999999958,200,True,,500,18.906161,38.65,87.35
metrics,GET,261.2052000000027,200,True,,500,18.9062082,38.65,87.35
metrics,GET,262.0572999999986,200,True,,500,18.9062518,38.65,87.35
metrics,GET,261.1591000000004,200,True,,500,18.9063239,38.65,87.35
metrics,GET,262.44269999999756,200,True,,500,18.9063775,38.65,87.35
metrics,GET,262.6141000000004,200,True,,500,18.9064427,38.65,87.35
metrics,GET,262.4707000000015,200,True,,500,18.9065016,38.65,87.35
metrics,GET,261.690999999999,200,True,,500,18.9065616,38.65,87.35
metrics,GET,261.85530000000057,200,True,,500,18.9066282,38.65,87.35
metrics,GET,261.7416999999982,200,True,,500,18.9066812,38.65,87.35
metrics,GET,261.45449999999926,200,True,,500,18.9067304,38.65,87.35
metrics,GET,261.2443999999989,200,True,,500,18.9068732,38.65,87.35
metrics,GET,261.43319999999903,200,True,,500,18.9069319,38.65,87.35
metrics,GET,260.9470000000016,200,True,,500,18.9069814,38.65,87.35
metrics,GET,259.8565999999991,200,True,,500,18.9070328,38.65,87.35
metrics,GET,260.7292000000001,200,True,,500,18.9070805,38.65,87.35
metrics,GET,260.60850000000005,200,True,,500,18.9071448,38.65,87.35
metrics,GET,260.3554000000017,200,True,,500,18.9072042,38.65,87.35
metrics,GET,260.38300000000095,200,True,,500,18.9072516,38.65,87.35
metrics,GET,262.1485000000021,200,True,,500,18.9072966,38.65,87.35
metrics,GET,254.42310000000035,200,True,,500,18.9073413,38.65,87.35
metrics,GET,260.29880000000105,200,True,,500,18.9073842,38.65,87.35
metrics,GET,259.3694000000006,200,True,,500,18.9074343,38.65,87.35
metrics,GET,262.2976000000001,200,True,,500,18.9074859,38.65,87.35
metrics,GET,260.44130000000007,200,True,,500,18.9075379,38.65,87.35
metrics,GET,261.4999000000005,200,True,,500,18.9075873,38.65,87.35
metrics,GET,259.3464999999995,200,True,,500,18.9076343,38.65,87.35
metrics,GET,259.20250000000067,200,True,,500,18.9077538,38.65,87.35
metrics,GET,259.51700000000244,200,True,,500,18.9078098,38.65,87.35
metrics,GET,260.6836000000001,200,True,,500,18.9078569,38.65,87.35
metrics,GET,259.2704000000019,200,True,,500,18.907901,38.65,87.35
metrics,GET,260.10580000000164,200,True,,500,18.9079469,38.65,87.35
metrics,GET,260.65980000000263,200,True,,500,18.9079989,38.65,87.35
metrics,GET,260.5514000000006,200,True,,500,18.9080487,38.65,87.35
metrics,GET,267.5935000000003,200,True,,500,18.9081044,38.65,87.35
metrics,GET,265.54680000000275,200,True,,500,18.9081545,38.65,87.35
metrics,GET,265.5472000000003,200,True,,500,18.9082112,38.65,87.35
metrics,GET,265.36829999999867,200,True,,500,18.9082672,38.65,87.35
metrics,GET,265.2493000000007,200,True,,500,18.9083201,38.65,87.35
metrics,GET,265.1105000000023,200,True,,500,18.9083661,38.65,87.35
metrics,GET,265.40209999999934,200,True,,500,18.9084106,38.65,87.35
metrics,GET,289.5121999999972,200,True,,500,18.9086585,38.65,87.35
metrics,GET,289.2514999999989,200,True,,500,18.9088096,38.65,87.35
metrics,GET,296.954600000003,200,True,,500,18.9089182,38.65,87.35
metrics,GET,296.4898999999974,200,True,,500,18.9090996,38.65,87.35
metrics,GET,296.09299999999905,200,True,,500,18.9093528,38.65,87.35
metrics,GET,295.7435000000004,200,True,,500,18.9094676,38.65,87.35
metrics,GET,295.31799999999816,200,True,,500,18.9095432,38.65,87.35
metrics,GET,295.6537000000026,200,True,,500,18.9097041,38.65,87.35
metrics,GET,294.9021999999992,200,True,,500,18.9097715,38.65,87.35
metrics,GET,295.9144000000009,200,True,,500,18.9098272,38.65,87.35
metrics,GET,294.54080000000005,200,True,,500,18.9098789,38.65,87.35
metrics,GET,295.0949999999999,200,True,,500,18.9099199,38.65,87.35
metrics,GET,300.08610000000147,200,True,,500,18.909955,38.65,87.35
metrics,GET,299.95610000000283,200,True,,500,18.9099895,38.65,87.35
metrics,GET,308.6328999999992,200,True,,500,18.9100225,38.65,87.35
metrics,GET,308.7756000000006,200,True,,500,18.9100622,38.65,87.35
metrics,GET,308.8305999999967,200,True,,500,18.9101041,38.65,87.35
metrics,GET,308.6658,200,True,,500,18.9101383,38.65,87.35
metrics,GET,308.5741999999989,200,True,,500,18.9101769,38.65,87.35
metrics,GET,308.4401999999997,200,True,,500,18.9102705,38.65,87.35
metrics,GET,308.2899000000019,200,True,,500,18.9103094,38.65,87.35
metrics,GET,308.18590000000154,200,True,,500,18.9103465,38.65,87.35
metrics,GET,308.0464999999997,200,True,,500,18.9103813,38.65,87.35
metrics,GET,314.94049999999874,200,True,,500,18.9104154,38.65,87.35
metrics,GET,314.560199999999,200,True,,500,18.9104506,38.65,87.35
metrics,GET,315.2532999999984,200,True,,500,18.910485,38.65,87.35
metrics,GET,315.029899999999,200,True,,500,18.9105201,38.65,87.35
metrics,GET,313.75509999999804,200,True,,500,18.9105525,38.65,87.35
metrics,GET,314.1597000000012,200,True,,500,18.9105891,38.65,87.35
metrics,GET,315.0124000000005,200,True,,500,18.9106329,38.65,87.35
metrics,GET,314.77259999999774,200,True,,500,18.910682,38.65,87.35
metrics,GET,314.42399999999895,200,True,,500,18.9107174,38.65,87.35
metrics,GET,314.5005999999988,200,True,,500,18.9107521,38.65,87.35
metrics,GET,322.9311000000017,200,True,,500,18.9107876,38.65,87.35
metrics,GET,321.859700000001,200,True,,500,18.9108229,38.65,87.35
metrics,GET,322.0717000000022,200,True,,500,18.9109284,38.65,87.35
metrics,GET,322.4049000000022,200,True,,500,18.91098,38.65,87.35
metrics,GET,322.2459999999998,200,True,,500,18.9110181,38.65,87.35
metrics,GET,321.29280000000193,200,True,,500,18.9110533,38.65,87.35
metrics,GET,322.4154999999982,200,True,,500,18.9110888,38.65,87.35
metrics,GET,321.36919999999947,200,True,,500,18.9111255,38.65,87.35
metrics,GET,318.12220000000127,200,True,,500,18.911161,38.65,87.35
metrics,GET,322.9155000000006,200,True,,500,18.911201,38.65,87.35
metrics,GET,323.22650000000056,200,True,,500,18.9112372,38.65,87.35
metrics,GET,321.62600000000197,200,True,,500,18.9112737,38.65,87.35
metrics,GET,321.7439999999989,200,True,,500,18.9113928,38.65,87.35
metrics,GET,320.695299999997,200,True,,500,18.9114615,38.65,87.35
metrics,GET,322.1379999999989,200,True,,500,18.9115073,38.65,87.35
metrics,GET,329.50519999999983,200,True,,500,18.9115457,38.65,87.35
metrics,GET,329.4174000000005,200,True,,500,18.9115812,38.65,87.35
metrics,GET,329.1692000000026,200,True,,500,18.9116175,38.65,87.35
metrics,GET,329.793200000001,200,True,,500,18.9116531,38.65,87.35
metrics,GET,329.6371000000029,200,True,,500,18.9117677,38.65,87.35
metrics,GET,329.6679000000005,200,True,,500,18.9118074,38.65,87.35
metrics,GET,329.0381000000018,200,True,,500,18.9118422,38.65,87.35
metrics,GET,328.97979999999905,200,True,,500,18.9118763,38.65,87.35
metrics,GET,329.0393000000016,200,True,,500,18.9119094,38.65,87.35
metrics,GET,328.956299999998,200,True,,500,18.9119433,38.65,87.35
metrics,GET,327.54720000000145,200,True,,500,18.9119785,38.65,87.35
metrics,GET,327.5972999999972,200,True,,500,18.9120136,38.65,87.35
metrics,GET,329.41479999999854,200,True,,500,18.912047,38.65,87.35
metrics,GET,327.39660000000015,200,True,,500,18.912082,38.65,87.35
metrics,GET,327.2592999999979,200,True,,500,18.9121169,38.65,87.35
metrics,GET,326.87430000000006,200,True,,500,18.9121512,38.65,87.35
metrics,GET,327.02090000000084,200,True,,500,18.9121848,38.65,87.35
metrics,GET,326.90720000000084,200,True,,500,18.9122187,38.65,87.35
metrics,GET,326.35900000000004,200,True,,500,18.9122678,38.65,87.35
metrics,GET,326.9864000000027,200,True,,500,18.9123043,38.65,87.35
metrics,GET,326.5484000000001,200,True,,500,18.9123879,38.65,87.35
metrics,GET,326.4006999999971,200,True,,500,18.9124301,38.65,87.35
metrics,GET,326.06720000000064,200,True,,500,18.9124674,38.65,87.35
metrics,GET,325.8109999999981,200,True,,500,18.9125021,38.65,87.35
metrics,GET,328.82430000000085,200,True,,500,18.9125379,38.65,87.35
metrics,GET,328.68919999999946,200,True,,500,18.9125698,38.65,87.35
metrics,GET,325.37289999999786,200,True,,500,18.9126018,38.65,87.35
metrics,GET,326.0949000000011,200,True,,500,18.9126388,38.65,87.35
metrics,GET,325.4836999999995,200,True,,500,18.9126792,38.65,87.35
metrics,GET,325.72050000000274,200,True,,500,18.9127171,38.65,87.35
metrics,GET,328.5917999999981,200,True,,500,18.9127544,38.65,87.35
metrics,GET,328.5115000000012,200,True,,500,18.9127919,38.65,87.35
metrics,GET,328.3673,200,True,,500,18.9128266,38.65,87.35
metrics,GET,328.2410999999996,200,True,,500,18.9128579,38.65,87.35
metrics,GET,328.25399999999763,200,True,,500,18.9128919,38.65,87.35
metrics,GET,328.3136999999989,200,True,,500,18.912928,38.65,87.35
metrics,GET,331.9223999999998,200,True,,500,18.9130134,38.65,87.35
metrics,GET,355.22960000000126,200,True,,500,18.9130707,38.65,87.35
metrics,GET,354.94810000000143,200,True,,500,18.913113,38.65,87.35
metrics,GET,360.6946999999998,200,True,,500,18.9131547,38.65,87.35
metrics,GET,360.71959999999945,200,True,,500,18.9132133,38.65,87.35
metrics,GET,360.44629999999955,200,True,,500,18.9132785,38.65,87.35
metrics,GET,360.2267999999995,200,True,,500,18.9133365,38.65,87.35
metrics,GET,360.0151999999994,200,True,,500,18.9133919,38.65,87.35
metrics,GET,360.1638999999999,200,True,,500,18.9134437,38.65,87.35
metrics,GET,360.01599999999814,200,True,,500,18.9134983,38.65,87.35
metrics,GET,359.9160999999995,200,True,,500,18.9135491,38.65,87.35
metrics,GET,359.71649999999755,200,True,,500,18.9136035,38.65,87.35
metrics,GET,365.84639999999877,200,True,,500,18.9136558,38.65,87.35
metrics,GET,366.1054999999998,200,True,,500,18.9137078,38.65,87.35
metrics,GET,365.9195000000004,200,True,,500,18.9137593,38.65,87.35
metrics,GET,372.7245000000004,200,True,,500,18.913813,38.65,87.35
metrics,GET,372.64839999999924,200,True,,500,18.9139288,38.65,87.35
metrics,GET,372.6105000000004,200,True,,500,18.9139923,38.65,87.35
metrics,GET,371.9026999999997,200,True,,500,18.914052,38.65,87.35
metrics,GET,371.7958999999986,200,True,,500,18.9141061,38.65,87.35
metrics,GET,371.558499999999,200,True,,500,18.9141765,38.65,87.35
metrics,GET,371.60880000000066,200,True,,500,18.9142324,38.65,87.35
metrics,GET,380.032700000001,200,True,,500,18.9142871,38.65,87.35
metrics,GET,379.8987999999994,200,True,,500,18.9143408,38.65,87.35
metrics,GET,380.0410999999997,200,True,,500,18.9143932,38.65,87.35
metrics,GET,379.94859999999875,200,True,,500,18.9144568,38.65,87.35
metrics,GET,379.8507999999998,200,True,,500,18.9145144,38.65,87.35
metrics,GET,379.8840000000006,200,True,,500,18.9145677,38.65,87.35
metrics,GET,379.5577999999971,200,True,,500,18.9146205,38.65,87.35
metrics,GET,377.9059000000018,200,True,,500,18.9146747,38.65,87.35
metrics,GET,377.75429999999943,200,True,,500,18.9147688,38.65,87.35
metrics,GET,379.6159999999986,200,True,,500,18.9148499,38.65,87.35
metrics,GET,379.3553000000003,200,True,,500,18.9149063,38.65,87.35
metrics,GET,376.26990000000046,200,True,,500,18.9161617,38.65,87.35
metrics,GET,385.09039999999925,200,True,,500,18.9162735,38.65,87.35
metrics,GET,385.2295000000012,200,True,,500,18.9163444,38.65,87.35
metrics,GET,385.28009999999927,200,True,,500,18.9164067,38.65,87.35
metrics,GET,385.18599999999736,200,True,,500,18.9164652,38.65,87.35
metrics,GET,385.00210000000124,200,True,,500,18.9165174,38.65,87.35
metrics,GET,384.867100000001,200,True,,500,18.9165919,38.65,87.35
list_models,GET,62.71499999999719,200,True,,100,21.5823977,40.2,86.65
list_models,GET,70.5644999999997,200,True,,100,21.5827152,40.2,86.65
list_models,GET,76.84150000000045,200,True,,100,21.5828526,40.2,86.65
list_models,GET,77.0450000000018,200,True,,100,21.5829566,40.2,86.65
list_models,GET,76.597900000003,200,True,,100,21.5830538,40.2,86.65
list_models,GET,76.65650000000213,200,True,,100,21.5831439,40.2,86.65
list_models,GET,76.60330000000215,200,True,,100,21.583232,40.2,86.65
list_models,GET,76.53379999999999,200,True,,100,21.5833168,40.2,86.65
list_models,GET,76.07699999999795,200,True,,100,21.5834031,40.2,86.65
list_models,GET,68.91320000000078,200,True,,100,21.5834997,40.2,86.65
list_models,GET,76.32329999999854,200,True,,100,21.5835903,40.2,86.65
list_models,GET,68.77820000000057,200,True,,100,21.5836778,40.2,86.65
list_models,GET,68.56060000000141,200,True,,100,21.5837665,40.2,86.65
list_models,GET,69.05749999999955,200,True,,100,21.5839559,40.2,86.65
list_models,GET,68.54190000000315,200,True,,100,21.5840464,40.2,86.65
list_models,GET,68.22169999999872,200,True,,100,21.5841491,40.2,86.65
list_models,GET,67.40680000000054,200,True,,100,21.5842901,40.2,86.65
list_models,GET,68.38349999999949,200,True,,100,21.5844662,40.2,86.65
list_models,GET,67.1997000000033,200,True,,100,21.5846301,40.2,86.65
list_models,GET,67.02100000000044,200,True,,100,21.5849385,40.2,86.65
list_models,GET,74.46820000000187,200,True,,100,21.5853118,40.2,86.65
list_models,GET,66.51570000000007,200,True,,100,21.5855844,40.2,86.65
list_models,GET,73.62609999999847,200,True,,100,21.5858087,40.2,86.65
list_models,GET,73.35540000000051,200,True,,100,21.5859904,40.2,86.65
list_models,GET,65.56500000000298,200,True,,100,21.5862113,40.2,86.65
list_models,GET,65.87670000000045,200,True,,100,21.5863095,40.2,86.65
list_models,GET,65.64559999999986,200,True,,100,21.5864096,40.2,86.65
list_models,GET,73.30980000000054,200,True,,100,21.5865093,40.2,86.65
list_models,GET,63.33249999999779,200,True,,100,21.5867323,40.2,86.65
list_models,GET,72.64749999999864,200,True,,100,21.5868763,40.2,86.65
list_models,GET,72.57459999999938,200,True,,100,21.5869913,40.2,86.65
list_models,GET,72.85939999999869,200,True,,100,21.5870989,40.2,86.65
list_models,GET,71.86689999999984,200,True,,100,21.5871954,40.2,86.65
list_models,GET,72.32670000000141,200,True,,100,21.5872824,40.2,86.65
list_models,GET,64.70290000000034,200,True,,100,21.5874404,40.2,86.65
list_models,GET,64.47100000000106,200,True,,100,21.58754,40.2,86.65
list_models,GET,65.51719999999861,200,True,,100,21.5876324,40.2,86.65
list_models,GET,72.01550000000267,200,True,,100,21.5877219,40.2,86.65
list_models,GET,72.05749999999966,200,True,,100,21.5878086,40.2,86.65
list_models,GET,71.3442999999998,200,True,,100,21.5879,40.2,86.65
list_models,GET,71.30730000000085,200,True,,100,21.587986,40.2,86.65
list_models,GET,71.12509999999972,200,True,,100,21.5880709,40.2,86.65
list_models,GET,70.98629999999773,200,True,,100,21.5881551,40.2,86.65
list_models,GET,71.148400000002,200,True,,100,21.5882427,40.2,86.65
list_models,GET,63.89589999999856,200,True,,100,21.5883392,40.2,86.65
list_models,GET,63.788100000000014,200,True,,100,21.5884938,40.2,86.65
list_models,GET,78.57320000000101,200,True,,100,21.588593,40.2,86.65
list_models,GET,77.92889999999986,200,True,,100,21.5886869,40.2,86.65
list_models,GET,79.25859999999929,200,True,,100,21.5887763,40.2,86.65
list_models,GET,78.83800000000107,200,True,,100,21.5888621,40.2,86.65
list_models,GET,77.9096999999993,200,True,,100,21.5889485,40.2,86.65
list_models,GET,77.91990000000126,200,True,,100,21.5890313,40.2,86.65
list_models,GET,77.63489999999962,200,True,,100,21.5891171,40.2,86.65
list_models,GET,77.45480000000171,200,True,,100,21.5892418,40.2,86.65
list_models,GET,78.70929999999987,200,True,,100,21.5894385,40.2,86.65
list_models,GET,78.35349999999863,200,True,,100,21.5895642,40.2,86.65
list_models,GET,78.1236000000014,200,True,,100,21.5897518,40.2,86.65
list_models,GET,77.97219999999783,200,True,,100,21.5898517,40.2,86.65
list_models,GET,77.63459999999966,200,True,,100,21.5899413,40.2,86.65
list_models,GET,77.75460000000223,200,True,,100,21.5900267,40.2,86.65
list_models,GET,78.13999999999766,200,True,,100,21.590112,40.2,86.65
list_models,GET,77.41940000000014,200,True,,100,21.5901982,40.2,86.65
list_models,GET,77.37639999999857,200,True,,100,21.5902819,40.2,86.65
list_models,GET,77.09649999999968,200,True,,100,21.5903961,40.2,86.65
list_models,GET,76.6863000000022,200,True,,100,21.5906031,40.2,86.65
list_models,GET,76.35179999999764,200,True,,100,21.5907313,40.2,86.65
list_models,GET,76.1864999999986,200,True,,100,21.5908544,40.2,86.65
list_models,GET,76.26739999999899,200,True,,100,21.5910623,40.2,86.65
list_models,GET,76.03900000000152,200,True,,100,21.5911674,40.2,86.65
list_models,GET,75.59660000000079,200,True,,100,21.5913096,40.2,86.65
list_models,GET,76.31589999999733,200,True,,100,21.5914247,40.2,86.65
list_models,GET,76.01709999999784,200,True,,100,21.5915171,40.2,86.65
list_models,GET,75.39229999999719,200,True,,100,21.5916047,40.2,86.65
list_models,GET,75.67919999999972,200,True,,100,21.5916908,40.2,86.65
list_models,GET,75.66339999999983,200,True,,100,21.5917882,40.2,86.65
list_models,GET,75.53169999999909,200,True,,100,21.5918795,40.2,86.65
list_models,GET,74.83820000000208,200,True,,100,21.5919696,40.2,86.65
list_models,GET,73.00529999999839,200,True,,100,21.5942426,40.2,86.65
list_models,GET,72.16199999999873,200,True,,100,21.5949627,40.2,86.65
list_models,GET,81.39500000000055,200,True,,100,21.5954881,40.2,86.65
list_models,GET,80.6806999999985,200,True,,100,21.5957353,40.2,86.65
list_models,GET,80.7216000000004,200,True,,100,21.5959143,40.2,86.65
list_models,GET,80.24969999999954,200,True,,100,21.5960443,40.2,86.65
list_models,GET,80.3863999999983,200,True,,100,21.5961418,40.2,86.65
list_models,GET,78.0549999999991,200,True,,100,21.5962334,40.2,86.65
list_models,GET,81.0808999999999,200,True,,100,21.5963195,40.2,86.65
list_models,GET,80.59689999999975,200,True,,100,21.5964025,40.2,86.65
list_models,GET,81.41359999999764,200,True,,100,21.5964871,40.2,86.65
list_models,GET,80.86570000000037,200,True,,100,21.5966569,40.2,86.65
list_models,GET,80.87400000000144,200,True,,100,21.5967621,40.2,86.65
list_models,GET,78.99940000000072,200,True,,100,21.5968527,40.2,86.65
list_models,GET,80.17810000000125,200,True,,100,21.5970695,40.2,86.65
list_models,GET,78.86359999999826,200,True,,100,21.5971592,40.2,86.65
list_models,GET,80.08299999999835,200,True,,100,21.597245,40.2,86.65
list_models,GET,80.80969999999965,200,True,,100,21.5973286,40.2,86.65
list_models,GET,79.33899999999738,200,True,,100,21.5974189,40.2,86.65
list_models,GET,80.26860000000013,200,True,,100,21.5975052,40.2,86.65
list_models,GET,79.53600000000094,200,True,,100,21.5975912,40.2,86.65
list_models,GET,80.33869999999865,200,True,,100,21.5976779,40.2,86.65
list_models,GET,78.3062000000001,200,True,,100,21.5978474,40.2,86.65
list_models,GET,68.15209999999894,200,True,,100,21.6451518,40.2,86.65
list_models,GET,62.42509999999868,200,True,,100,21.6501051,40.2,86.65
list_models,GET,58.08840000000259,200,True,,100,21.6550557,40.2,86.65
list_models,GET,57.36760000000274,200,True,,100,21.6555592,40.2,86.65
list_models,GET,56.84409999999929,200,True,,100,21.6559149,40.2,86.65
list_models,GET,63.11549999999855,200,True,,100,21.6562221,40.2,86.65
list_models,GET,62.7235000000006,200,True,,100,21.6565409,40.2,86.65
list_models,GET,62.57929999999945,200,True,,100,21.6568093,40.2,86.65
list_models,GET,62.402099999999905,200,True,,100,21.6570761,40.2,86.65
list_models,GET,64.55079999999924,200,True,,100,21.6571766,40.2,86.65
list_models,GET,62.10490000000135,200,True,,100,21.6573295,40.2,86.65
list_models,GET,64.7878999999989,200,True,,100,21.6575174,40.2,86.65
list_models,GET,64.53649999999911,200,True,,100,21.6576486,40.2,86.65
list_models,GET,64.7689999999983,200,True,,100,21.6577738,40.2,86.65
list_models,GET,64.53490000000173,200,True,,100,21.6578864,40.2,86.65
list_models,GET,64.07390000000035,200,True,,100,21.6579869,40.2,86.65
list_models,GET,63.83780000000172,200,True,,100,21.6580801,40.2,86.65
list_models,GET,68.36149999999819,200,True,,100,21.6581735,40.2,86.65
list_models,GET,69.03720000000035,200,True,,100,21.6582692,40.2,86.65
list_models,GET,71.81040000000039,200,True,,100,21.658363,40.2,86.65
list_models,GET,68.10139999999976,200,True,,100,21.6587674,40.2,86.65
list_models,GET,71.19249999999866,200,True,,100,21.65887,40.2,86.65
list_models,GET,69.94839999999769,200,True,,100,21.6603588,40.2,86.65
list_models,GET,67.1116000000005,200,True,,100,21.6605213,40.2,86.65
list_models,GET,69.48690000000113,200,True,,100,21.6606387,40.2,86.65
list_models,GET,66.75969999999865,200,True,,100,21.6607422,40.2,86.65
list_models,GET,65.11509999999987,200,True,,100,21.6608372,40.2,86.65
list_models,GET,69.3331999999991,200,True,,100,21.6609292,40.2,86.65
list_models,GET,69.31720000000041,200,True,,100,21.6610343,40.2,86.65
list_models,GET,69.09179999999893,200,True,,100,21.6611265,40.2,86.65
list_models,GET,66.49720000000059,200,True,,100,21.6612141,40.2,86.65
list_models,GET,69.09000000000276,200,True,,100,21.661305,40.2,86.65
list_models,GET,64.72139999999982,200,True,,100,21.6614007,40.2,86.65
list_models,GET,64.8768000000004,200,True,,100,21.6614934,40.2,86.65
list_models,GET,65.47889999999867,200,True,,100,21.6616517,40.2,86.65
list_models,GET,366.87009999999987,200,True,,100,21.661905,40.2,86.65
list_models,GET,64.09090000000006,200,True,,100,21.6621624,40.2,86.65
list_models,GET,366.1899999999996,200,True,,100,21.6624107,40.2,86.65
list_models,GET,365.67760000000146,200,True,,100,21.6626525,40.2,86.65
list_models,GET,358.9696000000018,200,True,,100,21.6628777,40.2,86.65
list_models,GET,73.53580000000193,200,True,,100,21.6635808,40.2,86.65
list_models,GET,73.32580000000277,200,True,,100,21.6638669,40.2,86.65
list_models,GET,73.0940000000011,200,True,,100,21.6642852,40.2,86.65
list_models,GET,72.55659999999864,200,True,,100,21.6647786,40.2,86.65
list_models,GET,72.1525000000014,200,True,,100,21.6651386,40.2,86.65
list_models,GET,71.98340000000059,200,True,,100,21.6652622,40.2,86.65
list_models,GET,68.76210000000071,200,True,,100,21.6687464,40.2,86.65
list_models,GET,68.49499999999864,200,True,,100,21.6692295,40.2,86.65
list_models,GET,68.11839999999947,200,True,,100,21.6695645,40.2,86.65
list_models,GET,67.77669999999958,200,True,,100,21.6698612,40.2,86.65
list_models,GET,67.409099999999,200,True,,100,21.6701841,40.2,86.65
list_models,GET,66.99800000000167,200,True,,100,21.6704683,40.2,86.65
list_models,GET,66.52360000000002,200,True,,100,21.6708981,40.2,86.65
list_models,GET,66.49439999999984,200,True,,100,21.6710575,40.2,86.65
list_models,GET,70.60029999999884,200,True,,100,21.6711888,40.2,86.65
list_models,GET,71.28800000000268,200,True,,100,21.6713067,40.2,86.65
list_models,GET,71.13530000000168,200,True,,100,21.6714059,40.2,86.65
list_models,GET,71.1808999999981,200,True,,100,21.6715102,40.2,86.65
list_models,GET,71.28060000000147,200,True,,100,21.6716102,40.2,86.65
list_models,GET,71.4655999999998,200,True,,100,21.671707,40.2,86.65
list_models,GET,70.38970000000333,200,True,,100,21.6718028,40.2,86.65
list_models,GET,70.2019000000007,200,True,,100,21.672034,40.2,86.65
list_models,GET,69.95249999999942,200,True,,100,21.6721929,40.2,86.65
list_models,GET,70.90359999999762,200,True,,100,21.6723144,40.2,86.65
list_models,GET,70.58009999999726,200,True,,100,21.6726838,40.2,86.65
list_models,GET,70.51069999999982,200,True,,100,21.6728004,40.2,86.65
list_models,GET,70.22680000000037,200,True,,100,21.6728992,40.2,86.65
list_models,GET,75.64509999999913,200,True,,100,21.672993,40.2,86.65
list_models,GET,68.96499999999861,200,True,,100,21.6730848,40.2,86.65
list_models,GET,68.73350000000045,200,True,,100,21.6731746,40.2,86.65
list_models,GET,68.6914999999999,200,True,,100,21.6732659,40.2,86.65
list_models,GET,69.11059999999836,200,True,,100,21.6733583,40.2,86.65
list_models,GET,75.16299999999987,200,True,,100,21.6734558,40.2,86.65
list_models,GET,68.81809999999788,200,True,,100,21.6735463,40.2,86.65
list_models,GET,74.93659999999736,200,True,,100,21.6736426,40.2,86.65
list_models,GET,68.34309999999988,200,True,,100,21.6737526,40.2,86.65
list_models,GET,68.00979999999868,200,True,,100,21.6738465,40.2,86.65
list_models,GET,69.06659999999931,200,True,,100,21.673938,40.2,86.65
list_models,GET,67.58269999999911,200,True,,100,21.6741224,40.2,86.65
list_models,GET,67.4839000000027,200,True,,100,21.6751591,40.2,86.65
list_models,GET,63.54569999999882,200,True,,100,21.6784606,40.2,86.65
list_models,GET,64.2345000000013,200,True,,100,21.6788372,40.2,86.65
list_models,GET,71.50199999999884,200,True,,100,21.6791175,40.2,86.65
list_models,GET,71.30510000000001,200,True,,100,21.6793614,40.2,86.65
list_models,GET,71.12589999999841,200,True,,100,21.6795881,40.2,86.65
list_models,GET,70.52559999999986,200,True,,100,21.6798677,40.2,86.65
list_models,GET,70.65310000000125,200,True,,100,21.6801396,40.2,86.65
list_models,GET,70.03079999999784,200,True,,100,21.6804114,40.2,86.65
list_models,GET,70.05649999999974,200,True,,100,21.680689,40.2,86.65
list_models,GET,69.01530000000022,200,True,,100,21.680794,40.2,86.65
list_models,GET,69.4457999999969,200,True,,100,21.6808982,40.2,86.65
list_models,GET,69.53609999999699,200,True,,100,21.6809949,40.2,86.65
list_models,GET,69.39919999999944,200,True,,100,21.6810886,40.2,86.65
list_models,GET,68.86350000000263,200,True,,100,21.6811807,40.2,86.65
list_models,GET,69.01700000000233,200,True,,100,21.6812762,40.2,86.65
list_models,GET,69.20729999999864,200,True,,100,21.6813676,40.2,86.65
list_models,GET,68.76240000000067,200,True,,100,21.6814604,40.2,86.65
list_models,GET,68.43920000000026,200,True,,100,21.6815559,40.2,86.65
list_models,GET,68.09399999999854,200,True,,100,21.6818467,40.2,86.65
list_models,GET,67.93010000000166,200,True,,100,21.681952,40.2,86.65
list_models,GET,61.27050000000267,200,True,,100,21.7133707,40.2,86.65
list_models,GET,67.63750000000002,200,True,,100,21.7139671,40.2,86.65
list_models,GET,66.9409000000023,200,True,,100,21.7143788,40.2,86.65
list_models,GET,71.70849999999973,200,True,,100,21.7147073,40.2,86.65
list_models,GET,71.24470000000116,200,True,,100,21.714983,40.2,86.65
list_models,GET,67.37590000000182,200,True,,100,21.7194978,40.2,86.65
list_models,GET,67.28140000000238,200,True,,100,21.7197167,40.2,86.65
list_models,GET,66.87810000000027,200,True,,100,21.7198499,40.2,86.65
list_models,GET,66.60220000000194,200,True,,100,21.7199505,40.2,86.65
list_models,GET,74.13179999999997,200,True,,100,21.7200424,40.2,86.65
list_models,GET,72.64299999999935,200,True,,100,21.7226584,40.2,86.65
list_models,GET,72.22680000000281,200,True,,100,21.7231389,40.2,86.65
list_models,GET,71.94979999999873,200,True,,100,21.7234675,40.2,86.65
list_models,GET,71.72690000000159,200,True,,100,21.7237379,40.2,86.65
list_models,GET,71.27510000000115,200,True,,100,21.7239772,40.2,86.65
list_models,GET,70.97870000000128,200,True,,100,21.7242209,40.2,86.65
list_models,GET,70.67220000000063,200,True,,100,21.7244602,40.2,86.65
list_models,GET,375.33159999999907,200,True,,100,21.7279977,40.2,86.65
list_models,GET,75.52199999999942,200,True,,100,21.7284529,40.2,86.65
list_models,GET,75.44749999999922,200,True,,100,21.7287888,40.2,86.65
list_models,GET,75.43659999999974,200,True,,100,21.7289273,40.2,86.65
list_models,GET,74.16969999999878,200,True,,100,21.7290239,40.2,86.65
list_models,GET,73.37410000000233,200,True,,100,21.7291201,40.2,86.65
list_models,GET,73.43230000000034,200,True,,100,21.7292129,40.2,86.65
list_models,GET,73.75370000000103,200,True,,100,21.729304,40.2,86.65
list_models,GET,72.8933000000005,200,True,,100,21.7293958,40.2,86.65
list_models,GET,73.43780000000066,200,True,,100,21.7294853,40.2,86.65
list_models,GET,81.50609999999858,200,True,,100,21.7295783,40.2,86.65
list_models,GET,73.65910000000042,200,True,,100,21.7304481,40.2,86.65
list_models,GET,73.23910000000211,200,True,,100,21.7306064,40.2,86.65
list_models,GET,72.06850000000031,200,True,,100,21.7307167,40.2,86.65
list_models,GET,73.67289999999826,200,True,,100,21.7308096,40.2,86.65
list_models,GET,80.003099999999,200,True,,100,21.7309097,40.2,86.65
list_models,GET,79.97869999999807,200,True,,100,21.7310829,40.2,86.65
list_models,GET,79.50620000000086,200,True,,100,21.7312445,40.2,86.65
list_models,GET,79.6007000000003,200,True,,100,21.7314032,40.2,86.65
list_models,GET,65.5859999999997,200,True,,100,21.7377453,40.2,86.65
list_models,GET,65.75060000000121,200,True,,100,21.7379692,40.2,86.65
list_models,GET,65.4660999999983,200,True,,100,21.7381217,40.2,86.65
list_models,GET,65.24290000000121,200,True,,100,21.7382201,40.2,86.65
list_models,GET,63.751700000000966,200,True,,100,21.7383107,40.2,86.65
list_models,GET,81.42589999999927,200,True,,100,21.7383929,40.2,86.65
list_models,GET,81.22690000000077,200,True,,100,21.7384715,40.2,86.65
list_models,GET,80.87240000000051,200,True,,100,21.7385567,40.2,86.65
list_models,GET,74.6670000000016,200,True,,100,21.7386435,40.2,86.65
list_models,GET,74.4587999999986,200,True,,100,21.7387304,40.2,86.65
list_models,GET,74.30370000000153,200,True,,100,21.7388156,40.2,86.65
list_models,GET,73.5714999999999,200,True,,100,21.7389042,40.2,86.65
list_models,GET,73.92169999999965,200,True,,100,21.7389885,40.2,86.65
list_models,GET,73.21170000000166,200,True,,100,21.7391954,40.2,86.65
list_models,GET,76.35570000000058,200,True,,100,21.7434092,40.2,86.65
list_models,GET,69.33970000000045,200,True,,100,21.7436406,40.2,86.65
list_models,GET,76.13040000000026,200,True,,100,21.7437844,40.2,86.65
list_models,GET,69.16490000000053,200,True,,100,21.7438897,40.2,86.65
list_models,GET,68.84240000000119,200,True,,100,21.7439893,40.2,86.65
list_models,GET,68.68349999999879,200,True,,100,21.7440876,40.2,86.65
list_models,GET,68.51839999999854,200,True,,100,21.7441895,40.2,86.65
list_models,GET,75.22760000000162,200,True,,100,21.7442975,40.2,86.65
list_models,GET,75.19720000000163,200,True,,100,21.7443961,40.2,86.65
list_models,GET,75.15610000000095,200,True,,100,21.744491,40.2,86.65
list_models,GET,75.35769999999786,200,True,,100,21.7446045,40.2,86.65
list_models,GET,75.16329999999982,200,True,,100,21.744703,40.2,86.65
list_models,GET,67.80290000000022,200,True,,100,21.7447965,40.2,86.65
list_models,GET,68.36219999999926,200,True,,100,21.7448953,40.2,86.65
list_models,GET,74.93919999999932,200,True,,100,21.7450775,40.2,86.65
list_models,GET,74.68799999999831,200,True,,100,21.7453764,40.2,86.65
list_models,GET,74.92019999999755,200,True,,100,21.7456913,40.2,86.65
list_models,GET,74.91729999999919,200,True,,100,21.7458211,40.2,86.65
list_models,GET,73.4952999999976,200,True,,100,21.7471758,40.2,86.65
list_models,GET,72.82419999999945,200,True,,100,21.7473433,40.2,86.65
list_models,GET,73.04199999999739,200,True,,100,21.7474756,40.2,86.65
list_models,GET,72.59539999999731,200,True,,100,21.7476215,40.2,86.65
list_models,GET,72.52469999999889,200,True,,100,21.7477531,40.2,86.65
list_models,GET,72.25250000000116,200,True,,100,21.7478654,40.2,86.65
list_models,GET,72.36939999999947,200,True,,100,21.7479682,40.2,86.65
list_models,GET,71.5621000000013,200,True,,100,21.7493399,40.2,86.65
list_models,GET,71.32320000000192,200,True,,100,21.7495184,40.2,86.65
list_models,GET,71.15840000000162,200,True,,100,21.7496318,40.2,86.65
list_models,GET,70.08480000000006,200,True,,100,21.7508689,40.2,86.65
list_models,GET,82.57189999999781,200,True,,100,21.7510644,40.2,86.65
list_models,GET,78.92490000000052,200,True,,100,21.7511907,40.2,86.65
list_models,GET,78.95180000000224,200,True,,100,21.7512926,40.2,86.65
list_models,GET,78.59880000000175,200,True,,100,21.7513874,40.2,86.65
list_models,GET,77.86869999999979,200,True,,100,21.751492,40.2,86.65
list_models,GET,77.96769999999853,200,True,,100,21.7515904,40.2,86.65
list_models,GET,77.74159999999952,200,True,,100,21.7516988,40.2,86.65
list_models,GET,81.7793999999985,200,True,,100,21.7518001,40.2,86.65
list_models,GET,77.96040000000204,200,True,,100,21.7518967,40.2,86.65
list_models,GET,77.73500000000055,200,True,,100,21.7519921,40.2,86.65
list_models,GET,76.99069999999963,200,True,,100,21.7521569,40.2,86.65
list_models,GET,76.85479999999956,200,True,,100,21.7524236,40.2,86.65
list_models,GET,76.52579999999887,200,True,,100,21.7527009,40.2,86.65
list_models,GET,75.86290000000062,200,True,,100,21.7529877,40.2,86.65
list_models,GET,75.7955999999993,200,True,,100,21.7532723,40.2,86.65
list_models,GET,75.39510000000149,200,True,,100,21.7535876,40.2,86.65
list_models,GET,79.72739999999945,200,True,,100,21.7537749,40.2,86.65
list_models,GET,75.54580000000044,200,True,,100,21.7747497,40.2,86.65
list_models,GET,67.92970000000054,200,True,,100,21.7816762,40.2,86.65
list_models,GET,67.83120000000054,200,True,,100,21.7821785,40.2,86.65
list_models,GET,63.10669999999874,200,True,,100,21.7870525,40.2,86.65
list_models,GET,62.8789999999988,200,True,,100,21.787592,40.2,86.65
list_models,GET,61.835300000002036,200,True,,100,21.7879975,40.2,86.65
list_models,GET,68.47979999999865,200,True,,100,21.7883539,40.2,86.65
list_models,GET,68.19950000000219,200,True,,100,21.7886876,40.2,86.65
list_models,GET,67.85740000000118,200,True,,100,21.7888925,40.2,86.65
list_models,GET,68.1295999999989,200,True,,100,21.7942785,40.2,86.65
list_models,GET,67.0730000000006,200,True,,100,21.7954851,40.2,86.65
list_models,GET,66.97540000000046,200,True,,100,21.7956742,40.2,86.65
list_models,GET,75.14839999999978,200,True,,100,21.7958041,40.2,86.65
list_models,GET,75.0743000000007,200,True,,100,21.7959139,40.2,86.65
list_models,GET,74.99350000000149,200,True,,100,21.796011,40.2,86.65
list_models,GET,74.86729999999753,200,True,,100,21.7961044,40.2,86.65
list_models,GET,74.82180000000227,200,True,,100,21.7961966,40.2,86.65
list_models,GET,63.85359999999807,200,True,,100,21.8052768,40.2,86.65
list_models,GET,63.550700000000404,200,True,,100,21.8058762,40.2,86.65
list_models,GET,63.200200000000706,200,True,,100,21.8062842,40.2,86.65
list_models,GET,62.709599999998034,200,True,,100,21.806633,40.2,86.65
list_models,GET,64.09299999999973,200,True,,100,21.8069392,40.2,86.65
list_models,GET,63.70859999999823,200,True,,100,21.8072069,40.2,86.65
list_models,GET,62.05750000000165,200,True,,100,21.8074794,40.2,86.65
list_models,GET,71.28950000000245,200,True,,100,21.8077418,40.2,86.65
list_models,GET,70.99939999999805,200,True,,100,21.8079812,40.2,86.65
list_models,GET,70.71820000000173,200,True,,100,21.808211,40.2,86.65
list_models,GET,70.54310000000186,200,True,,100,21.8085374,40.2,86.65
list_models,GET,70.03700000000279,200,True,,100,21.8088405,40.2,86.65
list_models,GET,69.63890000000106,200,True,,100,21.8091813,40.2,86.65
list_models,GET,371.26639999999963,200,True,,100,21.8097339,40.2,86.65
list_models,GET,371.43079999999884,200,True,,100,21.8098733,40.2,86.65
list_models,GET,67.88340000000304,200,True,,100,21.8099723,40.2,86.65
list_models,GET,68.52320000000134,200,True,,100,21.8100852,40.2,86.65
list_models,GET,68.56720000000038,200,True,,100,21.8101834,40.2,86.65
list_models,GET,70.20389999999921,200,True,,100,21.811726,40.2,86.65
list_models,GET,69.96170000000035,200,True,,100,21.8119091,40.2,86.65
list_models,GET,69.37819999999917,200,True,,100,21.8120367,40.2,86.65
list_models,GET,69.8861000000015,200,True,,100,21.8121415,40.2,86.65
list_models,GET,69.03080000000017,200,True,,100,21.8122421,40.2,86.65
list_models,GET,66.51430000000147,200,True,,100,21.8152606,40.2,86.65
list_models,GET,66.01369999999918,200,True,,100,21.8158087,40.2,86.65
list_models,GET,65.44029999999879,200,True,,100,21.8162384,40.2,86.65
list_models,GET,65.11279999999786,200,True,,100,21.8166128,40.2,86.65
list_models,GET,65.15979999999999,200,True,,100,21.8169605,40.2,86.65
list_models,GET,64.82409999999916,200,True,,100,21.8172487,40.2,86.65
list_models,GET,63.94390000000172,200,True,,100,21.817686,40.2,86.65
list_models,GET,63.782299999999736,200,True,,100,21.8182012,40.2,86.65
list_models,GET,63.07370000000034,200,True,,100,21.8185072,40.2,86.65
list_models,GET,62.77350000000226,200,True,,100,21.8187546,40.2,86.65
list_models,GET,62.53590000000031,200,True,,100,21.8189421,40.2,86.65
list_models,GET,62.31140000000224,200,True,,100,21.8190429,40.2,86.65
list_models,GET,71.82490000000286,200,True,,100,21.8191453,40.2,86.65
list_models,GET,69.3696000000017,200,True,,100,21.8213306,40.2,86.65
list_models,GET,69.34989999999885,200,True,,100,21.8215597,40.2,86.65
list_models,GET,68.85289999999955,200,True,,100,21.8219319,40.2,86.65
list_models,GET,68.60139999999859,200,True,,100,21.8222479,40.2,86.65
list_models,GET,68.48049999999972,200,True,,100,21.8225483,40.2,86.65
list_models,GET,67.41879999999867,200,True,,100,21.8228346,40.2,86.65
list_models,GET,67.67779999999846,200,True,,100,21.8235871,40.2,86.65
list_models,GET,65.91419999999815,200,True,,100,21.8241371,40.2,86.65
list_models,GET,73.72780000000034,200,True,,100,21.8246499,40.2,86.65
list_models,GET,65.46330000000111,200,True,,100,21.8249647,40.2,86.65
list_models,GET,65.11599999999973,200,True,,100,21.8252452,40.2,86.65
list_models,GET,64.96620000000064,200,True,,100,21.8255193,40.2,86.65
list_models,GET,64.73109999999949,200,True,,100,21.825809,40.2,86.65
list_models,GET,64.69970000000203,200,True,,100,21.8259367,40.2,86.65
list_models,GET,64.55040000000167,200,True,,100,21.8260394,40.2,86.65
list_models,GET,65.05480000000219,200,True,,100,21.8261519,40.2,86.65
list_models,GET,65.06490000000298,200,True,,100,21.8262558,40.2,86.65
list_models,GET,64.72880000000103,200,True,,100,21.8263577,40.2,86.65
list_models,GET,64.23919999999939,200,True,,100,21.8269071,40.2,86.65
list_models,GET,73.2841999999998,200,True,,100,21.8270155,40.2,86.65
list_models,GET,73.0567000000022,200,True,,100,21.8271089,40.2,86.65
list_models,GET,73.23120000000216,200,True,,100,21.8271992,40.2,86.65
list_models,GET,73.24230000000043,200,True,,100,21.8272948,40.2,86.65
list_models,GET,72.86939999999831,200,True,,100,21.8273864,40.2,86.65
list_models,GET,72.55050000000196,200,True,,100,21.8274774,40.2,86.65
list_models,GET,69.39309999999921,200,True,,100,21.830727,40.2,86.65
list_models,GET,68.65390000000104,200,True,,100,21.8315567,40.2,86.65
list_models,GET,68.03620000000166,200,True,,100,21.8320379,40.2,86.65
list_models,GET,67.80459999999877,200,True,,100,21.8321736,40.2,86.65
list_models,GET,67.5454000000002,200,True,,100,21.8322863,40.2,86.65
list_models,GET,67.40099999999671,200,True,,100,21.8323889,40.2,86.65
list_models,GET,67.01139999999839,200,True,,100,21.8324858,40.2,86.65
list_models,GET,67.0888000000005,200,True,,100,21.8325796,40.2,86.65
list_models,GET,67.0427999999994,200,True,,100,21.8326721,40.2,86.65
list_models,GET,67.15670000000173,200,True,,100,21.8327636,40.2,86.65
list_models,GET,67.01669999999993,200,True,,100,21.8328587,40.2,86.65
list_models,GET,66.57949999999957,200,True,,100,21.8330418,40.2,86.65
list_models,GET,66.37410000000088,200,True,,100,21.8331932,40.2,86.65
list_models,GET,66.43839999999912,200,True,,100,21.833307,40.2,86.65
list_models,GET,71.35579999999919,200,True,,100,21.833805,40.2,86.65
list_models,GET,71.02409999999892,200,True,,100,21.8340035,40.2,86.65
list_models,GET,70.8246999999993,200,True,,100,21.8342835,40.2,86.65
list_models,GET,60.666700000002294,200,True,,100,21.8505397,40.2,86.65
list_models,GET,65.42040000000071,200,True,,100,21.8514357,40.2,86.65
list_models,GET,65.01639999999753,200,True,,100,21.8516976,40.2,86.65
list_models,GET,64.6445,200,True,,100,21.8518662,40.2,86.65
list_models,GET,64.68819999999909,200,True,,100,21.8521131,40.2,86.65
list_models,GET,72.88560000000288,200,True,,100,21.8525024,40.2,86.65
list_models,GET,68.2331999999981,200,True,,100,21.8569096,40.2,86.65
list_models,GET,68.6339000000018,200,True,,100,21.8571787,40.2,86.65
list_models,GET,73.40380000000124,200,True,,100,21.8573529,40.2,86.65
list_models,GET,68.28389999999729,200,True,,100,21.8627016,40.2,86.65
list_models,GET,78.99779999999978,200,True,,100,21.8633015,40.2,86.65
list_models,GET,77.81969999999916,200,True,,100,21.8635023,40.2,86.65
list_models,GET,72.17890000000082,200,True,,100,21.8696704,40.2,86.65
list_models,GET,71.66129999999882,200,True,,100,21.8699198,40.2,86.65
list_models,GET,71.73279999999949,200,True,,100,21.8700641,40.2,86.65
list_models,GET,71.49079999999941,200,True,,100,21.870171,40.2,86.65
list_models,GET,71.21609999999734,200,True,,100,21.8702691,40.2,86.65
list_models,GET,70.87609999999955,200,True,,100,21.8710504,40.2,86.65
list_models,GET,70.50649999999692,200,True,,100,21.871238,40.2,86.65
list_models,GET,70.83830000000191,200,True,,100,21.8713639,40.2,86.65
list_models,GET,70.67250000000058,200,True,,100,21.8714632,40.2,86.65
list_models,GET,70.51369999999935,200,True,,100,21.8715547,40.2,86.65
list_models,GET,70.72770000000261,200,True,,100,21.8716454,40.2,86.65
list_models,GET,70.2651000000003,200,True,,100,21.8717334,40.2,86.65
list_models,GET,68.86290000000272,200,True,,100,21.8791095,40.2,86.65
list_models,GET,68.56059999999786,200,True,,100,21.8793539,40.2,86.65
list_models,GET,68.36979999999926,200,True,,100,21.8794987,40.2,86.65
list_models,GET,68.22140000000232,200,True,,100,21.8796017,40.2,86.65
list_models,GET,68.07249999999954,200,True,,100,21.8797028,40.2,86.65
list_models,GET,67.86460000000005,200,True,,100,21.8798074,40.2,86.65
list_models,GET,67.80850000000171,200,True,,100,21.879917,40.2,86.65
list_models,GET,67.58589999999742,200,True,,100,21.8800166,40.2,86.65
list_models,GET,67.35749999999996,200,True,,100,21.880126,40.2,86.65
list_models,GET,68.30090000000055,200,True,,100,21.882191,40.2,86.65
list_models,GET,68.21150000000031,200,True,,100,21.882417,40.2,86.65
list_models,GET,68.02949999999797,200,True,,100,21.8825532,40.2,86.65
list_models,GET,67.7802000000014,200,True,,100,21.8826641,40.2,86.65
list_models,GET,67.76349999999809,200,True,,100,21.8827734,40.2,86.65
list_models,GET,67.31699999999918,200,True,,100,21.8828724,40.2,86.65
list_models,GET,67.39229999999807,200,True,,100,21.8830026,40.2,86.65
list_models,GET,67.03159999999997,200,True,,100,21.8833118,40.2,86.65
list_models,GET,66.29249999999942,200,True,,100,21.8839905,40.2,86.65
list_models,GET,71.16279999999975,200,True,,100,21.8842313,40.2,86.65
list_models,GET,70.95040000000097,200,True,,100,21.8843536,40.2,86.65
list_models,GET,70.89170000000067,200,True,,100,21.8844574,40.2,86.65
list_models,GET,70.97459999999955,200,True,,100,21.884552,40.2,86.65
list_models,GET,70.50650000000047,200,True,,100,21.8846439,40.2,86.65
list_models,GET,70.51739999999995,200,True,,100,21.8847385,40.2,86.65
list_models,GET,70.11230000000168,200,True,,100,21.8849335,40.2,86.65
list_models,GET,70.39389999999912,200,True,,100,21.88509,40.2,86.65
list_models,GET,63.808999999999116,200,True,,100,21.8913973,40.2,86.65
list_models,GET,63.91149999999968,200,True,,100,21.8917019,40.2,86.65
list_models,GET,63.44349999999821,200,True,,100,21.8921257,40.2,86.65
list_models,GET,62.98110000000179,200,True,,100,21.8924587,40.2,86.65
list_models,GET,71.69099999999773,200,True,,100,21.8927717,40.2,86.65
list_models,GET,71.25680000000045,200,True,,100,21.8931192,40.2,86.65
list_models,GET,71.09379999999987,200,True,,100,21.8934116,40.2,86.65
list_models,GET,678.3093999999999,200,True,,100,21.8936895,40.2,86.65
list_models,GET,672.2250999999985,200,True,,100,21.8940032,40.2,86.65
list_models,GET,69.82389999999938,200,True,,100,21.8943102,40.2,86.65
list_models,GET,69.62999999999653,200,True,,100,21.8946071,40.2,86.65
list_models,GET,69.68280000000249,200,True,,100,21.8949087,40.2,86.65
list_models,GET,69.00910000000238,200,True,,100,21.8951811,40.2,86.65
list_models,GET,68.62239999999886,200,True,,100,21.895465,40.2,86.65
list_models,GET,68.80289999999789,200,True,,100,21.895745,40.2,86.65
list_models,GET,67.9218999999982,200,True,,100,21.8960547,40.2,86.65
list_models,GET,67.53850000000128,200,True,,100,21.8963422,40.2,86.65
list_models,GET,67.39259999999803,200,True,,100,21.8966439,40.2,86.65
list_models,GET,66.10720000000114,200,True,,100,21.8982232,40.2,86.65
list_models,GET,65.56030000000135,200,True,,100,21.8987226,40.2,86.65
list_models,GET,63.84479999999826,200,True,,100,21.9005741,40.2,86.65
list_models,GET,71.29289999999955,200,True,,100,21.9007951,40.2,86.65
list_models,GET,72.20240000000189,200,True,,100,21.9011927,40.2,86.65
list_models,GET,69.97840000000011,200,True,,100,21.9016182,40.2,86.65
list_models,GET,70.49999999999912,200,True,,100,21.9018807,40.2,86.65
list_models,GET,70.01680000000121,200,True,,100,21.9020261,40.2,86.65
list_models,GET,69.68960000000024,200,True,,100,21.9022653,40.2,86.65
list_models,GET,69.56920000000011,200,True,,100,21.9026007,40.2,86.65
list_models,GET,69.24890000000161,200,True,,100,21.9027508,40.2,86.65
list_models,GET,68.5614000000001,200,True,,100,21.902876,40.2,86.65
list_models,GET,68.6119000000005,200,True,,100,21.9030791,40.2,86.65
list_models,GET,68.60909999999976,200,True,,100,21.9032123,40.2,86.65
list_models,GET,68.40529999999845,200,True,,100,21.9033297,40.2,86.65
list_models,GET,68.11210000000045,200,True,,100,21.9034366,40.2,86.65
list_models,GET,68.91539999999807,200,True,,100,21.9035347,40.2,86.65
list_models,GET,68.50319999999854,200,True,,100,21.9036261,40.2,86.65
list_models,GET,67.77879999999925,200,True,,100,21.9037195,40.2,86.65
list_models,GET,67.96939999999907,200,True,,100,21.9038089,40.2,86.65
list_models,GET,67.2189000000003,200,True,,100,21.9041332,40.2,86.65
list_models,GET,68.16049999999763,200,True,,100,21.9042707,40.2,86.65
list_models,GET,66.46399999999986,200,True,,100,21.9051813,40.2,86.65
list_models,GET,66.5684000000013,200,True,,100,21.9053416,40.2,86.65
list_models,GET,66.39320000000026,200,True,,100,21.905471,40.2,86.65
list_models,GET,62.10620000000233,200,True,,100,21.9112603,40.2,86.65
list_models,GET,65.70460000000011,200,True,,100,21.9168861,40.2,86.65
list_models,GET,65.10809999999978,200,True,,100,21.9171352,40.2,86.65
list_models,GET,70.34330000000111,200,True,,100,21.9172914,40.2,86.65
list_models,GET,78.91419999999982,200,True,,100,21.9174015,40.2,86.65
list_models,GET,69.95629999999764,200,True,,100,21.9259598,40.2,86.65
list_models,GET,69.94860000000003,200,True,,100,21.9265612,40.2,86.65
list_models,GET,69.4537000000004,200,True,,100,21.9266887,40.2,86.65
list_models,GET,70.18149999999679,200,True,,100,21.931042,40.2,86.65
list_models,GET,69.60939999999738,200,True,,100,21.9315421,40.2,86.65
list_models,GET,66.31860000000245,200,True,,100,21.9424097,40.2,86.65
list_models,GET,66.09750000000147,200,True,,100,21.9427687,40.2,86.65
list_models,GET,65.8005000000017,200,True,,100,21.9430099,40.2,86.65
list_models,GET,71.10270000000085,200,True,,100,21.943203,40.2,86.65
list_models,GET,70.83190000000172,200,True,,100,21.943388,40.2,86.65
list_models,GET,78.36050000000228,200,True,,100,21.9435649,40.2,86.65
list_models,GET,118.13390000000012,200,True,,500,24.5891351,35.150000000000006,86.3
list_models,GET,117.36190000000235,200,True,,500,24.5896077,35.150000000000006,86.3
list_models,GET,117.47680000000216,200,True,,500,24.5898938,35.150000000000006,86.3
list_models,GET,116.93779999999876,200,True,,500,24.5900916,35.150000000000006,86.3
list_models,GET,116.55389999999954,200,True,,500,24.5902879,35.150000000000006,86.3
list_models,GET,117.15870000000095,200,True,,500,24.5904559,35.150000000000006,86.3
list_models,GET,116.81120000000078,200,True,,500,24.5906083,35.150000000000006,86.3
list_models,GET,116.75789999999964,200,True,,500,24.5907597,35.150000000000006,86.3
list_models,GET,115.99610000000027,200,True,,500,24.5909108,35.150000000000006,86.3
list_models,GET,116.51469999999975,200,True,,500,24.5910501,35.150000000000006,86.3
list_models,GET,116.49650000000022,200,True,,500,24.591214,35.150000000000006,86.3
list_models,GET,116.30659999999793,200,True,,500,24.5913566,35.150000000000006,86.3
list_models,GET,116.26690000000295,200,True,,500,24.591492,35.150000000000006,86.3
list_models,GET,115.54239999999893,200,True,,500,24.5917776,35.150000000000006,86.3
list_models,GET,115.88419999999999,200,True,,500,24.591924,35.150000000000006,86.3
list_models,GET,115.77170000000336,200,True,,500,24.5920857,35.150000000000006,86.3
list_models,GET,114.26700000000167,200,True,,500,24.5922518,35.150000000000006,86.3
list_models,GET,114.72989999999683,200,True,,500,24.5924204,35.150000000000006,86.3
list_models,GET,114.62740000000338,200,True,,500,24.5925864,35.150000000000006,86.3
list_models,GET,114.02520000000038,200,True,,500,24.5927494,35.150000000000006,86.3
list_models,GET,114.13319999999771,200,True,,500,24.5929575,35.150000000000006,86.3
list_models,GET,113.38909999999913,200,True,,500,24.5932405,35.150000000000006,86.3
list_models,GET,113.96029999999868,200,True,,500,24.5935099,35.150000000000006,86.3
list_models,GET,112.94129999999925,200,True,,500,24.5937658,35.150000000000006,86.3
list_models,GET,116.44529999999875,200,True,,500,24.5941948,35.150000000000006,86.3
list_models,GET,116.36640000000043,200,True,,500,24.5944432,35.150000000000006,86.3
list_models,GET,113.33720000000014,200,True,,500,24.5946834,35.150000000000006,86.3
list_models,GET,376.38899999999967,200,True,,500,24.5949149,35.150000000000006,86.3
list_models,GET,378.4610000000015,200,True,,500,24.5951338,35.150000000000006,86.3
list_models,GET,113.57980000000012,200,True,,500,24.5953703,35.150000000000006,86.3
list_models,GET,114.94890000000169,200,True,,500,24.5955867,35.150000000000006,86.3
list_models,GET,112.89389999999955,200,True,,500,24.5957946,35.150000000000006,86.3
list_models,GET,112.41240000000019,200,True,,500,24.5960112,35.150000000000006,86.3
list_models,GET,112.5803999999988,200,True,,500,24.5962389,35.150000000000006,86.3
list_models,GET,110.51349999999971,200,True,,500,24.5977691,35.150000000000006,86.3
list_models,GET,111.56169999999932,200,True,,500,24.5980278,35.150000000000006,86.3
list_models,GET,110.36209999999969,200,True,,500,24.5981945,35.150000000000006,86.3
list_models,GET,110.74180000000311,200,True,,500,24.5983432,35.150000000000006,86.3
list_models,GET,109.43049999999843,200,True,,500,24.5984893,35.150000000000006,86.3
list_models,GET,109.34360000000254,200,True,,500,24.5986275,35.150000000000006,86.3
list_models,GET,109.37470000000005,200,True,,500,24.598768,35.150000000000006,86.3
list_models,GET,111.22050000000172,200,True,,500,24.5989078,35.150000000000006,86.3
list_models,GET,111.36169999999979,200,True,,500,24.599047,35.150000000000006,86.3
list_models,GET,371.4587000000016,200,True,,500,24.5995091,35.150000000000006,86.3
list_models,GET,381.94509999999934,200,True,,500,24.5997347,35.150000000000006,86.3
list_models,GET,111.57379999999861,200,True,,500,24.6006055,35.150000000000006,86.3
list_models,GET,112.61839999999879,200,True,,500,24.6011613,35.150000000000006,86.3
list_models,GET,109.8990999999998,200,True,,500,24.6015552,35.150000000000006,86.3
list_models,GET,111.24169999999722,200,True,,500,24.6018204,35.150000000000006,86.3
list_models,GET,112.3435999999991,200,True,,500,24.6020633,35.150000000000006,86.3
list_models,GET,110.49460000000266,200,True,,500,24.6023188,35.150000000000006,86.3
list_models,GET,110.07920000000126,200,True,,500,24.6026338,35.150000000000006,86.3
list_models,GET,110.76699999999917,200,True,,500,24.6028905,35.150000000000006,86.3
list_models,GET,111.98189999999997,200,True,,500,24.6031302,35.150000000000006,86.3
list_models,GET,111.34479999999769,200,True,,500,24.603373,35.150000000000006,86.3
list_models,GET,110.6864000000023,200,True,,500,24.6036136,35.150000000000006,86.3
list_models,GET,107.76010000000014,200,True,,500,24.6040365,35.150000000000006,86.3
list_models,GET,109.95000000000132,200,True,,500,24.6042533,35.150000000000006,86.3
list_models,GET,110.04959999999997,200,True,,500,24.6044714,35.150000000000006,86.3
list_models,GET,110.36459999999693,200,True,,500,24.604659,35.150000000000006,86.3
list_models,GET,107.48770000000007,200,True,,500,24.6048085,35.150000000000006,86.3
list_models,GET,107.55999999999943,200,True,,500,24.6049484,35.150000000000006,86.3
list_models,GET,109.53670000000315,200,True,,500,24.6050822,35.150000000000006,86.3
list_models,GET,106.02610000000112,200,True,,500,24.6052184,35.150000000000006,86.3
list_models,GET,106.68880000000058,200,True,,500,24.6053501,35.150000000000006,86.3
list_models,GET,108.40320000000148,200,True,,500,24.6054811,35.150000000000006,86.3
list_models,GET,107.00049999999806,200,True,,500,24.6056135,35.150000000000006,86.3
list_models,GET,105.73360000000065,200,True,,500,24.6058545,35.150000000000006,86.3
list_models,GET,106.38449999999722,200,True,,500,24.6060161,35.150000000000006,86.3
list_models,GET,108.6607000000015,200,True,,500,24.6061554,35.150000000000006,86.3
list_models,GET,107.815200000001,200,True,,500,24.6062847,35.150000000000006,86.3
list_models,GET,107.55909999999957,200,True,,500,24.6064283,35.150000000000006,86.3
list_models,GET,108.3660999999978,200,True,,500,24.6065608,35.150000000000006,86.3
list_models,GET,104.27689999999856,200,True,,500,24.6066876,35.150000000000006,86.3
list_models,GET,108.38749999999919,200,True,,500,24.6068128,35.150000000000006,86.3
list_models,GET,110.62000000000083,200,True,,500,24.6069384,35.150000000000006,86.3
list_models,GET,108.36799999999869,200,True,,500,24.6070625,35.150000000000006,86.3
list_models,GET,109.87420000000014,200,True,,500,24.6072753,35.150000000000006,86.3
list_models,GET,110.23050000000012,200,True,,500,24.6074181,35.150000000000006,86.3
list_models,GET,108.45880000000108,200,True,,500,24.607536,35.150000000000006,86.3
list_models,GET,108.62060000000184,200,True,,500,24.6076506,35.150000000000006,86.3
list_models,GET,108.11400000000049,200,True,,500,24.6077673,35.150000000000006,86.3
list_models,GET,108.45660000000024,200,True,,500,24.6078774,35.150000000000006,86.3
list_models,GET,109.37690000000089,200,True,,500,24.6079917,35.150000000000006,86.3
list_models,GET,108.49699999999984,200,True,,500,24.6081117,35.150000000000006,86.3
list_models,GET,108.29280000000097,200,True,,500,24.6082261,35.150000000000006,86.3
list_models,GET,108.08630000000008,200,True,,500,24.6083416,35.150000000000006,86.3
list_models,GET,108.58220000000074,200,True,,500,24.6084762,35.150000000000006,86.3
list_models,GET,106.61660000000239,200,True,,500,24.6086769,35.150000000000006,86.3
list_models,GET,107.36520000000027,200,True,,500,24.6088073,35.150000000000006,86.3
list_models,GET,107.96350000000032,200,True,,500,24.608919,35.150000000000006,86.3
list_models,GET,107.07560000000171,200,True,,500,24.6090253,35.150000000000006,86.3
list_models,GET,107.83540000000258,200,True,,500,24.6091356,35.150000000000006,86.3
list_models,GET,107.5476999999978,200,True,,500,24.6092453,35.150000000000006,86.3
list_models,GET,107.92239999999964,200,True,,500,24.6093519,35.150000000000006,86.3
list_models,GET,106.27110000000073,200,True,,500,24.609465,35.150000000000006,86.3
list_models,GET,107.13020000000029,200,True,,500,24.6095708,35.150000000000006,86.3
list_models,GET,107.78519999999858,200,True,,500,24.609676,35.150000000000006,86.3
list_models,GET,361.35519999999843,200,True,,500,24.60978,35.150000000000006,86.3
list_models,GET,384.306200000001,200,True,,500,24.6101635,35.150000000000006,86.3
list_models,GET,186.63709999999867,200,True,,500,24.6104302,35.150000000000006,86.3
list_models,GET,188.74290000000116,200,True,,500,24.6105175,35.150000000000006,86.3
list_models,GET,184.490499999999,200,True,,500,24.6105696,35.150000000000006,86.3
list_models,GET,187.93590000000293,200,True,,500,24.6106131,35.150000000000006,86.3
list_models,GET,184.94839999999968,200,True,,500,24.6106536,35.150000000000006,86.3
list_models,GET,188.8268999999987,200,True,,500,24.6106935,35.150000000000006,86.3
list_models,GET,183.901800000001,200,True,,500,24.6107345,35.150000000000006,86.3
list_models,GET,188.58529999999973,200,True,,500,24.6107677,35.150000000000006,86.3
list_models,GET,184.11670000000058,200,True,,500,24.6107996,35.150000000000006,86.3
list_models,GET,184.93740000000258,200,True,,500,24.6108329,35.150000000000006,86.3
list_models,GET,184.32909999999936,200,True,,500,24.6108665,35.150000000000006,86.3
list_models,GET,188.24350000000223,200,True,,500,24.6108995,35.150000000000006,86.3
list_models,GET,187.4488999999997,200,True,,500,24.6109332,35.150000000000006,86.3
list_models,GET,187.2548000000016,200,True,,500,24.6109692,35.150000000000006,86.3
list_models,GET,184.90819999999886,200,True,,500,24.6110024,35.150000000000006,86.3
list_models,GET,183.11260000000118,200,True,,500,24.6111027,35.150000000000006,86.3
list_models,GET,174.8979999999989,200,True,,500,24.6111386,35.150000000000006,86.3
list_models,GET,186.07979999999813,200,True,,500,24.6111736,35.150000000000006,86.3
list_models,GET,183.1458000000019,200,True,,500,24.6112087,35.150000000000006,86.3
list_models,GET,182.82959999999804,200,True,,500,24.611242,35.150000000000006,86.3
list_models,GET,187.50710000000126,200,True,,500,24.6112738,35.150000000000006,86.3
list_models,GET,185.13659999999987,200,True,,500,24.6113082,35.150000000000006,86.3
list_models,GET,174.56179999999932,200,True,,500,24.6113404,35.150000000000006,86.3
list_models,GET,188.06579999999684,200,True,,500,24.6113725,35.150000000000006,86.3
list_models,GET,186.52709999999928,200,True,,500,24.6114058,35.150000000000006,86.3
list_models,GET,186.18509999999944,200,True,,500,24.61144,35.150000000000006,86.3
list_models,GET,186.06519999999804,200,True,,500,24.6114724,35.150000000000006,86.3
list_models,GET,185.9427000000018,200,True,,500,24.6115049,35.150000000000006,86.3
list_models,GET,185.81290000000195,200,True,,500,24.6115355,35.150000000000006,86.3
list_models,GET,185.00540000000143,200,True,,500,24.6115681,35.150000000000006,86.3
list_models,GET,185.08429999999976,200,True,,500,24.6115988,35.150000000000006,86.3
list_models,GET,184.6787999999968,200,True,,500,24.6116315,35.150000000000006,86.3
list_models,GET,184.46829999999892,200,True,,500,24.611712,35.150000000000006,86.3
list_models,GET,184.28610000000134,200,True,,500,24.6117633,35.150000000000006,86.3
list_models,GET,183.42230000000015,200,True,,500,24.6119082,35.150000000000006,86.3
list_models,GET,181.50710000000103,200,True,,500,24.6120193,35.150000000000006,86.3
list_models,GET,181.62279999999953,200,True,,500,24.6121162,35.150000000000006,86.3
list_models,GET,186.71289999999985,200,True,,500,24.6122099,35.150000000000006,86.3
list_models,GET,184.47809999999976,200,True,,500,24.6123056,35.150000000000006,86.3
list_models,GET,184.5776999999984,200,True,,500,24.6123954,35.150000000000006,86.3
list_models,GET,184.3912000000003,200,True,,500,24.6124895,35.150000000000006,86.3
list_models,GET,182.88439999999895,200,True,,500,24.6125821,35.150000000000006,86.3
list_models,GET,185.80140000000256,200,True,,500,24.6126722,35.150000000000006,86.3
list_models,GET,185.82079999999834,200,True,,500,24.612755,35.150000000000006,86.3
list_models,GET,173.54750000000152,200,True,,500,24.6127878,35.150000000000006,86.3
list_models,GET,173.57180000000128,200,True,,500,24.6128206,35.150000000000006,86.3
list_models,GET,173.40019999999967,200,True,,500,24.6128537,35.150000000000006,86.3
list_models,GET,173.27459999999917,200,True,,500,24.6128869,35.150000000000006,86.3
list_models,GET,181.53020000000097,200,True,,500,24.6129624,35.150000000000006,86.3
list_models,GET,180.91670000000093,200,True,,500,24.6130009,35.150000000000006,86.3
list_models,GET,180.2615000000003,200,True,,500,24.6130362,35.150000000000006,86.3
list_models,GET,184.09080000000344,200,True,,500,24.6130689,35.150000000000006,86.3
list_models,GET,181.67760000000044,200,True,,500,24.6131,35.150000000000006,86.3
list_models,GET,200.87869999999697,200,True,,500,24.6131318,35.150000000000006,86.3
list_models,GET,199.2783999999972,200,True,,500,24.6131631,35.150000000000006,86.3
list_models,GET,198.96109999999823,200,True,,500,24.6131947,35.150000000000006,86.3
list_models,GET,195.09839999999912,200,True,,500,24.6132278,35.150000000000006,86.3
list_models,GET,199.9563000000002,200,True,,500,24.6132598,35.150000000000006,86.3
list_models,GET,197.16449999999952,200,True,,500,24.6132927,35.150000000000006,86.3
list_models,GET,198.49920000000054,200,True,,500,24.613324,35.150000000000006,86.3
list_models,GET,194.7398999999983,200,True,,500,24.6133546,35.150000000000006,86.3
list_models,GET,197.72419999999968,200,True,,500,24.6133864,35.150000000000006,86.3
list_models,GET,194.99229999999912,200,True,,500,24.6134197,35.150000000000006,86.3
list_models,GET,197.9118999999976,200,True,,500,24.6134504,35.150000000000006,86.3
list_models,GET,197.24550000000107,200,True,,500,24.6134818,35.150000000000006,86.3
list_models,GET,479.31960000000015,200,True,,500,24.6135589,35.150000000000006,86.3
list_models,GET,791.5234000000027,200,True,,500,24.6135943,35.150000000000006,86.3
list_models,GET,199.95540000000034,200,True,,500,24.6136269,35.150000000000006,86.3
list_models,GET,185.91789999999975,200,True,,500,24.6136605,35.150000000000006,86.3
list_models,GET,1389.6593999999993,200,True,,500,24.6136931,35.150000000000006,86.3
list_models,GET,196.6159999999988,200,True,,500,24.6137236,35.150000000000006,86.3
list_models,GET,196.3444999999986,200,True,,500,24.6137559,35.150000000000006,86.3
list_models,GET,196.4340999999976,200,True,,500,24.6137866,35.150000000000006,86.3
list_models,GET,196.15849999999924,200,True,,500,24.6138188,35.150000000000006,86.3
list_models,GET,791.1786999999997,200,True,,500,24.6138638,35.150000000000006,86.3
list_models,GET,479.18669999999963,200,True,,500,24.6139081,35.150000000000006,86.3
list_models,GET,199.05100000000076,200,True,,500,24.6139506,35.150000000000006,86.3
list_models,GET,199.74849999999833,200,True,,500,24.6139921,35.150000000000006,86.3
list_models,GET,195.23769999999985,200,True,,500,24.6140326,35.150000000000006,86.3
list_models,GET,199.33010000000095,200,True,,500,24.614074,35.150000000000006,86.3
list_models,GET,195.3050999999988,200,True,,500,24.6141192,35.150000000000006,86.3
list_models,GET,195.67669999999993,200,True,,500,24.6141763,35.150000000000006,86.3
list_models,GET,195.29940000000323,200,True,,500,24.6142874,35.150000000000006,86.3
list_models,GET,196.64479999999784,200,True,,500,24.6143311,35.150000000000006,86.3
list_models,GET,196.86379999999915,200,True,,500,24.6143736,35.150000000000006,86.3
list_models,GET,196.15809999999811,200,True,,500,24.6144187,35.150000000000006,86.3
list_models,GET,199.38439999999957,200,True,,500,24.6144655,35.150000000000006,86.3
list_models,GET,195.21480000000224,200,True,,500,24.6145118,35.150000000000006,86.3
list_models,GET,193.93119999999797,200,True,,500,24.6145542,35.150000000000006,86.3
list_models,GET,194.12060000000153,200,True,,500,24.6145991,35.150000000000006,86.3
list_models,GET,196.20779999999982,200,True,,500,24.6146413,35.150000000000006,86.3
list_models,GET,194.16460000000058,200,True,,500,24.6146852,35.150000000000006,86.3
list_models,GET,194.35179999999974,200,True,,500,24.6147182,35.150000000000006,86.3
list_models,GET,196.66080000000008,200,True,,500,24.6147515,35.150000000000006,86.3
list_models,GET,233.95719999999898,200,True,,500,24.6147834,35.150000000000006,86.3
list_models,GET,242.58389999999963,200,True,,500,24.6148145,35.150000000000006,86.3
list_models,GET,242.43399999999937,200,True,,500,24.6148455,35.150000000000006,86.3
list_models,GET,242.2740999999995,200,True,,500,24.6148757,35.150000000000006,86.3
list_models,GET,241.07660000000308,200,True,,500,24.6157877,35.150000000000006,86.3
list_models,GET,241.1297000000019,200,True,,500,24.6158719,35.150000000000006,86.3
list_models,GET,244.25169999999952,200,True,,500,24.6159291,35.150000000000006,86.3
list_models,GET,241.50260000000046,200,True,,500,24.6159762,35.150000000000006,86.3
list_models,GET,244.1783000000015,200,True,,500,24.6160212,35.150000000000006,86.3
list_models,GET,240.6088000000004,200,True,,500,24.6160633,35.150000000000006,86.3
list_models,GET,241.72710000000208,200,True,,500,24.6161063,35.150000000000006,86.3
list_models,GET,241.44970000000043,200,True,,500,24.6161488,35.150000000000006,86.3
list_models,GET,241.52720000000016,200,True,,500,24.6161903,35.150000000000006,86.3
list_models,GET,243.8330999999998,200,True,,500,24.6162314,35.150000000000006,86.3
list_models,GET,243.85210000000157,200,True,,500,24.6162742,35.150000000000006,86.3
list_models,GET,241.63270000000026,200,True,,500,24.6163167,35.150000000000006,86.3
list_models,GET,245.9590000000027,200,True,,500,24.6163605,35.150000000000006,86.3
list_models,GET,245.86539999999957,200,True,,500,24.6164036,35.150000000000006,86.3
list_models,GET,245.77120000000008,200,True,,500,24.6164467,35.150000000000006,86.3
list_models,GET,245.55939999999765,200,True,,500,24.6164917,35.150000000000006,86.3
list_models,GET,245.63210000000169,200,True,,500,24.6165341,35.150000000000006,86.3
list_models,GET,191.3285000000009,200,True,,500,24.6707832,35.150000000000006,86.3
list_models,GET,189.8982999999994,200,True,,500,24.6711575,35.150000000000006,86.3
list_models,GET,190.66450000000046,200,True,,500,24.671304,35.150000000000006,86.3
list_models,GET,189.5688999999976,200,True,,500,24.6714182,35.150000000000006,86.3
list_models,GET,189.38959999999838,200,True,,500,24.6715154,35.150000000000006,86.3
list_models,GET,198.64280000000178,200,True,,500,24.671605,35.150000000000006,86.3
list_models,GET,199.4805000000035,200,True,,500,24.6716891,35.150000000000006,86.3
list_models,GET,199.07959999999747,200,True,,500,24.672039,35.150000000000006,86.3
list_models,GET,201.45270000000082,200,True,,500,24.672231,35.150000000000006,86.3
list_models,GET,201.38449999999963,200,True,,500,24.6723517,35.150000000000006,86.3
list_models,GET,201.0450999999982,200,True,,500,24.6724488,35.150000000000006,86.3
list_models,GET,200.7602999999989,200,True,,500,24.6728109,35.150000000000006,86.3
list_models,GET,200.62749999999951,200,True,,500,24.6730007,35.150000000000006,86.3
list_models,GET,198.5431999999996,200,True,,500,24.6731081,35.150000000000006,86.3
list_models,GET,197.31060000000156,200,True,,500,24.6732026,35.150000000000006,86.3
list_models,GET,197.04430000000173,200,True,,500,24.6732898,35.150000000000006,86.3
list_models,GET,198.05589999999995,200,True,,500,24.6735357,35.150000000000006,86.3
list_models,GET,197.29399999999941,200,True,,500,24.6736289,35.150000000000006,86.3
list_models,GET,197.1033999999996,200,True,,500,24.6737121,35.150000000000006,86.3
list_models,GET,197.07309999999723,200,True,,500,24.6737962,35.150000000000006,86.3
list_models,GET,196.87580000000082,200,True,,500,24.673875,35.150000000000006,86.3
list_models,GET,196.72149999999888,200,True,,500,24.6739536,35.150000000000006,86.3
list_models,GET,197.42440000000272,200,True,,500,24.6740352,35.150000000000006,86.3
list_models,GET,197.39799999999974,200,True,,500,24.6741313,35.150000000000006,86.3
list_models,GET,197.09860000000035,200,True,,500,24.674273,35.150000000000006,86.3
list_models,GET,196.6284999999992,200,True,,500,24.6743849,35.150000000000006,86.3
list_models,GET,196.56379999999984,200,True,,500,24.6745007,35.150000000000006,86.3
list_models,GET,198.98489999999924,200,True,,500,24.6747729,35.150000000000006,86.3
list_models,GET,195.4558999999989,200,True,,500,24.6750025,35.150000000000006,86.3
list_models,GET,195.85159999999746,200,True,,500,24.675108,35.150000000000006,86.3
list_models,GET,195.4256999999977,200,True,,500,24.6751931,35.150000000000006,86.3
list_models,GET,195.13309999999962,200,True,,500,24.6752674,35.150000000000006,86.3
list_models,GET,195.04540000000148,200,True,,500,24.6755197,35.150000000000006,86.3
list_models,GET,200.1004999999978,200,True,,500,24.6756758,35.150000000000006,86.3
list_models,GET,200.47040000000038,200,True,,500,24.6757977,35.150000000000006,86.3
list_models,GET,200.05889999999837,200,True,,500,24.6759124,35.150000000000006,86.3
list_models,GET,199.7049000000004,200,True,,500,24.6764193,35.150000000000006,86.3
list_models,GET,202.9077000000008,200,True,,500,24.676557,35.150000000000006,86.3
list_models,GET,209.7364000000006,200,True,,500,24.6766722,35.150000000000006,86.3
list_models,GET,209.14709999999914,200,True,,500,24.6767881,35.150000000000006,86.3
list_models,GET,209.41279999999907,200,True,,500,24.6769082,35.150000000000006,86.3
list_models,GET,205.47530000000336,200,True,,500,24.6770163,35.150000000000006,86.3
list_models,GET,204.96719999999868,200,True,,500,24.6771265,35.150000000000006,86.3
list_models,GET,208.51629999999943,200,True,,500,24.6772313,35.150000000000006,86.3
list_models,GET,204.55000000000112,200,True,,500,24.6773346,35.150000000000006,86.3
list_models,GET,203.99940000000072,200,True,,500,24.6774385,35.150000000000006,86.3
list_models,GET,204.26279999999863,200,True,,500,24.6775476,35.150000000000006,86.3
list_models,GET,208.41750000000303,200,True,,500,24.677652,35.150000000000006,86.3
list_models,GET,204.43030000000206,200,True,,500,24.6779104,35.150000000000006,86.3
list_models,GET,204.20689999999908,200,True,,500,24.6780373,35.150000000000006,86.3
list_models,GET,204.14459999999934,200,True,,500,24.6781484,35.150000000000006,86.3
list_models,GET,203.93689999999864,200,True,,500,24.6782571,35.150000000000006,86.3
list_models,GET,203.78069999999937,200,True,,500,24.6783633,35.150000000000006,86.3
list_models,GET,203.54349999999855,200,True,,500,24.6785131,35.150000000000006,86.3
list_models,GET,203.37740000000082,200,True,,500,24.6786264,35.150000000000006,86.3
list_models,GET,203.6555,200,True,,500,24.6787349,35.150000000000006,86.3
list_models,GET,203.56650000000087,200,True,,500,24.6788739,35.150000000000006,86.3
list_models,GET,202.56610000000208,200,True,,500,24.6789894,35.150000000000006,86.3
list_models,GET,202.57619999999932,200,True,,500,24.6791099,35.150000000000006,86.3
list_models,GET,202.72509999999855,200,True,,500,24.6792222,35.150000000000006,86.3
list_models,GET,209.1019999999979,200,True,,500,24.6793346,35.150000000000006,86.3
list_models,GET,208.50189999999813,200,True,,500,24.6794404,35.150000000000006,86.3
list_models,GET,208.40510000000023,200,True,,500,24.6796364,35.150000000000006,86.3
list_models,GET,208.11150000000112,200,True,,500,24.6800708,35.150000000000006,86.3
list_models,GET,207.83989999999974,200,True,,500,24.680405,35.150000000000006,86.3
list_models,GET,207.77029999999996,200,True,,500,24.6805383,35.150000000000006,86.3
list_models,GET,207.72290000000027,200,True,,500,24.6806484,35.150000000000006,86.3
list_models,GET,207.37049999999968,200,True,,500,24.6807442,35.150000000000006,86.3
list_models,GET,233.18139999999943,200,True,,500,24.6808463,35.150000000000006,86.3
list_models,GET,239.56520000000125,200,True,,500,24.6809488,35.150000000000006,86.3
list_models,GET,239.77230000000205,200,True,,500,24.6810512,35.150000000000006,86.3
list_models,GET,252.35890000000083,200,True,,500,24.6811458,35.150000000000006,86.3
list_models,GET,250.8277999999997,200,True,,500,24.6812453,35.150000000000006,86.3
list_models,GET,247.09679999999778,200,True,,500,24.6813384,35.150000000000006,86.3
list_models,GET,246.87789999999765,200,True,,500,24.6814281,35.150000000000006,86.3
list_models,GET,246.6173999999981,200,True,,500,24.6815217,35.150000000000006,86.3
list_models,GET,246.1765000000007,200,True,,500,24.6816487,35.150000000000006,86.3
list_models,GET,246.2882999999998,200,True,,500,24.6817543,35.150000000000006,86.3
list_models,GET,246.38900000000064,200,True,,500,24.6818477,35.150000000000006,86.3
list_models,GET,245.59149999999974,200,True,,500,24.6819434,35.150000000000006,86.3
list_models,GET,250.5360000000003,200,True,,500,24.6821667,35.150000000000006,86.3
list_models,GET,250.85350000000162,200,True,,500,24.6822715,35.150000000000006,86.3
list_models,GET,251.3013000000015,200,True,,500,24.6823695,35.150000000000006,86.3
list_models,GET,250.37490000000062,200,True,,500,24.6824685,35.150000000000006,86.3
list_models,GET,245.1276,200,True,,500,24.6825728,35.150000000000006,86.3
list_models,GET,245.86249999999765,200,True,,500,24.6826742,35.150000000000006,86.3
list_models,GET,250.20170000000164,200,True,,500,24.6827799,35.150000000000006,86.3
list_models,GET,249.58150000000145,200,True,,500,24.6829741,35.150000000000006,86.3
list_models,GET,249.27800000000033,200,True,,500,24.6830902,35.150000000000006,86.3
list_models,GET,248.71579999999938,200,True,,500,24.6831958,35.150000000000006,86.3
list_models,GET,248.41010000000097,200,True,,500,24.6833022,35.150000000000006,86.3
list_models,GET,249.550499999998,200,True,,500,24.6837109,35.150000000000006,86.3
list_models,GET,248.40989999999863,200,True,,500,24.6838179,35.150000000000006,86.3
list_models,GET,244.03679999999994,200,True,,500,24.6838996,35.150000000000006,86.3
list_models,GET,254.55289999999664,200,True,,500,24.6839812,35.150000000000006,86.3
list_models,GET,254.95040000000202,200,True,,500,24.6840576,35.150000000000006,86.3
list_models,GET,254.47360000000074,200,True,,500,24.6842511,35.150000000000006,86.3
list_models,GET,258.29870000000096,200,True,,500,24.6843313,35.150000000000006,86.3
list_models,GET,258.0808000000019,200,True,,500,24.6844018,35.150000000000006,86.3
list_models,GET,257.6687999999976,200,True,,500,24.6844718,35.150000000000006,86.3
list_models,GET,257.79280000000074,200,True,,500,24.6845395,35.150000000000006,86.3
list_models,GET,258.1695999999987,200,True,,500,24.6846077,35.150000000000006,86.3
list_models,GET,254.54309999999936,200,True,,500,24.6846783,35.150000000000006,86.3
list_models,GET,254.38979999999844,200,True,,500,24.6847469,35.150000000000006,86.3
list_models,GET,254.52629999999843,200,True,,500,24.6848142,35.150000000000006,86.3
list_models,GET,253.99339999999881,200,True,,500,24.6848806,35.150000000000006,86.3
list_models,GET,262.9140000000021,200,True,,500,24.6849441,35.150000000000006,86.3
list_models,GET,263.4679999999996,200,True,,500,24.6850067,35.150000000000006,86.3
list_models,GET,263.70139999999867,200,True,,500,24.6852437,35.150000000000006,86.3
list_models,GET,261.88379999999967,200,True,,500,24.6853981,35.150000000000006,86.3
list_models,GET,263.334099999998,200,True,,500,24.6854906,35.150000000000006,86.3
list_models,GET,261.83710000000104,200,True,,500,24.6855691,35.150000000000006,86.3
list_models,GET,261.76029999999884,200,True,,500,24.6857694,35.150000000000006,86.3
list_models,GET,262.88340000000335,200,True,,500,24.6858278,35.150000000000006,86.3
list_models,GET,262.73109999999986,200,True,,500,24.6858653,35.150000000000006,86.3
list_models,GET,261.05339999999796,200,True,,500,24.6858998,35.150000000000006,86.3
list_models,GET,262.4093999999992,200,True,,500,24.6859328,35.150000000000006,86.3
list_models,GET,262.2103999999972,200,True,,500,24.6859664,35.150000000000006,86.3
list_models,GET,261.144299999998,200,True,,500,24.6859995,35.150000000000006,86.3
list_models,GET,271.3491000000019,200,True,,500,24.686033,35.150000000000006,86.3
list_models,GET,271.4515999999989,200,True,,500,24.6860663,35.150000000000006,86.3
list_models,GET,272.15190000000075,200,True,,500,24.6860988,35.150000000000006,86.3
list_models,GET,272.8110999999984,200,True,,500,24.6861302,35.150000000000006,86.3
list_models,GET,272.6451000000019,200,True,,500,24.6861614,35.150000000000006,86.3
list_models,GET,272.32340000000124,200,True,,500,24.6861945,35.150000000000006,86.3
list_models,GET,270.56169999999827,200,True,,500,24.6862256,35.150000000000006,86.3
list_models,GET,272.82370000000003,200,True,,500,24.6862585,35.150000000000006,86.3
list_models,GET,270.80010000000243,200,True,,500,24.6862918,35.150000000000006,86.3
list_models,GET,272.84689999999756,200,True,,500,24.6863686,35.150000000000006,86.3
list_models,GET,272.9453,200,True,,500,24.686404,35.150000000000006,86.3
list_models,GET,270.1968000000008,200,True,,500,24.6864384,35.150000000000006,86.3
list_models,GET,270.00849999999946,200,True,,500,24.6864701,35.150000000000006,86.3
list_models,GET,271.6135999999984,200,True,,500,24.6865011,35.150000000000006,86.3
list_models,GET,271.3064000000003,200,True,,500,24.6865338,35.150000000000006,86.3
list_models,GET,271.40929999999844,200,True,,500,24.6865668,35.150000000000006,86.3
list_models,GET,270.3376999999989,200,True,,500,24.6865996,35.150000000000006,86.3
list_models,GET,270.60140000000035,200,True,,500,24.6866321,35.150000000000006,86.3
list_models,GET,271.0334000000003,200,True,,500,24.6866642,35.150000000000006,86.3
list_models,GET,269.60920000000147,200,True,,500,24.6866983,35.150000000000006,86.3
list_models,GET,271.6491000000012,200,True,,500,24.686732,35.150000000000006,86.3
list_models,GET,271.8986999999977,200,True,,500,24.6867659,35.150000000000006,86.3
list_models,GET,269.235799999997,200,True,,500,24.6868401,35.150000000000006,86.3
list_models,GET,280.87950000000103,200,True,,500,24.6869065,35.150000000000006,86.3
list_models,GET,280.51840000000186,200,True,,500,24.6869631,35.150000000000006,86.3
list_models,GET,280.9647000000019,200,True,,500,24.6871075,35.150000000000006,86.3
list_models,GET,280.85180000000065,200,True,,500,24.6871717,35.150000000000006,86.3
list_models,GET,280.74379999999974,200,True,,500,24.6872313,35.150000000000006,86.3
list_models,GET,280.6406999999993,200,True,,500,24.6872885,35.150000000000006,86.3
list_models,GET,280.53650000000016,200,True,,500,24.6873462,35.150000000000006,86.3
list_models,GET,280.2346,200,True,,500,24.6874023,35.150000000000006,86.3
list_models,GET,280.22460000000035,200,True,,500,24.6874633,35.150000000000006,86.3
list_models,GET,280.21340000000095,200,True,,500,24.6875236,35.150000000000006,86.3
list_models,GET,280.25050000000107,200,True,,500,24.6875844,35.150000000000006,86.3
list_models,GET,279.7668999999985,200,True,,500,24.6876429,35.150000000000006,86.3
list_models,GET,279.6106999999992,200,True,,500,24.6877025,35.150000000000006,86.3
list_models,GET,279.8052999999996,200,True,,500,24.6877949,35.150000000000006,86.3
list_models,GET,279.6826999999986,200,True,,500,24.6878634,35.150000000000006,86.3
list_models,GET,293.98000000000127,200,True,,500,24.6879274,35.150000000000006,86.3
list_models,GET,300.53780000000074,200,True,,500,24.6879909,35.150000000000006,86.3
list_models,GET,306.30900000000236,200,True,,500,24.6880562,35.150000000000006,86.3
list_models,GET,306.4286999999979,200,True,,500,24.6881379,35.150000000000006,86.3
list_models,GET,306.09640000000127,200,True,,500,24.6881746,35.150000000000006,86.3
list_models,GET,305.96479999999815,200,True,,500,24.6882094,35.150000000000006,86.3
list_models,GET,305.6659999999987,200,True,,500,24.6882425,35.150000000000006,86.3
list_models,GET,305.78689999999756,200,True,,500,24.6882769,35.150000000000006,86.3
list_models,GET,313.2484000000027,200,True,,500,24.688311,35.150000000000006,86.3
list_models,GET,313.38119999999844,200,True,,500,24.688345,35.150000000000006,86.3
list_models,GET,312.7192000000001,200,True,,500,24.6883807,35.150000000000006,86.3
list_models,GET,313.20300000000145,200,True,,500,24.6884162,35.150000000000006,86.3
list_models,GET,313.02920000000256,200,True,,500,24.6884508,35.150000000000006,86.3
list_models,GET,316.15250000000117,200,True,,500,24.6884874,35.150000000000006,86.3
list_models,GET,315.49890000000147,200,True,,500,24.6885212,35.150000000000006,86.3
list_models,GET,316.1227000000011,200,True,,500,24.6885552,35.150000000000006,86.3
list_models,GET,313.21079999999665,200,True,,500,24.6885879,35.150000000000006,86.3
list_models,GET,313.0624999999974,200,True,,500,24.6886198,35.150000000000006,86.3
list_models,GET,313.11260000000016,200,True,,500,24.6886514,35.150000000000006,86.3
list_models,GET,313.10410000000036,200,True,,500,24.6887302,35.150000000000006,86.3
list_models,GET,315.577600000001,200,True,,500,24.6887688,35.150000000000006,86.3
list_models,GET,315.57940000000076,200,True,,500,24.688806,35.150000000000006,86.3
list_models,GET,315.0726000000006,200,True,,500,24.6888514,35.150000000000006,86.3
list_models,GET,315.17299999999796,200,True,,500,24.6888873,35.150000000000006,86.3
list_models,GET,315.92429999999894,200,True,,500,24.688921,35.150000000000006,86.3
list_models,GET,317.6358999999991,200,True,,500,24.6889563,35.150000000000006,86.3
list_models,GET,620.338499999999,200,True,,500,24.6889896,35.150000000000006,86.3
list_models,GET,620.1851999999981,200,True,,500,24.6890226,35.150000000000006,86.3
list_models,GET,614.8126000000004,200,True,,500,24.6890561,35.150000000000006,86.3
list_models,GET,317.6130000000015,200,True,,500,24.6890881,35.150000000000006,86.3
list_models,GET,317.6573000000005,200,True,,500,24.6891291,35.150000000000006,86.3
list_models,GET,325.39139999999736,200,True,,500,24.6891679,35.150000000000006,86.3
list_models,GET,324.9656999999999,200,True,,500,24.6892067,35.150000000000006,86.3
list_models,GET,326.14309999999944,200,True,,500,24.6892485,35.150000000000006,86.3
list_models,GET,325.8572999999991,200,True,,500,24.6892965,35.150000000000006,86.3
list_models,GET,325.13930000000005,200,True,,500,24.6901372,35.150000000000006,86.3
list_models,GET,324.85309999999856,200,True,,500,24.6901751,35.150000000000006,86.3
list_models,GET,325.29729999999904,200,True,,500,24.6902106,35.150000000000006,86.3
list_models,GET,324.1602999999991,200,True,,500,24.6902435,35.150000000000006,86.3
list_models,GET,324.476200000003,200,True,,500,24.6902755,35.150000000000006,86.3
list_models,GET,324.5921999999979,200,True,,500,24.6903067,35.150000000000006,86.3
list_models,GET,329.98179999999877,200,True,,500,24.6903383,35.150000000000006,86.3
list_models,GET,329.67610000000036,200,True,,500,24.6904573,35.150000000000006,86.3
list_models,GET,329.7439000000004,200,True,,500,24.6905159,35.150000000000006,86.3
list_models,GET,329.637899999998,200,True,,500,24.6905597,35.150000000000006,86.3
list_models,GET,329.4658999999989,200,True,,500,24.6905973,35.150000000000006,86.3
list_models,GET,329.86290000000196,200,True,,500,24.6906318,35.150000000000006,86.3
list_models,GET,329.3223000000012,200,True,,500,24.6906674,35.150000000000006,86.3
list_models,GET,329.7366000000004,200,True,,500,24.6907,35.150000000000006,86.3
list_models,GET,329.6469999999978,200,True,,500,24.6907326,35.150000000000006,86.3
list_models,GET,329.1163000000026,200,True,,500,24.6907659,35.150000000000006,86.3
list_models,GET,337.0128999999977,200,True,,500,24.6909096,35.150000000000006,86.3
list_models,GET,337.21770000000004,200,True,,500,24.6909851,35.150000000000006,86.3
list_models,GET,336.7793999999975,200,True,,500,24.6910318,35.150000000000006,86.3
list_models,GET,337.0120000000014,200,True,,500,24.6910715,35.150000000000006,86.3
list_models,GET,336.8894000000005,200,True,,500,24.691109,35.150000000000006,86.3
list_models,GET,337.11879999999894,200,True,,500,24.6911442,35.150000000000006,86.3
list_models,GET,336.9372999999989,200,True,,500,24.6911799,35.150000000000006,86.3
list_models,GET,336.75009999999975,200,True,,500,24.6912141,35.150000000000006,86.3
list_models,GET,336.9879000000004,200,True,,500,24.6912463,35.150000000000006,86.3
list_models,GET,334.82130000000154,200,True,,500,24.6912797,35.150000000000006,86.3
list_models,GET,334.69310000000263,200,True,,500,24.6913149,35.150000000000006,86.3
list_models,GET,334.5260000000003,200,True,,500,24.6913494,35.150000000000006,86.3
list_models,GET,335.1140999999984,200,True,,500,24.6913836,35.150000000000006,86.3
list_models,GET,335.0071000000021,200,True,,500,24.691418,35.150000000000006,86.3
list_models,GET,334.89830000000256,200,True,,500,24.6914505,35.150000000000006,86.3
list_models,GET,334.97749999999724,200,True,,500,24.6915918,35.150000000000006,86.3
list_models,GET,334.60249999999905,200,True,,500,24.6916686,35.150000000000006,86.3
list_models,GET,335.05429999999944,200,True,,500,24.6917404,35.150000000000006,86.3
list_models,GET,334.38300000000254,200,True,,500,24.6918047,35.150000000000006,86.3
list_models,GET,343.3698000000014,200,True,,500,24.6918962,35.150000000000006,86.3
list_models,GET,343.22069999999985,200,True,,500,24.6919655,35.150000000000006,86.3
list_models,GET,343.66560000000135,200,True,,500,24.6920333,35.150000000000006,86.3
list_models,GET,344.07350000000037,200,True,,500,24.6922228,35.150000000000006,86.3
list_models,GET,343.2358999999998,200,True,,500,24.6923536,35.150000000000006,86.3
list_models,GET,343.39950000000033,200,True,,500,24.6924289,35.150000000000006,86.3
list_models,GET,343.2266999999989,200,True,,500,24.6925159,35.150000000000006,86.3
list_models,GET,343.27660000000293,200,True,,500,24.6925924,35.150000000000006,86.3
list_models,GET,343.12440000000066,200,True,,500,24.6926616,35.150000000000006,86.3
list_models,GET,343.5382000000011,200,True,,500,24.6927287,35.150000000000006,86.3
list_models,GET,343.4539000000001,200,True,,500,24.6927924,35.150000000000006,86.3
list_models,GET,343.24500000000313,200,True,,500,24.6928663,35.150000000000006,86.3
list_models,GET,343.216199999997,200,True,,500,24.6930666,35.150000000000006,86.3
list_models,GET,342.4700999999999,200,True,,500,24.6931808,35.150000000000006,86.3
list_models,GET,342.2237999999993,200,True,,500,24.6932756,35.150000000000006,86.3
list_models,GET,342.0911999999987,200,True,,500,24.6933672,35.150000000000006,86.3
list_models,GET,341.9647999999995,200,True,,500,24.6934489,35.150000000000006,86.3
list_models,GET,341.7856999999991,200,True,,500,24.6935365,35.150000000000006,86.3
list_models,GET,341.73450000000116,200,True,,500,24.6936356,35.150000000000006,86.3
list_models,GET,341.82069999999953,200,True,,500,24.6937214,35.150000000000006,86.3
list_models,GET,342.4962000000029,200,True,,500,24.6938148,35.150000000000006,86.3
list_models,GET,345.8146000000006,200,True,,500,24.6939421,35.150000000000006,86.3
list_models,GET,345.87910000000124,200,True,,500,24.6940368,35.150000000000006,86.3
list_models,GET,345.7122999999989,200,True,,500,24.6941361,35.150000000000006,86.3
list_models,GET,345.7428,200,True,,500,24.694234,35.150000000000006,86.3
list_models,GET,352.24330000000134,200,True,,500,24.6943213,35.150000000000006,86.3
list_models,GET,367.7996000000014,200,True,,500,24.6944067,35.150000000000006,86.3
list_models,GET,367.487999999998,200,True,,500,24.6945042,35.150000000000006,86.3
list_models,GET,367.1135000000021,200,True,,500,24.6947171,35.150000000000006,86.3
list_models,GET,367.2715000000011,200,True,,500,24.6948342,35.150000000000006,86.3
list_models,GET,375.0641999999971,200,True,,500,24.6949335,35.150000000000006,86.3
list_models,GET,374.8286999999983,200,True,,500,24.6950241,35.150000000000006,86.3
list_models,GET,375.1041999999991,200,True,,500,24.6951204,35.150000000000006,86.3
list_models,GET,375.6732000000014,200,True,,500,24.69521,35.150000000000006,86.3
list_models,GET,375.6852000000031,200,True,,500,24.6953066,35.150000000000006,86.3
list_models,GET,375.3385999999992,200,True,,500,24.6954399,35.150000000000006,86.3
list_models,GET,373.7827999999972,200,True,,500,24.6955212,35.150000000000006,86.3
list_models,GET,373.1875000000002,200,True,,500,24.6956,35.150000000000006,86.3
list_models,GET,373.2816999999997,200,True,,500,24.6956746,35.150000000000006,86.3
list_models,GET,374.3647999999986,200,True,,500,24.6957521,35.150000000000006,86.3
list_models,GET,372.7617000000016,200,True,,500,24.6958314,35.150000000000006,86.3
list_models,GET,373.70710000000076,200,True,,500,24.6959414,35.150000000000006,86.3
list_models,GET,374.42009999999823,200,True,,500,24.6960295,35.150000000000006,86.3
list_models,GET,374.44750000000226,200,True,,500,24.696111,35.150000000000006,86.3
list_models,GET,374.8010000000015,200,True,,500,24.6962969,35.150000000000006,86.3
list_models,GET,374.2806000000023,200,True,,500,24.6963904,35.150000000000006,86.3
list_models,GET,373.81110000000103,200,True,,500,24.6965266,35.150000000000006,86.3
list_models,GET,377.01669999999865,200,True,,500,24.6966308,35.150000000000006,86.3
list_models,GET,377.188799999999,200,True,,500,24.696726,35.150000000000006,86.3
list_models,GET,377.2012999999994,200,True,,500,24.6968258,35.150000000000006,86.3
list_models,GET,376.83979999999906,200,True,,500,24.6969569,35.150000000000006,86.3
list_models,GET,387.3028000000005,200,True,,500,24.697051,35.150000000000006,86.3
list_models,GET,386.64440000000155,200,True,,500,24.6971404,35.150000000000006,86.3
list_models,GET,386.8725000000026,200,True,,500,24.6972365,35.150000000000006,86.3
list_models,GET,391.7100999999974,200,True,,500,24.6973303,35.150000000000006,86.3
list_models,GET,390.6215999999994,200,True,,500,24.6974245,35.150000000000006,86.3
list_models,GET,390.7371000000026,200,True,,500,24.6975159,35.150000000000006,86.3
list_models,GET,391.3489000000005,200,True,,500,24.6976188,35.150000000000006,86.3
update_registry,POST,67.9799999999986,200,True,,100,28.0228028,46.650000000000006,86.3
update_registry,POST,67.31979999999993,200,True,,100,28.023541,46.650000000000006,86.3
update_registry,POST,66.74010000000052,200,True,,100,28.0239507,46.650000000000006,86.3
update_registry,POST,66.69139999999985,200,True,,100,28.0242421,46.650000000000006,86.3
update_registry,POST,65.99040000000045,200,True,,100,28.0244975,46.650000000000006,86.3
update_registry,POST,71.02409999999892,200,True,,100,28.0256936,46.650000000000006,86.3
update_registry,POST,67.03939999999875,200,True,,100,28.0261244,46.650000000000006,86.3
update_registry,POST,66.80640000000082,200,True,,100,28.0265234,46.650000000000006,86.3
update_registry,POST,70.21269999999902,200,True,,100,28.0268141,46.650000000000006,86.3
update_registry,POST,69.4777000000002,200,True,,100,28.027319,46.650000000000006,86.3
update_registry,POST,68.81720000000158,200,True,,100,28.0275671,46.650000000000006,86.3
update_registry,POST,69.31300000000107,200,True,,100,28.0278232,46.650000000000006,86.3
update_registry,POST,65.34909999999883,200,True,,100,28.0280856,46.650000000000006,86.3
update_registry,POST,67.74930000000268,200,True,,100,28.0291191,46.650000000000006,86.3
update_registry,POST,67.490099999997,200,True,,100,28.0294452,46.650000000000006,86.3
update_registry,POST,66.83190000000039,200,True,,100,28.0297077,46.650000000000006,86.3
update_registry,POST,63.61989999999906,200,True,,100,28.0299716,46.650000000000006,86.3
update_registry,POST,63.28669999999903,200,True,,100,28.0302298,46.650000000000006,86.3
update_registry,POST,65.73569999999762,200,True,,100,28.0308889,46.650000000000006,86.3
update_registry,POST,75.03210000000138,200,True,,100,28.0311894,46.650000000000006,86.3
update_registry,POST,75.20740000000004,200,True,,100,28.0314033,46.650000000000006,86.3
update_registry,POST,74.71649999999741,200,True,,100,28.0316116,46.650000000000006,86.3
update_registry,POST,77.3305999999998,200,True,,100,28.0318173,46.650000000000006,86.3
update_registry,POST,73.97270000000233,200,True,,100,28.0320279,46.650000000000006,86.3
update_registry,POST,69.13040000000237,200,True,,100,28.0324656,46.650000000000006,86.3
update_registry,POST,68.54279999999946,200,True,,100,28.0329331,46.650000000000006,86.3
update_registry,POST,68.30679999999845,200,True,,100,28.0332291,46.650000000000006,86.3
update_registry,POST,67.65340000000108,200,True,,100,28.0334646,46.650000000000006,86.3
update_registry,POST,67.37869999999901,200,True,,100,28.0336708,46.650000000000006,86.3
update_registry,POST,67.56109999999893,200,True,,100,28.03387,46.650000000000006,86.3
update_registry,POST,67.17949999999817,200,True,,100,28.0340659,46.650000000000006,86.3
update_registry,POST,66.97059999999766,200,True,,100,28.0343358,46.650000000000006,86.3
update_registry,POST,66.60799999999867,200,True,,100,28.0345742,46.650000000000006,86.3
update_registry,POST,66.16150000000331,200,True,,100,28.0348147,46.650000000000006,86.3
update_registry,POST,71.5527999999992,200,True,,100,28.0352793,46.650000000000006,86.3
update_registry,POST,65.31049999999894,200,True,,100,28.0355606,46.650000000000006,86.3
update_registry,POST,70.65280000000129,200,True,,100,28.035825,46.650000000000006,86.3
update_registry,POST,73.02549999999997,200,True,,100,28.0362483,46.650000000000006,86.3
update_registry,POST,69.54230000000194,200,True,,100,28.0368653,46.650000000000006,86.3
update_registry,POST,69.11540000000116,200,True,,100,28.0374324,46.650000000000006,86.3
update_registry,POST,372.7069000000007,200,True,,100,28.0377395,46.650000000000006,86.3
update_registry,POST,363.9980999999999,200,True,,100,28.038085,46.650000000000006,86.3
update_registry,POST,62.99259999999762,200,True,,100,28.0383768,46.650000000000006,86.3
update_registry,POST,73.18310000000139,200,True,,100,28.0386319,46.650000000000006,86.3
update_registry,POST,70.53309999999868,200,True,,100,28.03882,46.650000000000006,86.3
update_registry,POST,76.78359999999884,200,True,,100,28.0392294,46.650000000000006,86.3
update_registry,POST,76.43630000000101,200,True,,100,28.0395224,46.650000000000006,86.3
update_registry,POST,76.16230000000002,200,True,,100,28.0397421,46.650000000000006,86.3
update_registry,POST,75.54989999999862,200,True,,100,28.0399309,46.650000000000006,86.3
update_registry,POST,75.7329999999996,200,True,,100,28.0401144,46.650000000000006,86.3
update_registry,POST,75.79319999999967,200,True,,100,28.0402866,46.650000000000006,86.3
update_registry,POST,75.06190000000146,200,True,,100,28.0406056,46.650000000000006,86.3
update_registry,POST,74.96809999999954,200,True,,100,28.0408228,46.650000000000006,86.3
update_registry,POST,71.7579999999991,200,True,,100,28.0410103,46.650000000000006,86.3
update_registry,POST,74.03279999999768,200,True,,100,28.0415497,46.650000000000006,86.3
update_registry,POST,69.91479999999939,200,True,,100,28.0417701,46.650000000000006,86.3
update_registry,POST,69.58819999999832,200,True,,100,28.0421617,46.650000000000006,86.3
update_registry,POST,73.33810000000085,200,True,,100,28.042395,46.650000000000006,86.3
update_registry,POST,68.73359999999806,200,True,,100,28.0426995,46.650000000000006,86.3
update_registry,POST,69.05429999999768,200,True,,100,28.0430801,46.650000000000006,86.3
update_registry,POST,68.86730000000085,200,True,,100,28.0433344,46.650000000000006,86.3
update_registry,POST,65.85340000000173,200,True,,100,28.0435676,46.650000000000006,86.3
update_registry,POST,68.0215000000004,200,True,,100,28.0438579,46.650000000000006,86.3
update_registry,POST,371.8490999999986,200,True,,100,28.0440921,46.650000000000006,86.3
update_registry,POST,68.38509999999687,200,True,,100,28.0443102,46.650000000000006,86.3
update_registry,POST,67.0529000000002,200,True,,100,28.04456,46.650000000000006,86.3
update_registry,POST,66.75659999999795,200,True,,100,28.0447813,46.650000000000006,86.3
update_registry,POST,66.77729999999826,200,True,,100,28.0452218,46.650000000000006,86.3
update_registry,POST,77.51489999999706,200,True,,100,28.0455019,46.650000000000006,86.3
update_registry,POST,73.92789999999749,200,True,,100,28.0457259,46.650000000000006,86.3
update_registry,POST,73.40729999999951,200,True,,100,28.0459421,46.650000000000006,86.3
update_registry,POST,73.10939999999988,200,True,,100,28.046188,46.650000000000006,86.3
update_registry,POST,73.02609999999987,200,True,,100,28.0464262,46.650000000000006,86.3
update_registry,POST,72.7133000000002,200,True,,100,28.0466883,46.650000000000006,86.3
update_registry,POST,72.68829999999937,200,True,,100,28.0469157,46.650000000000006,86.3
update_registry,POST,71.36979999999937,200,True,,100,28.0471387,46.650000000000006,86.3
update_registry,POST,75.28290000000126,200,True,,100,28.0473629,46.650000000000006,86.3
update_registry,POST,75.06339999999767,200,True,,100,28.0477601,46.650000000000006,86.3
update_registry,POST,74.59599999999966,200,True,,100,28.0481138,46.650000000000006,86.3
update_registry,POST,74.78060000000042,200,True,,100,28.0483434,46.650000000000006,86.3
update_registry,POST,70.95179999999957,200,True,,100,28.048604,46.650000000000006,86.3
update_registry,POST,70.66199999999867,200,True,,100,28.0488442,46.650000000000006,86.3
update_registry,POST,70.1837999999988,200,True,,100,28.0490605,46.650000000000006,86.3
update_registry,POST,69.74340000000012,200,True,,100,28.0492698,46.650000000000006,86.3
update_registry,POST,69.65689999999825,200,True,,100,28.0494804,46.650000000000006,86.3
update_registry,POST,73.25780000000037,200,True,,100,28.0496987,46.650000000000006,86.3
update_registry,POST,68.95739999999861,200,True,,100,28.0499185,46.650000000000006,86.3
update_registry,POST,72.63890000000117,200,True,,100,28.0501297,46.650000000000006,86.3
update_registry,POST,68.1908,200,True,,100,28.0505342,46.650000000000006,86.3
update_registry,POST,71.77279999999797,200,True,,100,28.0507868,46.650000000000006,86.3
update_registry,POST,72.08389999999909,200,True,,100,28.0509874,46.650000000000006,86.3
update_registry,POST,74.18460000000238,200,True,,100,28.0511767,46.650000000000006,86.3
update_registry,POST,73.80339999999919,200,True,,100,28.0513667,46.650000000000006,86.3
update_registry,POST,73.7634000000007,200,True,,100,28.0515541,46.650000000000006,86.3
update_registry,POST,73.27749999999966,200,True,,100,28.0517472,46.650000000000006,86.3
update_registry,POST,73.17869999999971,200,True,,100,28.0519457,46.650000000000006,86.3
update_registry,POST,73.14260000000061,200,True,,100,28.052129,46.650000000000006,86.3
update_registry,POST,72.62539999999973,200,True,,100,28.0523186,46.650000000000006,86.3
update_registry,POST,72.7019999999996,200,True,,100,28.0525147,46.650000000000006,86.3
update_registry,POST,70.65809999999928,200,True,,100,28.0544195,46.650000000000006,86.3
update_registry,POST,72.29470000000049,200,True,,100,28.0909685,46.650000000000006,86.3
update_registry,POST,71.47339999999858,200,True,,100,28.0913575,46.650000000000006,86.3
update_registry,POST,69.7554000000018,200,True,,100,28.091607,46.650000000000006,86.3
update_registry,POST,68.7224999999998,200,True,,100,28.0917887,46.650000000000006,86.3
update_registry,POST,70.02170000000163,200,True,,100,28.0919486,46.650000000000006,86.3
update_registry,POST,68.5539999999989,200,True,,100,28.0936357,46.650000000000006,86.3
update_registry,POST,68.34299999999871,200,True,,100,28.0939893,46.650000000000006,86.3
update_registry,POST,68.71340000000004,200,True,,100,28.0943881,46.650000000000006,86.3
update_registry,POST,79.21560000000127,200,True,,100,28.0947168,46.650000000000006,86.3
update_registry,POST,79.38890000000143,200,True,,100,28.0950115,46.650000000000006,86.3
update_registry,POST,80.04120000000015,200,True,,100,28.097185,46.650000000000006,86.3
update_registry,POST,77.73570000000163,200,True,,100,28.0976847,46.650000000000006,86.3
update_registry,POST,76.72529999999966,200,True,,100,28.0981836,46.650000000000006,86.3
update_registry,POST,79.9196000000002,200,True,,100,28.0987698,46.650000000000006,86.3
update_registry,POST,76.88220000000001,200,True,,100,28.0990835,46.650000000000006,86.3
update_registry,POST,79.02899999999846,200,True,,100,28.0992849,46.650000000000006,86.3
update_registry,POST,79.56580000000102,200,True,,100,28.0994665,46.650000000000006,86.3
update_registry,POST,79.77189999999723,200,True,,100,28.0996312,46.650000000000006,86.3
update_registry,POST,76.6770000000001,200,True,,100,28.0997962,46.650000000000006,86.3
update_registry,POST,366.76139999999793,200,True,,100,28.1016802,46.650000000000006,86.3
update_registry,POST,75.5845000000015,200,True,,100,28.1019291,46.650000000000006,86.3
update_registry,POST,77.15840000000185,200,True,,100,28.10211,46.650000000000006,86.3
update_registry,POST,365.7463000000014,200,True,,100,28.1023616,46.650000000000006,86.3
update_registry,POST,85.68590000000142,200,True,,100,28.1025949,46.650000000000006,86.3
update_registry,POST,86.23180000000019,200,True,,100,28.1028342,46.650000000000006,86.3
update_registry,POST,84.77800000000002,200,True,,100,28.1031064,46.650000000000006,86.3
update_registry,POST,365.1687999999993,200,True,,100,28.1034808,46.650000000000006,86.3
update_registry,POST,84.96990000000082,200,True,,100,28.1038182,46.650000000000006,86.3
update_registry,POST,85.2517000000006,200,True,,100,28.1040871,46.650000000000006,86.3
update_registry,POST,84.32909999999794,200,True,,100,28.1042716,46.650000000000006,86.3
update_registry,POST,83.12520000000134,200,True,,100,28.1045357,46.650000000000006,86.3
update_registry,POST,82.2802999999972,200,True,,100,28.1072528,46.650000000000006,86.3
update_registry,POST,90.0293000000012,200,True,,100,28.1075071,46.650000000000006,86.3
update_registry,POST,102.56309999999758,200,True,,100,28.1077359,46.650000000000006,86.3
update_registry,POST,102.84060000000039,200,True,,100,28.1080489,46.650000000000006,86.3
update_registry,POST,102.4743000000008,200,True,,100,28.1083165,46.650000000000006,86.3
update_registry,POST,102.61109999999718,200,True,,100,28.1084953,46.650000000000006,86.3
update_registry,POST,101.05139999999935,200,True,,100,28.1086516,46.650000000000006,86.3
update_registry,POST,100.21830000000165,200,True,,100,28.1087936,46.650000000000006,86.3
update_registry,POST,101.58089999999831,200,True,,100,28.1100622,46.650000000000006,86.3
update_registry,POST,97.42289999999798,200,True,,100,28.1104473,46.650000000000006,86.3
update_registry,POST,99.76520000000022,200,True,,100,28.1109203,46.650000000000006,86.3
update_registry,POST,99.28179999999998,200,True,,100,28.1111564,46.650000000000006,86.3
update_registry,POST,96.24589999999955,200,True,,100,28.1133527,46.650000000000006,86.3
update_registry,POST,94.53470000000053,200,True,,100,28.1136062,46.650000000000006,86.3
update_registry,POST,97.57709999999875,200,True,,100,28.1137783,46.650000000000006,86.3
update_registry,POST,97.05980000000025,200,True,,100,28.1139179,46.650000000000006,86.3
update_registry,POST,97.74829999999923,200,True,,100,28.1140478,46.650000000000006,86.3
update_registry,POST,95.03050000000002,200,True,,100,28.1141827,46.650000000000006,86.3
update_registry,POST,93.94409999999809,200,True,,100,28.1143028,46.650000000000006,86.3
update_registry,POST,95.39080000000055,200,True,,100,28.1144137,46.650000000000006,86.3
update_registry,POST,95.38170000000079,200,True,,100,28.1145302,46.650000000000006,86.3
update_registry,POST,93.30759999999927,200,True,,100,28.1147139,46.650000000000006,86.3
update_registry,POST,93.81839999999997,200,True,,100,28.1149607,46.650000000000006,86.3
update_registry,POST,93.95139999999813,200,True,,100,28.1152018,46.650000000000006,86.3
update_registry,POST,92.63569999999888,200,True,,100,28.1168658,46.650000000000006,86.3
update_registry,POST,374.3857999999989,200,True,,100,28.1171002,46.650000000000006,86.3
update_registry,POST,92.05499999999844,200,True,,100,28.117263,46.650000000000006,86.3
update_registry,POST,373.37669999999787,200,True,,100,28.1173965,46.650000000000006,86.3
update_registry,POST,91.87840000000236,200,True,,100,28.1175394,46.650000000000006,86.3
update_registry,POST,371.20400000000234,200,True,,100,28.1176829,46.650000000000006,86.3
update_registry,POST,92.39970000000142,200,True,,100,28.1177992,46.650000000000006,86.3
update_registry,POST,92.09550000000277,200,True,,100,28.1179164,46.650000000000006,86.3
update_registry,POST,92.06500000000162,200,True,,100,28.1180374,46.650000000000006,86.3
update_registry,POST,90.38500000000127,200,True,,100,28.1181771,46.650000000000006,86.3
update_registry,POST,93.30119999999908,200,True,,100,28.1201975,46.650000000000006,86.3
update_registry,POST,92.70370000000128,200,True,,100,28.1204127,46.650000000000006,86.3
update_registry,POST,91.60849999999954,200,True,,100,28.1205449,46.650000000000006,86.3
update_registry,POST,91.32839999999831,200,True,,100,28.1206539,46.650000000000006,86.3
update_registry,POST,91.98499999999754,200,True,,100,28.1207716,46.650000000000006,86.3
update_registry,POST,92.07959999999815,200,True,,100,28.1209017,46.650000000000006,86.3
update_registry,POST,91.88310000000044,200,True,,100,28.1210332,46.650000000000006,86.3
update_registry,POST,91.48719999999955,200,True,,100,28.1211486,46.650000000000006,86.3
update_registry,POST,90.90940000000103,200,True,,100,28.121591,46.650000000000006,86.3
update_registry,POST,91.50670000000005,200,True,,100,28.1218041,46.650000000000006,86.3
update_registry,POST,91.28480000000039,200,True,,100,28.1219615,46.650000000000006,86.3
update_registry,POST,89.9593000000003,200,True,,100,28.1220965,46.650000000000006,86.3
update_registry,POST,90.10559999999757,200,True,,100,28.1222208,46.650000000000006,86.3
update_registry,POST,90.71019999999663,200,True,,100,28.122337,46.650000000000006,86.3
update_registry,POST,90.49070000000015,200,True,,100,28.1236471,46.650000000000006,86.3
update_registry,POST,90.49029999999902,200,True,,100,28.1238509,46.650000000000006,86.3
update_registry,POST,88.84660000000011,200,True,,100,28.1239965,46.650000000000006,86.3
update_registry,POST,89.9138999999991,200,True,,100,28.1241189,46.650000000000006,86.3
update_registry,POST,89.60830000000186,200,True,,100,28.1242459,46.650000000000006,86.3
update_registry,POST,89.23809999999932,200,True,,100,28.1243682,46.650000000000006,86.3
update_registry,POST,89.72109999999844,200,True,,100,28.1244903,46.650000000000006,86.3
update_registry,POST,89.66140000000067,200,True,,100,28.1246148,46.650000000000006,86.3
update_registry,POST,88.698100000002,200,True,,100,28.1247364,46.650000000000006,86.3
update_registry,POST,86.39850000000138,200,True,,100,28.1255027,46.650000000000006,86.3
update_registry,POST,87.55410000000197,200,True,,100,28.1256289,46.650000000000006,86.3
update_registry,POST,100.64009999999968,200,True,,100,28.1257267,46.650000000000006,86.3
update_registry,POST,100.16710000000018,200,True,,100,28.1258127,46.650000000000006,86.3
update_registry,POST,100.73309999999935,200,True,,100,28.1259051,46.650000000000006,86.3
update_registry,POST,100.44149999999874,200,True,,100,28.1259969,46.650000000000006,86.3
update_registry,POST,100.48309999999816,200,True,,100,28.1260879,46.650000000000006,86.3
update_registry,POST,100.32740000000118,200,True,,100,28.126182,46.650000000000006,86.3
update_registry,POST,99.57280000000068,200,True,,100,28.1262731,46.650000000000006,86.3
update_registry,POST,66.30970000000147,200,True,,100,28.1633274,46.650000000000006,86.3
update_registry,POST,65.18849999999787,200,True,,100,28.1643985,46.650000000000006,86.3
update_registry,POST,64.12519999999944,200,True,,100,28.1654023,46.650000000000006,86.3
update_registry,POST,63.311600000002244,200,True,,100,28.1661333,46.650000000000006,86.3
update_registry,POST,67.49590000000083,200,True,,100,28.1666104,46.650000000000006,86.3
update_registry,POST,66.3298999999995,200,True,,100,28.1676364,46.650000000000006,86.3
update_registry,POST,66.03720000000024,200,True,,100,28.1682424,46.650000000000006,86.3
update_registry,POST,65.56480000000064,200,True,,100,28.1686364,46.650000000000006,86.3
update_registry,POST,68.42089999999956,200,True,,100,28.1812767,46.650000000000006,86.3
update_registry,POST,67.29939999999957,200,True,,100,28.1820174,46.650000000000006,86.3
update_registry,POST,66.80539999999979,200,True,,100,28.1824327,46.650000000000006,86.3
update_registry,POST,66.64959999999809,200,True,,100,28.1828809,46.650000000000006,86.3
update_registry,POST,65.44839999999752,200,True,,100,28.1834449,46.650000000000006,86.3
update_registry,POST,65.07600000000124,200,True,,100,28.1839637,46.650000000000006,86.3
update_registry,POST,65.27189999999905,200,True,,100,28.1843812,46.650000000000006,86.3
update_registry,POST,64.77569999999844,200,True,,100,28.1848168,46.650000000000006,86.3
update_registry,POST,64.07970000000063,200,True,,100,28.1853113,46.650000000000006,86.3
update_registry,POST,63.717100000001636,200,True,,100,28.1857412,46.650000000000006,86.3
update_registry,POST,62.819600000000975,200,True,,100,28.186327,46.650000000000006,86.3
update_registry,POST,69.95280000000292,200,True,,100,28.186669,46.650000000000006,86.3
update_registry,POST,69.25649999999806,200,True,,100,28.1871055,46.650000000000006,86.3
update_registry,POST,63.66270000000185,200,True,,100,28.1927825,46.650000000000006,86.3
update_registry,POST,62.8795999999987,200,True,,100,28.193693,46.650000000000006,86.3
update_registry,POST,61.95500000000109,200,True,,100,28.1942803,46.650000000000006,86.3
update_registry,POST,61.71900000000008,200,True,,100,28.1947929,46.650000000000006,86.3
update_registry,POST,63.497300000001644,200,True,,100,28.1955101,46.650000000000006,86.3
update_registry,POST,63.0283000000027,200,True,,100,28.1959298,46.650000000000006,86.3
update_registry,POST,62.58650000000188,200,True,,100,28.1963141,46.650000000000006,86.3
update_registry,POST,62.04980000000049,200,True,,100,28.1967672,46.650000000000006,86.3
update_registry,POST,60.89190000000144,200,True,,100,28.2072772,46.650000000000006,86.3
update_registry,POST,69.1133999999991,200,True,,100,28.2148869,46.650000000000006,86.3
update_registry,POST,68.86840000000305,200,True,,100,28.2152735,46.650000000000006,86.3
update_registry,POST,68.18949999999901,200,True,,100,28.2156099,46.650000000000006,86.3
update_registry,POST,67.8567000000001,200,True,,100,28.2158657,46.650000000000006,86.3
update_registry,POST,67.48119999999957,200,True,,100,28.2160802,46.650000000000006,86.3
update_registry,POST,67.96100000000038,200,True,,100,28.2162579,46.650000000000006,86.3
update_registry,POST,66.9124000000032,200,True,,100,28.216457,46.650000000000006,86.3
update_registry,POST,64.63699999999761,200,True,,100,28.2166235,46.650000000000006,86.3
update_registry,POST,66.8217999999996,200,True,,100,28.2168275,46.650000000000006,86.3
update_registry,POST,64.10179999999954,200,True,,100,28.2170361,46.650000000000006,86.3
update_registry,POST,63.67410000000007,200,True,,100,28.2174992,46.650000000000006,86.3
update_registry,POST,63.02750000000046,200,True,,100,28.2176568,46.650000000000006,86.3
update_registry,POST,63.04589999999877,200,True,,100,28.2177946,46.650000000000006,86.3
update_registry,POST,62.98350000000141,200,True,,100,28.2179939,46.650000000000006,86.3
update_registry,POST,62.9123000000007,200,True,,100,28.2181566,46.650000000000006,86.3
update_registry,POST,62.86139999999918,200,True,,100,28.218345,46.650000000000006,86.3
update_registry,POST,64.65039999999789,200,True,,100,28.2185348,46.650000000000006,86.3
update_registry,POST,75.36119999999968,200,True,,100,28.2187721,46.650000000000006,86.3
update_registry,POST,74.83339999999927,200,True,,100,28.2194478,46.650000000000006,86.3
update_registry,POST,66.6840999999998,200,True,,100,28.2196815,46.650000000000006,86.3
update_registry,POST,66.42680000000212,200,True,,100,28.2198705,46.650000000000006,86.3
update_registry,POST,68.35769999999997,200,True,,100,28.220056,46.650000000000006,86.3
update_registry,POST,66.38009999999994,200,True,,100,28.2201957,46.650000000000006,86.3
update_registry,POST,67.93310000000119,200,True,,100,28.2203232,46.650000000000006,86.3
update_registry,POST,65.90080000000142,200,True,,100,28.2205177,46.650000000000006,86.3
update_registry,POST,73.7842999999998,200,True,,100,28.2207161,46.650000000000006,86.3
update_registry,POST,73.26580000000149,200,True,,100,28.2209208,46.650000000000006,86.3
update_registry,POST,67.40309999999994,200,True,,100,28.2210955,46.650000000000006,86.3
update_registry,POST,73.6744999999992,200,True,,100,28.2212889,46.650000000000006,86.3
update_registry,POST,72.59720000000058,200,True,,100,28.2216372,46.650000000000006,86.3
update_registry,POST,72.44370000000089,200,True,,100,28.2219704,46.650000000000006,86.3
update_registry,POST,71.82420000000178,200,True,,100,28.2222287,46.650000000000006,86.3
update_registry,POST,71.8853000000017,200,True,,100,28.2225702,46.650000000000006,86.3
update_registry,POST,71.64140000000074,200,True,,100,28.2227291,46.650000000000006,86.3
update_registry,POST,71.46489999999872,200,True,,100,28.2228622,46.650000000000006,86.3
update_registry,POST,65.44399999999939,200,True,,100,28.223012,46.650000000000006,86.3
update_registry,POST,63.54350000000153,200,True,,100,28.2231375,46.650000000000006,86.3
update_registry,POST,65.11199999999917,200,True,,100,28.2232565,46.650000000000006,86.3
update_registry,POST,63.33490000000097,200,True,,100,28.2233889,46.650000000000006,86.3
update_registry,POST,63.11900000000037,200,True,,100,28.2235141,46.650000000000006,86.3
update_registry,POST,62.92009999999948,200,True,,100,28.2236838,46.650000000000006,86.3
update_registry,POST,64.50200000000095,200,True,,100,28.223817,46.650000000000006,86.3
update_registry,POST,62.61350000000121,200,True,,100,28.2239324,46.650000000000006,86.3
update_registry,POST,62.464699999999596,200,True,,100,28.2240489,46.650000000000006,86.3
update_registry,POST,62.30539999999962,200,True,,100,28.2241626,46.650000000000006,86.3
update_registry,POST,70.43099999999924,200,True,,100,28.2243603,46.650000000000006,86.3
update_registry,POST,70.11849999999953,200,True,,100,28.2246287,46.650000000000006,86.3
update_registry,POST,69.74500000000106,200,True,,100,28.2248104,46.650000000000006,86.3
update_registry,POST,73.12100000000044,200,True,,100,28.2249831,46.650000000000006,86.3
update_registry,POST,371.358800000003,200,True,,100,28.225132,46.650000000000006,86.3
update_registry,POST,371.4258999999984,200,True,,100,28.2252484,46.650000000000006,86.3
update_registry,POST,372.2496,200,True,,100,28.225402,46.650000000000006,86.3
update_registry,POST,371.55409999999733,200,True,,100,28.2255226,46.650000000000006,86.3
update_registry,POST,370.6032000000015,200,True,,100,28.2256257,46.650000000000006,86.3
update_registry,POST,67.55629999999968,200,True,,100,28.2272807,46.650000000000006,86.3
update_registry,POST,70.7474000000019,200,True,,100,28.2275079,46.650000000000006,86.3
update_registry,POST,70.563700000001,200,True,,100,28.2276454,46.650000000000006,86.3
update_registry,POST,66.87549999999831,200,True,,100,28.227781,46.650000000000006,86.3
update_registry,POST,66.66660000000135,200,True,,100,28.2279426,46.650000000000006,86.3
update_registry,POST,66.81650000000161,200,True,,100,28.2280834,46.650000000000006,86.3
update_registry,POST,69.88769999999889,200,True,,100,28.2282707,46.650000000000006,86.3
update_registry,POST,68.64120000000185,200,True,,100,28.2296588,46.650000000000006,86.3
update_registry,POST,68.1783999999972,200,True,,100,28.2298557,46.650000000000006,86.3
update_registry,POST,64.70149999999819,200,True,,100,28.2300007,46.650000000000006,86.3
update_registry,POST,71.83279999999925,200,True,,100,28.2301207,46.650000000000006,86.3
update_registry,POST,67.61279999999914,200,True,,100,28.2343152,46.650000000000006,86.3
update_registry,POST,67.24999999999781,200,True,,100,28.2346286,46.650000000000006,86.3
update_registry,POST,67.10119999999975,200,True,,100,28.2348726,46.650000000000006,86.3
update_registry,POST,64.47319999999834,200,True,,100,28.2350415,46.650000000000006,86.3
update_registry,POST,66.98370000000153,200,True,,100,28.2497281,46.650000000000006,86.3
update_registry,POST,66.72199999999862,200,True,,100,28.250081,46.650000000000006,86.3
update_registry,POST,66.37939999999887,200,True,,100,28.2503785,46.650000000000006,86.3
update_registry,POST,65.82699999999875,200,True,,100,28.2505867,46.650000000000006,86.3
update_registry,POST,66.10179999999843,200,True,,100,28.2507449,46.650000000000006,86.3
update_registry,POST,65.67310000000148,200,True,,100,28.2508894,46.650000000000006,86.3
update_registry,POST,65.57520000000139,200,True,,100,28.2510372,46.650000000000006,86.3
update_registry,POST,65.31099999999768,200,True,,100,28.251187,46.650000000000006,86.3
update_registry,POST,65.30869999999922,200,True,,100,28.2513529,46.650000000000006,86.3
update_registry,POST,72.094400000001,200,True,,100,28.2515151,46.650000000000006,86.3
update_registry,POST,71.88039999999773,200,True,,100,28.2516655,46.650000000000006,86.3
update_registry,POST,67.24559999999968,200,True,,100,28.2566451,46.650000000000006,86.3
update_registry,POST,66.84990000000113,200,True,,100,28.2569877,46.650000000000006,86.3
update_registry,POST,66.65669999999935,200,True,,100,28.2572975,46.650000000000006,86.3
update_registry,POST,66.26890000000074,200,True,,100,28.2575139,46.650000000000006,86.3
update_registry,POST,66.41369999999824,200,True,,100,28.2576833,46.650000000000006,86.3
update_registry,POST,66.31589999999932,200,True,,100,28.2578396,46.650000000000006,86.3
update_registry,POST,64.63660000000004,200,True,,100,28.2590322,46.650000000000006,86.3
update_registry,POST,64.51879999999832,200,True,,100,28.2592089,46.650000000000006,86.3
update_registry,POST,64.67540000000227,200,True,,100,28.2593525,46.650000000000006,86.3
update_registry,POST,63.979100000000955,200,True,,100,28.2594696,46.650000000000006,86.3
update_registry,POST,62.40749999999906,200,True,,100,28.2682116,46.650000000000006,86.3
update_registry,POST,67.87710000000047,200,True,,100,28.2813084,46.650000000000006,86.3
update_registry,POST,67.3950000000012,200,True,,100,28.2815373,46.650000000000006,86.3
update_registry,POST,67.3952999999976,200,True,,100,28.2816918,46.650000000000006,86.3
update_registry,POST,67.20340000000036,200,True,,100,28.2818138,46.650000000000006,86.3
update_registry,POST,377.0388000000011,200,True,,100,28.2819486,46.650000000000006,86.3
update_registry,POST,67.07880000000088,200,True,,100,28.2820599,46.650000000000006,86.3
update_registry,POST,377.03660000000025,200,True,,100,28.2821898,46.650000000000006,86.3
update_registry,POST,376.3031999999988,200,True,,100,28.2823019,46.650000000000006,86.3
update_registry,POST,78.36400000000054,200,True,,100,28.2842455,46.650000000000006,86.3
update_registry,POST,78.61570000000029,200,True,,100,28.2845969,46.650000000000006,86.3
update_registry,POST,78.39299999999838,200,True,,100,28.2848642,46.650000000000006,86.3
update_registry,POST,78.09319999999786,200,True,,100,28.2850706,46.650000000000006,86.3
update_registry,POST,77.8950000000016,200,True,,100,28.2852212,46.650000000000006,86.3
update_registry,POST,77.70460000000057,200,True,,100,28.2853605,46.650000000000006,86.3
update_registry,POST,77.53870000000163,200,True,,100,28.2854665,46.650000000000006,86.3
update_registry,POST,76.5511000000032,200,True,,100,28.2855635,46.650000000000006,86.3
update_registry,POST,76.58180000000314,200,True,,100,28.2856638,46.650000000000006,86.3
update_registry,POST,82.59199999999822,200,True,,100,28.2867436,46.650000000000006,86.3
update_registry,POST,75.02709999999979,200,True,,100,28.2868891,46.650000000000006,86.3
update_registry,POST,82.29209999999654,200,True,,100,28.2869978,46.650000000000006,86.3
update_registry,POST,82.32980000000012,200,True,,100,28.2870878,46.650000000000006,86.3
update_registry,POST,67.84319999999866,200,True,,100,28.2871819,46.650000000000006,86.3
update_registry,POST,67.6603,200,True,,100,28.2872742,46.650000000000006,86.3
update_registry,POST,67.61499999999998,200,True,,100,28.2873643,46.650000000000006,86.3
update_registry,POST,67.39419999999896,200,True,,100,28.2874556,46.650000000000006,86.3
update_registry,POST,67.35779999999991,200,True,,100,28.2875446,46.650000000000006,86.3
update_registry,POST,67.16129999999865,200,True,,100,28.2876328,46.650000000000006,86.3
update_registry,POST,67.01040000000091,200,True,,100,28.2877248,46.650000000000006,86.3
update_registry,POST,66.13430000000164,200,True,,100,28.2885173,46.650000000000006,86.3
update_registry,POST,73.2949000000005,200,True,,100,28.2886625,46.650000000000006,86.3
update_registry,POST,73.10879999999997,200,True,,100,28.2887689,46.650000000000006,86.3
update_registry,POST,80.59290000000274,200,True,,100,28.2888605,46.650000000000006,86.3
update_registry,POST,72.88770000000255,200,True,,100,28.2889517,46.650000000000006,86.3
update_registry,POST,80.33650000000137,200,True,,100,28.2890424,46.650000000000006,86.3
update_registry,POST,80.62460000000016,200,True,,100,28.2951965,46.650000000000006,86.3
update_registry,POST,73.78849999999915,200,True,,100,28.2954499,46.650000000000006,86.3
update_registry,POST,71.92430000000272,200,True,,100,28.2955901,46.650000000000006,86.3
update_registry,POST,73.44630000000052,200,True,,100,28.2957029,46.650000000000006,86.3
update_registry,POST,73.1345999999995,200,True,,100,28.2958086,46.650000000000006,86.3
update_registry,POST,67.43850000000151,200,True,,100,28.2959106,46.650000000000006,86.3
update_registry,POST,67.43230000000011,200,True,,100,28.2960047,46.650000000000006,86.3
update_registry,POST,67.38659999999896,200,True,,100,28.2960953,46.650000000000006,86.3
update_registry,POST,67.20740000000092,200,True,,100,28.2961867,46.650000000000006,86.3
update_registry,POST,80.02959999999959,200,True,,100,28.2962954,46.650000000000006,86.3
update_registry,POST,80.3648999999993,200,True,,100,28.2963914,46.650000000000006,86.3
update_registry,POST,80.47760000000181,200,True,,100,28.2964876,46.650000000000006,86.3
update_registry,POST,79.96819999999971,200,True,,100,28.2965775,46.650000000000006,86.3
update_registry,POST,79.98409999999723,200,True,,100,28.2966681,46.650000000000006,86.3
update_registry,POST,79.6777000000013,200,True,,100,28.2967563,46.650000000000006,86.3
update_registry,POST,79.2502000000006,200,True,,100,28.2968457,46.650000000000006,86.3
update_registry,POST,79.01160000000118,200,True,,100,28.2969451,46.650000000000006,86.3
update_registry,POST,78.45250000000092,200,True,,100,28.2970357,46.650000000000006,86.3
update_registry,POST,77.83970000000195,200,True,,100,28.2978478,46.650000000000006,86.3
update_registry,POST,75.01140000000106,200,True,,100,28.2985376,46.650000000000006,86.3
update_registry,POST,78.16000000000045,200,True,,100,28.2987006,46.650000000000006,86.3
update_registry,POST,77.3937999999994,200,True,,100,28.2988183,46.650000000000006,86.3
update_registry,POST,64.38309999999703,200,True,,100,28.2989199,46.650000000000006,86.3
update_registry,POST,68.95489999999782,200,True,,100,28.2990309,46.650000000000006,86.3
update_registry,POST,85.42260000000113,200,True,,100,28.2991235,46.650000000000006,86.3
update_registry,POST,84.22470000000004,200,True,,100,28.2996078,46.650000000000006,86.3
update_registry,POST,82.40329999999929,200,True,,100,28.301996,46.650000000000006,86.3
update_registry,POST,81.98930000000004,200,True,,100,28.3022988,46.650000000000006,86.3
update_registry,POST,81.55149999999978,200,True,,100,28.3024855,46.650000000000006,86.3
update_registry,POST,81.55859999999748,200,True,,100,28.3026097,46.650000000000006,86.3
update_registry,POST,72.7064999999989,200,True,,100,28.3168677,46.650000000000006,86.3
update_registry,POST,71.66489999999825,200,True,,100,28.3170952,46.650000000000006,86.3
update_registry,POST,71.99930000000165,200,True,,100,28.3172517,46.650000000000006,86.3
update_registry,POST,71.4416,200,True,,100,28.3174409,46.650000000000006,86.3
update_registry,POST,70.9307999999993,200,True,,100,28.3176583,46.650000000000006,86.3
update_registry,POST,78.84380000000135,200,True,,100,28.3178229,46.650000000000006,86.3
update_registry,POST,77.14399999999699,200,True,,100,28.3179988,46.650000000000006,86.3
update_registry,POST,77.7745000000003,200,True,,100,28.3181829,46.650000000000006,86.3
update_registry,POST,77.36909999999853,200,True,,100,28.318307,46.650000000000006,86.3
update_registry,POST,71.98509999999914,200,True,,100,28.3241881,46.650000000000006,86.3
update_registry,POST,71.97370000000092,200,True,,100,28.3244904,46.650000000000006,86.3
update_registry,POST,70.56719999999927,200,True,,100,28.3247177,46.650000000000006,86.3
update_registry,POST,70.90330000000122,200,True,,100,28.3249116,46.650000000000006,86.3
update_registry,POST,71.55909999999821,200,True,,100,28.3250582,46.650000000000006,86.3
update_registry,POST,71.11520000000127,200,True,,100,28.3251928,46.650000000000006,86.3
update_registry,POST,67.68629999999831,200,True,,100,28.3253178,46.650000000000006,86.3
update_registry,POST,71.27350000000021,200,True,,100,28.3254352,46.650000000000006,86.3
update_registry,POST,70.01569999999901,200,True,,100,28.3255516,46.650000000000006,86.3
update_registry,POST,70.40739999999701,200,True,,100,28.3256596,46.650000000000006,86.3
update_registry,POST,69.66800000000006,200,True,,100,28.3257703,46.650000000000006,86.3
update_registry,POST,66.92699999999974,200,True,,100,28.3259441,46.650000000000006,86.3
update_registry,POST,71.59559999999843,200,True,,100,28.3306702,46.650000000000006,86.3
update_registry,POST,67.53430000000193,200,True,,100,28.3492072,46.650000000000006,86.3
update_registry,POST,67.14709999999968,200,True,,100,28.3494317,46.650000000000006,86.3
update_registry,POST,66.81329999999974,200,True,,100,28.3495776,46.650000000000006,86.3
update_registry,POST,66.46160000000023,200,True,,100,28.349686,46.650000000000006,86.3
update_registry,POST,73.62059999999815,200,True,,100,28.3498017,46.650000000000006,86.3
update_registry,POST,68.73159999999956,200,True,,100,28.3550463,46.650000000000006,86.3
update_registry,POST,68.30800000000181,200,True,,100,28.3552598,46.650000000000006,86.3
update_registry,POST,68.27980000000267,200,True,,100,28.3553957,46.650000000000006,86.3
update_registry,POST,73.84680000000188,200,True,,100,28.3555207,46.650000000000006,86.3
update_registry,POST,74.06459999999981,200,True,,100,28.3556359,46.650000000000006,86.3
update_registry,POST,78.03310000000252,200,True,,100,28.3557389,46.650000000000006,86.3
update_registry,POST,77.63539999999836,200,True,,100,28.3558351,46.650000000000006,86.3
update_registry,POST,73.5802000000021,200,True,,100,28.3559304,46.650000000000006,86.3
update_registry,POST,66.02200000000025,200,True,,100,28.3637667,46.650000000000006,86.3
update_registry,POST,70.17489999999782,200,True,,100,28.3639824,46.650000000000006,86.3
update_registry,POST,65.7178000000016,200,True,,100,28.3641518,46.650000000000006,86.3
update_registry,POST,69.73040000000097,200,True,,100,28.3642684,46.650000000000006,86.3
update_registry,POST,69.69910000000112,200,True,,100,28.3643944,46.650000000000006,86.3
update_registry,POST,68.75420000000076,200,True,,100,28.3645541,46.650000000000006,86.3
update_registry,POST,69.22969999999751,200,True,,100,28.3646686,46.650000000000006,86.3
update_registry,POST,69.47540000000174,200,True,,100,28.3647712,46.650000000000006,86.3
update_registry,POST,64.73880000000065,200,True,,100,28.3648718,46.650000000000006,86.3
update_registry,POST,69.36569999999875,200,True,,100,28.3649668,46.650000000000006,86.3
update_registry,POST,69.78429999999847,200,True,,100,28.3650629,46.650000000000006,86.3
update_registry,POST,69.60710000000248,200,True,,100,28.3651587,46.650000000000006,86.3
update_registry,POST,69.35500000000161,200,True,,100,28.3652639,46.650000000000006,86.3
update_registry,POST,69.1740999999979,200,True,,100,28.3653565,46.650000000000006,86.3
update_registry,POST,69.24419999999998,200,True,,100,28.3654481,46.650000000000006,86.3
update_registry,POST,68.8740999999986,200,True,,100,28.3655416,46.650000000000006,86.3
update_registry,POST,70.77600000000217,200,True,,100,28.3656518,46.650000000000006,86.3
update_registry,POST,70.98440000000039,200,True,,100,28.3658573,46.650000000000006,86.3
update_registry,POST,65.90440000000086,200,True,,100,28.370382,46.650000000000006,86.3
update_registry,POST,65.287399999999,200,True,,100,28.3709236,46.650000000000006,86.3
update_registry,POST,64.69579999999908,200,True,,100,28.3713093,46.650000000000006,86.3
update_registry,POST,65.1459999999986,200,True,,100,28.3716297,46.650000000000006,86.3
update_registry,POST,64.21419999999856,200,True,,100,28.3719103,46.650000000000006,86.3
update_registry,POST,64.19899999999856,200,True,,100,28.372157,46.650000000000006,86.3
update_registry,POST,64.17499999999876,200,True,,100,28.3723956,46.650000000000006,86.3
update_registry,POST,63.86749999999708,200,True,,100,28.3726328,46.650000000000006,86.3
update_registry,POST,63.81320000000201,200,True,,100,28.3728943,46.650000000000006,86.3
update_registry,POST,63.48549999999875,200,True,,100,28.3731565,46.650000000000006,86.3
update_registry,POST,70.88409999999712,200,True,,100,28.3748165,46.650000000000006,86.3
update_registry,POST,68.43530000000086,200,True,,100,28.377467,46.650000000000006,86.3
update_registry,POST,68.77469999999875,200,True,,100,28.3779197,46.650000000000006,86.3
update_registry,POST,67.88680000000014,200,True,,100,28.3787134,46.650000000000006,86.3
update_registry,POST,67.17829999999836,200,True,,100,28.3792131,46.650000000000006,86.3
update_registry,POST,66.94209999999856,200,True,,100,28.37956,46.650000000000006,86.3
update_registry,POST,66.28149999999877,200,True,,100,28.3798464,46.650000000000006,86.3
update_registry,POST,65.88449999999924,200,True,,100,28.380143,46.650000000000006,86.3
update_registry,POST,70.47860000000128,200,True,,100,28.3804213,46.650000000000006,86.3
update_registry,POST,70.15720000000059,200,True,,100,28.3807962,46.650000000000006,86.3
update_registry,POST,69.7376000000034,200,True,,100,28.3812622,46.650000000000006,86.3
update_registry,POST,69.47960000000108,200,True,,100,28.3816114,46.650000000000006,86.3
update_registry,POST,68.73929999999717,200,True,,100,28.3820821,46.650000000000006,86.3
update_registry,POST,68.31370000000092,200,True,,100,28.3827327,46.650000000000006,86.3
update_registry,POST,69.21510000000097,200,True,,100,28.3849791,46.650000000000006,86.3
update_registry,POST,71.14680000000106,200,True,,100,28.3854301,46.650000000000006,86.3
update_registry,POST,68.27640000000201,200,True,,100,28.3858349,46.650000000000006,86.3
update_registry,POST,68.01379999999924,200,True,,100,28.3862504,46.650000000000006,86.3
update_registry,POST,67.46040000000164,200,True,,100,28.3868528,46.650000000000006,86.3
update_registry,POST,69.11410000000018,200,True,,100,28.3872834,46.650000000000006,86.3
update_registry,POST,65.36889999999929,200,True,,100,28.3912532,46.650000000000006,86.3
update_registry,POST,64.59140000000119,200,True,,100,28.3918595,46.650000000000006,86.3
update_registry,POST,64.33369999999883,200,True,,100,28.3921645,46.650000000000006,86.3
update_registry,POST,63.94690000000125,200,True,,100,28.3923845,46.650000000000006,86.3
update_registry,POST,63.97489999999806,200,True,,100,28.3925671,46.650000000000006,86.3
update_registry,POST,373.1644000000003,200,True,,100,28.3943342,46.650000000000006,86.3
update_registry,POST,372.9513000000004,200,True,,100,28.3947488,46.650000000000006,86.3
update_registry,POST,67.23719999999744,200,True,,100,28.3970352,46.650000000000006,86.3
update_registry,POST,68.54700000000236,200,True,,100,28.3974536,46.650000000000006,86.3
update_registry,POST,66.67580000000228,200,True,,100,28.3977455,46.650000000000006,86.3
update_registry,POST,67.39589999999751,200,True,,100,28.3979834,46.650000000000006,86.3
update_registry,POST,64.98570000000115,200,True,,100,28.3982057,46.650000000000006,86.3
update_registry,POST,64.08790000000053,200,True,,100,28.3984292,46.650000000000006,86.3
update_registry,POST,65.89819999999946,200,True,,100,28.3986609,46.650000000000006,86.3
update_registry,POST,65.07150000000195,200,True,,100,28.399033,46.650000000000006,86.3
update_registry,POST,64.36120000000045,200,True,,100,28.3995231,46.650000000000006,86.3
update_registry,POST,63.327700000002096,200,True,,100,28.400042,46.650000000000006,86.3
update_registry,POST,64.22069999999991,200,True,,100,28.4005164,46.650000000000006,86.3
update_registry,POST,62.72880000000214,200,True,,100,28.4008817,46.650000000000006,86.3
update_registry,POST,61.5054999999991,200,True,,100,28.4012423,46.650000000000006,86.3
update_registry,POST,61.49360000000215,200,True,,100,28.4015666,46.650000000000006,86.3
update_registry,POST,63.09410000000071,200,True,,100,28.402692,46.650000000000006,86.3
update_registry,POST,59.794899999999984,200,True,,100,28.4031219,46.650000000000006,86.3
update_registry,POST,59.47619999999887,200,True,,100,28.4105518,46.650000000000006,86.3
update_registry,POST,67.15390000000099,200,True,,100,28.4168316,46.650000000000006,86.3
update_registry,POST,65.98430000000022,200,True,,100,28.4173733,46.650000000000006,86.3
update_registry,POST,65.87869999999896,200,True,,100,28.4178456,46.650000000000006,86.3
update_registry,POST,64.44369999999822,200,True,,100,28.418271,46.650000000000006,86.3
update_registry,POST,70.47889999999768,200,True,,100,28.4186468,46.650000000000006,86.3
update_registry,POST,66.68519999999845,200,True,,100,28.4238278,46.650000000000006,86.3
update_registry,POST,66.85500000000033,200,True,,100,28.4242915,46.650000000000006,86.3
update_registry,POST,65.36239999999793,200,True,,100,28.4248088,46.650000000000006,86.3
update_registry,POST,68.92389999999793,200,True,,100,28.4250897,46.650000000000006,86.3
update_registry,POST,71.65549999999854,200,True,,100,28.4299059,46.650000000000006,86.3
update_registry,POST,71.31110000000263,200,True,,100,28.4304322,46.650000000000006,86.3
update_registry,POST,119.82830000000178,200,True,,500,30.783533,50.2,86.6
update_registry,POST,119.35940000000045,200,True,,500,30.7839091,50.2,86.6
update_registry,POST,119.04119999999807,200,True,,500,30.7841281,50.2,86.6
update_registry,POST,374.91859999999735,200,True,,500,30.7842978,50.2,86.6
update_registry,POST,112.36459999999937,200,True,,500,30.7844415,50.2,86.6
update_registry,POST,114.94340000000136,200,True,,500,30.7845761,50.2,86.6
update_registry,POST,112.26029999999909,200,True,,500,30.7847338,50.2,86.6
update_registry,POST,115.58799999999891,200,True,,500,30.7848738,50.2,86.6
update_registry,POST,114.74460000000164,200,True,,500,30.785006,50.2,86.6
update_registry,POST,117.72530000000003,200,True,,500,30.7851323,50.2,86.6
update_registry,POST,115.41719999999955,200,True,,500,30.7852589,50.2,86.6
update_registry,POST,114.85150000000033,200,True,,500,30.7853854,50.2,86.6
update_registry,POST,117.5253000000005,200,True,,500,30.7855155,50.2,86.6
update_registry,POST,114.20350000000212,200,True,,500,30.7857922,50.2,86.6
update_registry,POST,114.23660000000169,200,True,,500,30.785935,50.2,86.6
update_registry,POST,113.77870000000101,200,True,,500,30.7860656,50.2,86.6
update_registry,POST,110.15820000000076,200,True,,500,30.7861859,50.2,86.6
update_registry,POST,113.33859999999873,200,True,,500,30.7863265,50.2,86.6
update_registry,POST,114.16309999999896,200,True,,500,30.786453,50.2,86.6
update_registry,POST,114.1235000000016,200,True,,500,30.786609,50.2,86.6
update_registry,POST,114.26050000000032,200,True,,500,30.7867369,50.2,86.6
update_registry,POST,110.0709000000002,200,True,,500,30.7868623,50.2,86.6
update_registry,POST,113.97230000000036,200,True,,500,30.7869865,50.2,86.6
update_registry,POST,109.76270000000099,200,True,,500,30.7871105,50.2,86.6
update_registry,POST,109.37580000000224,200,True,,500,30.7873456,50.2,86.6
update_registry,POST,108.76490000000061,200,True,,500,30.7874758,50.2,86.6
update_registry,POST,108.50280000000012,200,True,,500,30.7876005,50.2,86.6
update_registry,POST,112.8241999999986,200,True,,500,30.7877258,50.2,86.6
update_registry,POST,112.54600000000181,200,True,,500,30.7878449,50.2,86.6
update_registry,POST,108.61179999999848,200,True,,500,30.787963,50.2,86.6
update_registry,POST,112.22139999999925,200,True,,500,30.7880814,50.2,86.6
update_registry,POST,111.38449999999978,200,True,,500,30.788203,50.2,86.6
update_registry,POST,112.56699999999853,200,True,,500,30.788335,50.2,86.6
update_registry,POST,112.39229999999978,200,True,,500,30.7884549,50.2,86.6
update_registry,POST,112.12949999999822,200,True,,500,30.7886622,50.2,86.6
update_registry,POST,111.16240000000133,200,True,,500,30.7887584,50.2,86.6
update_registry,POST,111.19449999999986,200,True,,500,30.7888592,50.2,86.6
update_registry,POST,111.16119999999796,200,True,,500,30.7889459,50.2,86.6
update_registry,POST,112.45320000000092,200,True,,500,30.7890363,50.2,86.6
update_registry,POST,113.34390000000027,200,True,,500,30.7891211,50.2,86.6
update_registry,POST,120.75499999999906,200,True,,500,30.7892061,50.2,86.6
update_registry,POST,120.18369999999834,200,True,,500,30.7892912,50.2,86.6
update_registry,POST,121.63920000000061,200,True,,500,30.7893798,50.2,86.6
update_registry,POST,113.06480000000008,200,True,,500,30.7894669,50.2,86.6
update_registry,POST,112.71089999999973,200,True,,500,30.7895537,50.2,86.6
update_registry,POST,113.13050000000047,200,True,,500,30.7897065,50.2,86.6
update_registry,POST,112.59499999999889,200,True,,500,30.789805,50.2,86.6
update_registry,POST,112.78420000000011,200,True,,500,30.7898957,50.2,86.6
update_registry,POST,112.20810000000014,200,True,,500,30.7899865,50.2,86.6
update_registry,POST,111.95679999999797,200,True,,500,30.7900747,50.2,86.6
update_registry,POST,112.15959999999825,200,True,,500,30.7901732,50.2,86.6
update_registry,POST,111.51319999999743,200,True,,500,30.790265,50.2,86.6
update_registry,POST,111.28819999999706,200,True,,500,30.7903647,50.2,86.6
update_registry,POST,120.40030000000002,200,True,,500,30.7904664,50.2,86.6
update_registry,POST,110.79099999999897,200,True,,500,30.7906587,50.2,86.6
update_registry,POST,119.3173999999999,200,True,,500,30.7908342,50.2,86.6
update_registry,POST,119.96670000000265,200,True,,500,30.7910996,50.2,86.6
update_registry,POST,119.15679999999895,200,True,,500,30.7912545,50.2,86.6
update_registry,POST,118.7929999999966,200,True,,500,30.7914084,50.2,86.6
update_registry,POST,118.69120000000066,200,True,,500,30.7915564,50.2,86.6
update_registry,POST,119.29010000000062,200,True,,500,30.7916785,50.2,86.6
update_registry,POST,118.89749999999921,200,True,,500,30.7917948,50.2,86.6
update_registry,POST,119.00440000000145,200,True,,500,30.7919119,50.2,86.6
update_registry,POST,118.0765000000008,200,True,,500,30.7920268,50.2,86.6
update_registry,POST,117.91810000000069,200,True,,500,30.7921388,50.2,86.6
update_registry,POST,117.75730000000095,200,True,,500,30.7922528,50.2,86.6
update_registry,POST,118.22909999999709,200,True,,500,30.7923809,50.2,86.6
update_registry,POST,118.50169999999949,200,True,,500,30.7926135,50.2,86.6
update_registry,POST,108.78569999999854,200,True,,500,30.7927426,50.2,86.6
update_registry,POST,117.89240000000234,200,True,,500,30.7928641,50.2,86.6
update_registry,POST,118.17309999999992,200,True,,500,30.7929761,50.2,86.6
update_registry,POST,108.03059999999931,200,True,,500,30.7930847,50.2,86.6
update_registry,POST,107.86719999999761,200,True,,500,30.7931905,50.2,86.6
update_registry,POST,374.989799999998,200,True,,500,30.7932948,50.2,86.6
update_registry,POST,374.7595999999973,200,True,,500,30.7934039,50.2,86.6
update_registry,POST,116.03960000000058,200,True,,500,30.7935124,50.2,86.6
update_registry,POST,116.18990000000196,200,True,,500,30.7936208,50.2,86.6
update_registry,POST,107.65900000000173,200,True,,500,30.7937311,50.2,86.6
update_registry,POST,107.16910000000013,200,True,,500,30.7940079,50.2,86.6
update_registry,POST,107.1559999999998,200,True,,500,30.7941764,50.2,86.6
update_registry,POST,106.91960000000122,200,True,,500,30.7943444,50.2,86.6
update_registry,POST,115.41210000000035,200,True,,500,30.7944994,50.2,86.6
update_registry,POST,115.10629999999722,200,True,,500,30.7946546,50.2,86.6
update_registry,POST,114.84949999999827,200,True,,500,30.7948129,50.2,86.6
update_registry,POST,114.7274999999972,200,True,,500,30.7949845,50.2,86.6
update_registry,POST,114.71059999999866,200,True,,500,30.7951504,50.2,86.6
update_registry,POST,115.53329999999917,200,True,,500,30.7952793,50.2,86.6
update_registry,POST,114.17740000000265,200,True,,500,30.7954284,50.2,86.6
update_registry,POST,107.06550000000092,200,True,,500,30.7957234,50.2,86.6
update_registry,POST,113.46670000000003,200,True,,500,30.7959226,50.2,86.6
update_registry,POST,106.46470000000008,200,True,,500,30.7961419,50.2,86.6
update_registry,POST,106.38179999999764,200,True,,500,30.7963577,50.2,86.6
update_registry,POST,105.28719999999936,200,True,,500,30.7965628,50.2,86.6
update_registry,POST,104.95659999999774,200,True,,500,30.7967535,50.2,86.6
update_registry,POST,104.99160000000174,200,True,,500,30.7969373,50.2,86.6
update_registry,POST,104.46449999999885,200,True,,500,30.7971295,50.2,86.6
update_registry,POST,104.76180000000213,200,True,,500,30.7973525,50.2,86.6
update_registry,POST,113.65689999999873,200,True,,500,30.7975573,50.2,86.6
update_registry,POST,113.41129999999922,200,True,,500,30.7977707,50.2,86.6
update_registry,POST,113.14750000000018,200,True,,500,30.7980978,50.2,86.6
update_registry,POST,171.3173999999995,200,True,,500,30.7983276,50.2,86.6
update_registry,POST,168.3634000000005,200,True,,500,30.7984438,50.2,86.6
update_registry,POST,168.43010000000191,200,True,,500,30.798499,50.2,86.6
update_registry,POST,168.32740000000257,200,True,,500,30.7985479,50.2,86.6
update_registry,POST,168.09530000000095,200,True,,500,30.7985944,50.2,86.6
update_registry,POST,168.39009999999988,200,True,,500,30.7986416,50.2,86.6
update_registry,POST,168.3874000000003,200,True,,500,30.798692,50.2,86.6
update_registry,POST,168.24060000000074,200,True,,500,30.7987422,50.2,86.6
update_registry,POST,168.3860000000017,200,True,,500,30.7987872,50.2,86.6
update_registry,POST,168.29480000000174,200,True,,500,30.7988325,50.2,86.6
update_registry,POST,170.70849999999993,200,True,,500,30.7988785,50.2,86.6
update_registry,POST,170.49049999999966,200,True,,500,30.7989281,50.2,86.6
update_registry,POST,170.53789999999935,200,True,,500,30.7989732,50.2,86.6
update_registry,POST,170.28069999999929,200,True,,500,30.7990179,50.2,86.6
update_registry,POST,175.46159999999844,200,True,,500,30.7990634,50.2,86.6
update_registry,POST,173.70299999999972,200,True,,500,30.8007075,50.2,86.6
update_registry,POST,173.5931000000015,200,True,,500,30.8008784,50.2,86.6
update_registry,POST,177.9592000000001,200,True,,500,30.8009528,50.2,86.6
update_registry,POST,178.42059999999904,200,True,,500,30.8010089,50.2,86.6
update_registry,POST,177.73359999999983,200,True,,500,30.8010561,50.2,86.6
update_registry,POST,178.45950000000244,200,True,,500,30.8011061,50.2,86.6
update_registry,POST,178.1429999999986,200,True,,500,30.8011485,50.2,86.6
update_registry,POST,173.71659999999878,200,True,,500,30.8011944,50.2,86.6
update_registry,POST,175.4585999999989,200,True,,500,30.8012368,50.2,86.6
update_registry,POST,175.3169000000021,200,True,,500,30.8012788,50.2,86.6
update_registry,POST,173.5420000000012,200,True,,500,30.8013209,50.2,86.6
update_registry,POST,173.40250000000168,200,True,,500,30.801363,50.2,86.6
update_registry,POST,173.40830000000196,200,True,,500,30.8014059,50.2,86.6
update_registry,POST,181.57039999999824,200,True,,500,30.8014468,50.2,86.6
update_registry,POST,178.14260000000104,200,True,,500,30.8014889,50.2,86.6
update_registry,POST,174.87150000000184,200,True,,500,30.8015324,50.2,86.6
update_registry,POST,174.70750000000024,200,True,,500,30.8015789,50.2,86.6
update_registry,POST,174.66450000000222,200,True,,500,30.801688,50.2,86.6
update_registry,POST,177.27529999999803,200,True,,500,30.8017365,50.2,86.6
update_registry,POST,177.27680000000134,200,True,,500,30.8017808,50.2,86.6
update_registry,POST,179.94589999999988,200,True,,500,30.8018243,50.2,86.6
update_registry,POST,179.7348999999997,200,True,,500,30.8018692,50.2,86.6
update_registry,POST,181.28300000000053,200,True,,500,30.8019116,50.2,86.6
update_registry,POST,181.12680000000125,200,True,,500,30.8019535,50.2,86.6
update_registry,POST,181.1366999999997,200,True,,500,30.8019946,50.2,86.6
update_registry,POST,179.78300000000047,200,True,,500,30.8020369,50.2,86.6
update_registry,POST,179.64329999999862,200,True,,500,30.8020761,50.2,86.6
update_registry,POST,179.75159999999946,200,True,,500,30.8021175,50.2,86.6
update_registry,POST,179.5024000000005,200,True,,500,30.8021617,50.2,86.6
update_registry,POST,176.99650000000133,200,True,,500,30.8022036,50.2,86.6
update_registry,POST,177.09259999999816,200,True,,500,30.8022451,50.2,86.6
update_registry,POST,176.96069999999864,200,True,,500,30.8022843,50.2,86.6
update_registry,POST,176.82539999999847,200,True,,500,30.8023272,50.2,86.6
update_registry,POST,176.54190000000014,200,True,,500,30.8025633,50.2,86.6
update_registry,POST,178.91290000000026,200,True,,500,30.8026057,50.2,86.6
update_registry,POST,177.05079999999995,200,True,,500,30.802642,50.2,86.6
update_registry,POST,177.2445999999981,200,True,,500,30.8026777,50.2,86.6
update_registry,POST,176.76210000000125,200,True,,500,30.8027125,50.2,86.6
update_registry,POST,176.11229999999978,200,True,,500,30.8027452,50.2,86.6
update_registry,POST,176.96370000000172,200,True,,500,30.8027791,50.2,86.6
update_registry,POST,179.10820000000172,200,True,,500,30.8028129,50.2,86.6
update_registry,POST,176.67300000000097,200,True,,500,30.802847,50.2,86.6
update_registry,POST,176.50480000000002,200,True,,500,30.8028789,50.2,86.6
update_registry,POST,176.04880000000023,200,True,,500,30.8029132,50.2,86.6
update_registry,POST,173.52670000000003,200,True,,500,30.8029472,50.2,86.6
update_registry,POST,171.7343999999983,200,True,,500,30.8029796,50.2,86.6
update_registry,POST,171.56599999999855,200,True,,500,30.803013,50.2,86.6
update_registry,POST,171.6160000000002,200,True,,500,30.8030502,50.2,86.6
update_registry,POST,171.5338000000024,200,True,,500,30.8030834,50.2,86.6
update_registry,POST,171.2056000000004,200,True,,500,30.8031173,50.2,86.6
update_registry,POST,173.25879999999927,200,True,,500,30.8031963,50.2,86.6
update_registry,POST,180.01259999999775,200,True,,500,30.8032317,50.2,86.6
update_registry,POST,185.65639999999917,200,True,,500,30.8032656,50.2,86.6
update_registry,POST,187.06630000000146,200,True,,500,30.8032993,50.2,86.6
update_registry,POST,185.2729999999987,200,True,,500,30.8033341,50.2,86.6
update_registry,POST,185.28630000000135,200,True,,500,30.8033677,50.2,86.6
update_registry,POST,185.6232999999996,200,True,,500,30.8034006,50.2,86.6
update_registry,POST,185.12220000000212,200,True,,500,30.8034337,50.2,86.6
update_registry,POST,184.99539999999826,200,True,,500,30.8034685,50.2,86.6
update_registry,POST,187.05369999999988,200,True,,500,30.8035031,50.2,86.6
update_registry,POST,187.11300000000008,200,True,,500,30.8035361,50.2,86.6
update_registry,POST,186.70090000000172,200,True,,500,30.803569,50.2,86.6
update_registry,POST,185.37239999999855,200,True,,500,30.8036026,50.2,86.6
update_registry,POST,186.60819999999845,200,True,,500,30.803636,50.2,86.6
update_registry,POST,185.15520000000052,200,True,,500,30.80367,50.2,86.6
update_registry,POST,185.16779999999855,200,True,,500,30.8037043,50.2,86.6
update_registry,POST,185.03899999999973,200,True,,500,30.8037372,50.2,86.6
update_registry,POST,184.89950000000022,200,True,,500,30.8038162,50.2,86.6
update_registry,POST,184.5561999999994,200,True,,500,30.8038538,50.2,86.6
update_registry,POST,184.4602999999978,200,True,,500,30.8038884,50.2,86.6
update_registry,POST,184.35969999999813,200,True,,500,30.8039215,50.2,86.6
update_registry,POST,490.5222000000009,200,True,,500,30.8039596,50.2,86.6
update_registry,POST,494.08339999999737,200,True,,500,30.8039954,50.2,86.6
update_registry,POST,493.9546999999998,200,True,,500,30.8040291,50.2,86.6
update_registry,POST,183.95669999999953,200,True,,500,30.804064,50.2,86.6
update_registry,POST,184.03160000000085,200,True,,500,30.8040962,50.2,86.6
update_registry,POST,183.6751000000021,200,True,,500,30.8041292,50.2,86.6
update_registry,POST,183.4498999999994,200,True,,500,30.8041629,50.2,86.6
update_registry,POST,186.27099999999785,200,True,,500,30.8041969,50.2,86.6
update_registry,POST,181.52210000000224,200,True,,500,30.8042302,50.2,86.6
update_registry,POST,181.4195000000005,200,True,,500,30.8042627,50.2,86.6
update_registry,POST,178.9968999999978,200,True,,500,30.8042972,50.2,86.6
update_registry,POST,232.11979999999954,200,True,,500,30.8043305,50.2,86.6
update_registry,POST,231.3851999999983,200,True,,500,30.8044054,50.2,86.6
update_registry,POST,232.46029999999962,200,True,,500,30.8044462,50.2,86.6
update_registry,POST,232.2363999999979,200,True,,500,30.8044967,50.2,86.6
update_registry,POST,231.62220000000033,200,True,,500,30.8045345,50.2,86.6
update_registry,POST,231.42209999999963,200,True,,500,30.804571,50.2,86.6
update_registry,POST,231.28549999999848,200,True,,500,30.80461,50.2,86.6
update_registry,POST,231.02979999999818,200,True,,500,30.8046444,50.2,86.6
update_registry,POST,230.82180000000108,200,True,,500,30.8046805,50.2,86.6
update_registry,POST,231.3453999999986,200,True,,500,30.804715,50.2,86.6
update_registry,POST,238.3966000000015,200,True,,500,30.80475,50.2,86.6
update_registry,POST,239.52759999999884,200,True,,500,30.8047842,50.2,86.6
update_registry,POST,239.24459999999925,200,True,,500,30.8048183,50.2,86.6
update_registry,POST,239.3888000000004,200,True,,500,30.8048531,50.2,86.6
update_registry,POST,239.28160000000176,200,True,,500,30.8048887,50.2,86.6
update_registry,POST,239.03220000000047,200,True,,500,30.8049234,50.2,86.6
update_registry,POST,238.48800000000026,200,True,,500,30.8049582,50.2,86.6
update_registry,POST,238.6860000000013,200,True,,500,30.8050207,50.2,86.6
update_registry,POST,239.31299999999922,200,True,,500,30.8051043,50.2,86.6
update_registry,POST,238.1694000000003,200,True,,500,30.8051427,50.2,86.6
update_registry,POST,238.38079999999806,200,True,,500,30.8051804,50.2,86.6
update_registry,POST,238.61750000000015,200,True,,500,30.805215,50.2,86.6
update_registry,POST,248.8262999999975,200,True,,500,30.8052488,50.2,86.6
update_registry,POST,248.68019999999902,200,True,,500,30.805284,50.2,86.6
update_registry,POST,248.5223999999988,200,True,,500,30.8053174,50.2,86.6
update_registry,POST,247.68909999999877,200,True,,500,30.8053515,50.2,86.6
update_registry,POST,248.32769999999726,200,True,,500,30.8053844,50.2,86.6
update_registry,POST,247.92139999999918,200,True,,500,30.8054177,50.2,86.6
update_registry,POST,247.74739999999795,200,True,,500,30.8054503,50.2,86.6
update_registry,POST,248.10429999999783,200,True,,500,30.8054856,50.2,86.6
update_registry,POST,247.9490999999996,200,True,,500,30.8055193,50.2,86.6
update_registry,POST,247.27340000000098,200,True,,500,30.8055547,50.2,86.6
update_registry,POST,253.65539999999953,200,True,,500,30.8055896,50.2,86.6
update_registry,POST,260.20830000000217,200,True,,500,30.8056244,50.2,86.6
update_registry,POST,259.8306000000008,200,True,,500,30.8056595,50.2,86.6
update_registry,POST,260.5409000000023,200,True,,500,30.8057429,50.2,86.6
update_registry,POST,259.81809999999683,200,True,,500,30.8057836,50.2,86.6
update_registry,POST,259.897500000001,200,True,,500,30.8058233,50.2,86.6
update_registry,POST,259.2837999999986,200,True,,500,30.8058626,50.2,86.6
update_registry,POST,260.1653999999982,200,True,,500,30.8058975,50.2,86.6
update_registry,POST,260.65630000000084,200,True,,500,30.805937,50.2,86.6
update_registry,POST,259.023599999999,200,True,,500,30.8059775,50.2,86.6
update_registry,POST,257.38000000000125,200,True,,500,30.8060291,50.2,86.6
update_registry,POST,258.80640000000096,200,True,,500,30.8060741,50.2,86.6
update_registry,POST,249.01049999999714,200,True,,500,30.8061174,50.2,86.6
update_registry,POST,257.36850000000186,200,True,,500,30.80616,50.2,86.6
update_registry,POST,256.42799999999966,200,True,,500,30.8062005,50.2,86.6
update_registry,POST,257.0496999999996,200,True,,500,30.8062412,50.2,86.6
update_registry,POST,256.8956,200,True,,500,30.8062827,50.2,86.6
update_registry,POST,256.6962000000004,200,True,,500,30.8063231,50.2,86.6
update_registry,POST,256.5080999999978,200,True,,500,30.8063624,50.2,86.6
update_registry,POST,258.80859999999825,200,True,,500,30.8064523,50.2,86.6
update_registry,POST,259.43459999999874,200,True,,500,30.806512,50.2,86.6
update_registry,POST,259.6170999999998,200,True,,500,30.8065558,50.2,86.6
update_registry,POST,258.776000000001,200,True,,500,30.8065985,50.2,86.6
update_registry,POST,257.482999999997,200,True,,500,30.8066391,50.2,86.6
update_registry,POST,257.7911999999998,200,True,,500,30.8066866,50.2,86.6
update_registry,POST,257.6250000000009,200,True,,500,30.8067378,50.2,86.6
update_registry,POST,257.21049999999934,200,True,,500,30.8067901,50.2,86.6
update_registry,POST,257.0366999999969,200,True,,500,30.8068385,50.2,86.6
update_registry,POST,256.8676000000032,200,True,,500,30.8068881,50.2,86.6
update_registry,POST,256.70179999999834,200,True,,500,30.8069403,50.2,86.6
update_registry,POST,247.16619999999878,200,True,,500,30.8069919,50.2,86.6
update_registry,POST,257.66670000000147,200,True,,500,30.8070429,50.2,86.6
update_registry,POST,259.30130000000065,200,True,,500,30.8070953,50.2,86.6
update_registry,POST,257.0960000000007,200,True,,500,30.807145,50.2,86.6
update_registry,POST,259.2792000000017,200,True,,500,30.8071958,50.2,86.6
update_registry,POST,257.3462999999982,200,True,,500,30.8072459,50.2,86.6
update_registry,POST,247.0175999999995,200,True,,500,30.8073815,50.2,86.6
update_registry,POST,246.83879999999903,200,True,,500,30.8074401,50.2,86.6
update_registry,POST,247.51159999999928,200,True,,500,30.8074947,50.2,86.6
update_registry,POST,247.22170000000077,200,True,,500,30.8075464,50.2,86.6
update_registry,POST,246.9444999999979,200,True,,500,30.8075943,50.2,86.6
update_registry,POST,247.24630000000047,200,True,,500,30.8076427,50.2,86.6
update_registry,POST,265.7386000000024,200,True,,500,30.8076995,50.2,86.6
update_registry,POST,265.32679999999687,200,True,,500,30.8077472,50.2,86.6
update_registry,POST,265.7582000000005,200,True,,500,30.8077947,50.2,86.6
update_registry,POST,265.8240999999997,200,True,,500,30.807845,50.2,86.6
update_registry,POST,265.4028000000004,200,True,,500,30.807894,50.2,86.6
update_registry,POST,269.1841000000004,200,True,,500,30.8079383,50.2,86.6
update_registry,POST,268.2612999999989,200,True,,500,30.807984,50.2,86.6
update_registry,POST,268.76960000000236,200,True,,500,30.8080321,50.2,86.6
update_registry,POST,269.59679999999867,200,True,,500,30.8080773,50.2,86.6
update_registry,POST,268.78190000000046,200,True,,500,30.8081243,50.2,86.6
update_registry,POST,268.9945000000016,200,True,,500,30.8082282,50.2,86.6
update_registry,POST,267.8274999999992,200,True,,500,30.808278,50.2,86.6
update_registry,POST,268.3655000000016,200,True,,500,30.8083273,50.2,86.6
update_registry,POST,268.1055999999984,200,True,,500,30.8083734,50.2,86.6
update_registry,POST,268.59179999999935,200,True,,500,30.80842,50.2,86.6
update_registry,POST,268.1046000000009,200,True,,500,30.8084821,50.2,86.6
update_registry,POST,267.69130000000274,200,True,,500,30.8086742,50.2,86.6
update_registry,POST,268.8285999999991,200,True,,500,30.808741,50.2,86.6
update_registry,POST,268.56300000000033,200,True,,500,30.8087934,50.2,86.6
update_registry,POST,268.62430000000256,200,True,,500,30.8088417,50.2,86.6
update_registry,POST,295.72630000000186,200,True,,500,30.8088904,50.2,86.6
update_registry,POST,295.6161999999978,200,True,,500,30.808941,50.2,86.6
update_registry,POST,295.29759999999783,200,True,,500,30.8090815,50.2,86.6
update_registry,POST,295.1118000000008,200,True,,500,30.8093596,50.2,86.6
update_registry,POST,294.79630000000157,200,True,,500,30.8094738,50.2,86.6
update_registry,POST,294.51260000000093,200,True,,500,30.8095604,50.2,86.6
update_registry,POST,302.7141000000029,200,True,,500,30.8098492,50.2,86.6
update_registry,POST,303.2730000000008,200,True,,500,30.809984,50.2,86.6
update_registry,POST,303.02819999999997,200,True,,500,30.8100857,50.2,86.6
update_registry,POST,302.59490000000255,200,True,,500,30.8101921,50.2,86.6
update_registry,POST,309.1706999999992,200,True,,500,30.8103474,50.2,86.6
update_registry,POST,308.7672999999995,200,True,,500,30.8104134,50.2,86.6
update_registry,POST,308.8522000000005,200,True,,500,30.8104699,50.2,86.6
update_registry,POST,302.4364000000013,200,True,,500,30.8105242,50.2,86.6
update_registry,POST,308.6911999999984,200,True,,500,30.8107331,50.2,86.6
update_registry,POST,310.84450000000174,200,True,,500,30.8108419,50.2,86.6
update_registry,POST,310.4034999999996,200,True,,500,30.8109256,50.2,86.6
update_registry,POST,310.23210000000034,200,True,,500,30.8110146,50.2,86.6
update_registry,POST,310.44610000000006,200,True,,500,30.8110961,50.2,86.6
update_registry,POST,310.44640000000004,200,True,,500,30.8111678,50.2,86.6
update_registry,POST,309.8469000000001,200,True,,500,30.8112962,50.2,86.6
update_registry,POST,308.1255000000027,200,True,,500,30.8114805,50.2,86.6
update_registry,POST,310.02149999999773,200,True,,500,30.8117398,50.2,86.6
update_registry,POST,308.6877000000001,200,True,,500,30.8131036,50.2,86.6
update_registry,POST,308.2835999999993,200,True,,500,30.8132057,50.2,86.6
update_registry,POST,308.1226999999984,200,True,,500,30.8132874,50.2,86.6
update_registry,POST,617.049699999999,200,True,,500,30.8133473,50.2,86.6
update_registry,POST,617.0569999999991,200,True,,500,30.813398,50.2,86.6
update_registry,POST,316.5407000000009,200,True,,500,30.8134451,50.2,86.6
update_registry,POST,316.39550000000224,200,True,,500,30.8134913,50.2,86.6
update_registry,POST,317.2740999999988,200,True,,500,30.8135462,50.2,86.6
update_registry,POST,316.7320000000018,200,True,,500,30.8135923,50.2,86.6
update_registry,POST,316.76090000000204,200,True,,500,30.8136418,50.2,86.6
update_registry,POST,316.5544999999987,200,True,,500,30.8136891,50.2,86.6
update_registry,POST,316.4252999999988,200,True,,500,30.8137408,50.2,86.6
update_registry,POST,316.77209999999786,200,True,,500,30.8137879,50.2,86.6
update_registry,POST,315.90789999999913,200,True,,500,30.8138362,50.2,86.6
update_registry,POST,316.19339999999954,200,True,,500,30.8138823,50.2,86.6
update_registry,POST,316.5542000000023,200,True,,500,30.8139303,50.2,86.6
update_registry,POST,316.5873000000019,200,True,,500,30.8140452,50.2,86.6
update_registry,POST,616.1168999999979,200,True,,500,30.8141597,50.2,86.6
update_registry,POST,316.5101999999997,200,True,,500,30.8142285,50.2,86.6
update_registry,POST,332.5302999999984,200,True,,500,30.8142853,50.2,86.6
update_registry,POST,335.76610000000073,200,True,,500,30.8143705,50.2,86.6
update_registry,POST,335.8503999999982,200,True,,500,30.8144573,50.2,86.6
update_registry,POST,334.7282999999983,200,True,,500,30.8145139,50.2,86.6
update_registry,POST,334.0968999999987,200,True,,500,30.8145668,50.2,86.6
update_registry,POST,334.36120000000005,200,True,,500,30.8146202,50.2,86.6
update_registry,POST,334.14759999999785,200,True,,500,30.814675,50.2,86.6
update_registry,POST,333.4627999999995,200,True,,500,30.8147297,50.2,86.6
update_registry,POST,333.56470000000013,200,True,,500,30.814785,50.2,86.6
update_registry,POST,333.67240000000106,200,True,,500,30.8148342,50.2,86.6
update_registry,POST,332.9841000000009,200,True,,500,30.814885,50.2,86.6
update_registry,POST,333.1011000000004,200,True,,500,30.8149315,50.2,86.6
update_registry,POST,332.69320000000135,200,True,,500,30.8149791,50.2,86.6
update_registry,POST,332.3879000000005,200,True,,500,30.8150908,50.2,86.6
update_registry,POST,332.175000000003,200,True,,500,30.815146,50.2,86.6
update_registry,POST,331.96069999999975,200,True,,500,30.8151975,50.2,86.6
update_registry,POST,330.7517000000004,200,True,,500,30.8152443,50.2,86.6
update_registry,POST,331.6903999999994,200,True,,500,30.8152893,50.2,86.6
update_registry,POST,331.1045999999998,200,True,,500,30.8153354,50.2,86.6
update_registry,POST,330.8749000000013,200,True,,500,30.8153793,50.2,86.6
update_registry,POST,331.2242000000012,200,True,,500,30.8154261,50.2,86.6
update_registry,POST,334.48890000000017,200,True,,500,30.8154751,50.2,86.6
update_registry,POST,334.28960000000177,200,True,,500,30.8155237,50.2,86.6
update_registry,POST,334.0670999999986,200,True,,500,30.8155742,50.2,86.6
update_registry,POST,333.8172000000021,200,True,,500,30.8156221,50.2,86.6
update_registry,POST,325.0221999999994,200,True,,500,30.8156675,50.2,86.6
update_registry,POST,325.5465000000015,200,True,,500,30.8157124,50.2,86.6
update_registry,POST,325.399400000002,200,True,,500,30.8157611,50.2,86.6
update_registry,POST,325.03249999999895,200,True,,500,30.815809,50.2,86.6
update_registry,POST,328.08220000000074,200,True,,500,30.81586,50.2,86.6
update_registry,POST,327.76929999999993,200,True,,500,30.815976,50.2,86.6
update_registry,POST,325.0102999999989,200,True,,500,30.8160303,50.2,86.6
update_registry,POST,327.4548999999993,200,True,,500,30.8160795,50.2,86.6
update_registry,POST,335.29120000000034,200,True,,500,30.8161943,50.2,86.6
update_registry,POST,335.5226000000009,200,True,,500,30.8162515,50.2,86.6
update_registry,POST,335.3958000000006,200,True,,500,30.8163011,50.2,86.6
update_registry,POST,335.2597000000017,200,True,,500,30.8163502,50.2,86.6
update_registry,POST,344.5304,200,True,,500,30.8164009,50.2,86.6
update_registry,POST,343.44390000000044,200,True,,500,30.8164499,50.2,86.6
update_registry,POST,342.81939999999975,200,True,,500,30.8164984,50.2,86.6
update_registry,POST,343.0371000000001,200,True,,500,30.8165484,50.2,86.6
update_registry,POST,344.23579999999987,200,True,,500,30.8165972,50.2,86.6
update_registry,POST,342.64560000000085,200,True,,500,30.8166451,50.2,86.6
update_registry,POST,342.4428000000006,200,True,,500,30.816693,50.2,86.6
update_registry,POST,344.38220000000183,200,True,,500,30.8167382,50.2,86.6
update_registry,POST,344.24230000000125,200,True,,500,30.8167844,50.2,86.6
update_registry,POST,343.5143000000025,200,True,,500,30.8169236,50.2,86.6
update_registry,POST,344.1796000000004,200,True,,500,30.8169765,50.2,86.6
update_registry,POST,343.23999999999796,200,True,,500,30.8170299,50.2,86.6
update_registry,POST,343.01139999999816,200,True,,500,30.8170831,50.2,86.6
update_registry,POST,341.8948000000022,200,True,,500,30.8171364,50.2,86.6
update_registry,POST,343.53180000000094,200,True,,500,30.8171875,50.2,86.6
update_registry,POST,351.20829999999967,200,True,,500,30.8172392,50.2,86.6
update_registry,POST,351.248100000003,200,True,,500,30.8172899,50.2,86.6
update_registry,POST,351.03020000000026,200,True,,500,30.8173402,50.2,86.6
update_registry,POST,358.664000000001,200,True,,500,30.8173937,50.2,86.6
update_registry,POST,358.7588000000004,200,True,,500,30.8174441,50.2,86.6
update_registry,POST,368.1312999999982,200,True,,500,30.8174968,50.2,86.6
update_registry,POST,368.2556000000012,200,True,,500,30.8175489,50.2,86.6
update_registry,POST,367.9267000000017,200,True,,500,30.8175976,50.2,86.6
update_registry,POST,367.599000000002,200,True,,500,30.8176453,50.2,86.6
update_registry,POST,367.7181000000012,200,True,,500,30.8176915,50.2,86.6
update_registry,POST,367.9218999999989,200,True,,500,30.8178084,50.2,86.6
update_registry,POST,368.01089999999806,200,True,,500,30.8178644,50.2,86.6
update_registry,POST,370.8437000000018,200,True,,500,30.8179202,50.2,86.6
update_registry,POST,368.0123000000002,200,True,,500,30.8179699,50.2,86.6
update_registry,POST,368.05960000000226,200,True,,500,30.8180205,50.2,86.6
update_registry,POST,370.42369999999994,200,True,,500,30.8180752,50.2,86.6
update_registry,POST,374.4587000000017,200,True,,500,30.8183093,50.2,86.6
update_registry,POST,374.38590000000005,200,True,,500,30.8184428,50.2,86.6
update_registry,POST,374.1759999999985,200,True,,500,30.8185171,50.2,86.6
update_registry,POST,374.36820000000284,200,True,,500,30.8185777,50.2,86.6
update_registry,POST,373.94689999999997,200,True,,500,30.8186354,50.2,86.6
update_registry,POST,374.1823000000011,200,True,,500,30.8187057,50.2,86.6
update_registry,POST,381.5191999999996,200,True,,500,30.818766,50.2,86.6
update_registry,POST,380.5347999999995,200,True,,500,30.8188243,50.2,86.6
update_registry,POST,381.14799999999957,200,True,,500,30.8188799,50.2,86.6
update_registry,POST,380.88420000000053,200,True,,500,30.8189374,50.2,86.6
update_registry,POST,383.23959999999954,200,True,,500,30.8190768,50.2,86.6
update_registry,POST,381.2217000000011,200,True,,500,30.8191405,50.2,86.6
update_registry,POST,380.42849999999714,200,True,,500,30.8191993,50.2,86.6
update_registry,POST,380.9576999999997,200,True,,500,30.8192513,50.2,86.6
update_registry,POST,380.8308999999994,200,True,,500,30.8193083,50.2,86.6
update_registry,POST,390.22749999999814,200,True,,500,30.8193623,50.2,86.6
update_registry,POST,390.11999999999955,200,True,,500,30.8194153,50.2,86.6
update_registry,POST,390.53600000000085,200,True,,500,30.8194685,50.2,86.6
update_registry,POST,389.9571000000002,200,True,,500,30.8195208,50.2,86.6
update_registry,POST,390.28740000000187,200,True,,500,30.8195724,50.2,86.6
update_registry,POST,390.9671999999986,200,True,,500,30.8196239,50.2,86.6
update_registry,POST,390.5130999999997,200,True,,500,30.8196722,50.2,86.6
update_registry,POST,389.6702999999988,200,True,,500,30.8197233,50.2,86.6
update_registry,POST,393.6362000000031,200,True,,500,30.8197782,50.2,86.6
update_registry,POST,393.2066000000027,200,True,,500,30.8198363,50.2,86.6
update_registry,POST,390.85129999999776,200,True,,500,30.8198909,50.2,86.6
update_registry,POST,393.2363000000016,200,True,,500,30.8199887,50.2,86.6
update_registry,POST,393.02160000000083,200,True,,500,30.8201263,50.2,86.6
update_registry,POST,393.11650000000145,200,True,,500,30.8201826,50.2,86.6
update_registry,POST,392.6325999999989,200,True,,500,30.8202377,50.2,86.6
update_registry,POST,393.06450000000126,200,True,,500,30.8202876,50.2,86.6
update_registry,POST,402.0474999999983,200,True,,500,30.8203411,50.2,86.6
update_registry,POST,397.77109999999993,200,True,,500,30.8203922,50.2,86.6
update_registry,POST,397.4970000000013,200,True,,500,30.8204432,50.2,86.6
update_registry,POST,397.27659999999787,200,True,,500,30.8204993,50.2,86.6
update_registry,POST,397.2876999999997,200,True,,500,30.8207691,50.2,86.6
update_registry,POST,396.54830000000277,200,True,,500,30.8208763,50.2,86.6
update_registry,POST,402.07210000000157,200,True,,500,30.8209454,50.2,86.6
update_registry,POST,401.2547999999967,200,True,,500,30.8212119,50.2,86.6
update_registry,POST,401.25809999999973,200,True,,500,30.8213435,50.2,86.6
update_registry,POST,396.90859999999975,200,True,,500,30.8214193,50.2,86.6
update_registry,POST,400.556899999998,200,True,,500,30.8215302,50.2,86.6
update_registry,POST,400.6238000000018,200,True,,500,30.8215953,50.2,86.6
update_registry,POST,400.5693999999984,200,True,,500,30.8217405,50.2,86.6
update_registry,POST,400.71900000000227,200,True,,500,30.8218179,50.2,86.6
update_registry,POST,401.0752000000011,200,True,,500,30.8218747,50.2,86.6
update_registry,POST,400.9570000000018,200,True,,500,30.8219295,50.2,86.6
update_registry,POST,400.838499999999,200,True,,500,30.8219834,50.2,86.6
update_registry,POST,400.72079999999846,200,True,,500,30.8220338,50.2,86.6
update_registry,POST,400.58580000000177,200,True,,500,30.8220879,50.2,86.6
update_registry,POST,403.14920000000143,200,True,,500,30.8221393,50.2,86.6
update_registry,POST,403.9341999999983,200,True,,500,30.8221913,50.2,86.6
update_registry,POST,403.12339999999836,200,True,,500,30.8222418,50.2,86.6
update_registry,POST,403.2670999999972,200,True,,500,30.8222948,50.2,86.6
update_registry,POST,403.27699999999925,200,True,,500,30.8223463,50.2,86.6
update_registry,POST,403.77309999999864,200,True,,500,30.8223977,50.2,86.6
update_registry,POST,403.0680000000011,200,True,,500,30.8224518,50.2,86.6
update_registry,POST,402.96410000000196,200,True,,500,30.8225037,50.2,86.6
update_registry,POST,402.85989999999924,200,True,,500,30.8225604,50.2,86.6
update_registry,POST,403.0079000000022,200,True,,500,30.8226788,50.2,86.6
update_registry,POST,403.35199999999816,200,True,,500,30.8227425,50.2,86.6
update_registry,POST,403.08130000000017,200,True,,500,30.822815,50.2,86.6
update_registry,POST,403.1622999999982,200,True,,500,30.8228721,50.2,86.6
update_registry,POST,403.04160000000167,200,True,,500,30.8229248,50.2,86.6
update_registry,POST,402.77430000000084,200,True,,500,30.8229805,50.2,86.6
update_registry,POST,402.78550000000024,200,True,,500,30.8230391,50.2,86.6
update_registry,POST,411.7967,200,True,,500,30.8231022,50.2,86.6
update_registry,POST,411.22749999999894,200,True,,500,30.8231596,50.2,86.6
update_registry,POST,411.23909999999955,200,True,,500,30.8232176,50.2,86.6
update_registry,POST,410.8981000000007,200,True,,500,30.8232772,50.2,86.6
update_registry,POST,410.9666999999995,200,True,,500,30.8233344,50.2,86.6
update_registry,POST,411.46779999999694,200,True,,500,30.8233853,50.2,86.6
update_registry,POST,411.36830000000305,200,True,,500,30.8234379,50.2,86.6
update_registry,POST,411.2486000000004,200,True,,500,30.8235082,50.2,86.6
update_registry,POST,411.0160000000001,200,True,,500,30.823579,50.2,86.6
update_registry,POST,411.06479999999834,200,True,,500,30.8236315,50.2,86.6
update_registry,POST,408.2955999999989,200,True,,500,30.8237504,50.2,86.6
update_registry,POST,408.30569999999966,200,True,,500,30.8238074,50.2,86.6
update_registry,POST,408.1089999999996,200,True,,500,30.8238638,50.2,86.6
update_registry,POST,407.9710999999975,200,True,,500,30.8239194,50.2,86.6
update_registry,POST,407.78910000000224,200,True,,500,30.823977,50.2,86.6
update_registry,POST,416.2057000000026,200,True,,500,30.8241226,50.2,86.6
update_registry,POST,415.85470000000055,200,True,,500,30.8243042,50.2,86.6
update_registry,POST,432.7365000000008,200,True,,500,30.8244073,50.2,86.6
update_registry,POST,432.7324000000026,200,True,,500,30.8244986,50.2,86.6
update_registry,POST,432.8411999999986,200,True,,500,30.8245852,50.2,86.6
update_registry,POST,432.79860000000167,200,True,,500,30.8246716,50.2,86.6
update_registry,POST,431.4865999999995,200,True,,500,30.8247551,50.2,86.6
update_registry,POST,431.10910000000047,200,True,,500,30.8248553,50.2,86.6
update_registry,POST,431.0986999999997,200,True,,500,30.8249321,50.2,86.6
update_registry,POST,430.87600000000134,200,True,,500,30.8250055,50.2,86.6
update_registry,POST,431.00629999999995,200,True,,500,30.8250866,50.2,86.6
update_registry,POST,432.10120000000177,200,True,,500,30.8252702,50.2,86.6
update_registry,POST,431.9393999999974,200,True,,500,30.8253562,50.2,86.6
update_registry,POST,430.7610000000004,200,True,,500,30.8254367,50.2,86.6
update_registry,POST,741.1774999999991,200,True,,500,30.8255814,50.2,86.6
update_registry,POST,430.43270000000075,200,True,,500,30.8257185,50.2,86.6
update_registry,POST,438.879,200,True,,500,30.8257987,50.2,86.6
update_registry,POST,438.6660000000013,200,True,,500,30.8258643,50.2,86.6
predict_disease,POST,126.71860000000379,500,False,,100,33.5787036,45.25,86.6
predict_disease,POST,109.39590000000265,500,False,,100,33.5799386,45.25,86.6
predict_disease,POST,108.54609999999809,500,False,,100,33.5807418,45.25,86.6
predict_disease,POST,101.07419999999934,500,False,,100,33.5812304,45.25,86.6
predict_disease,POST,107.77840000000083,500,False,,100,33.5816082,45.25,86.6
predict_disease,POST,123.73759999999834,500,False,,100,33.5819667,45.25,86.6
predict_disease,POST,107.10859999999656,500,False,,100,33.5823028,45.25,86.6
predict_disease,POST,105.43510000000111,500,False,,100,33.5835732,45.25,86.6
predict_disease,POST,104.71350000000257,500,False,,100,33.584145,45.25,86.6
predict_disease,POST,93.89030000000531,500,False,,100,33.5845565,45.25,86.6
predict_disease,POST,93.54479999999654,500,False,,100,33.5848176,45.25,86.6
predict_disease,POST,118.1075000000007,500,False,,100,33.5854099,45.25,86.6
predict_disease,POST,117.31589999999414,500,False,,100,33.5860502,45.25,86.6
predict_disease,POST,102.66220000000459,500,False,,100,33.586518,45.25,86.6
predict_disease,POST,114.62680000000347,500,False,,100,33.5868209,45.25,86.6
predict_disease,POST,97.96999999999656,500,False,,100,33.5870041,45.25,86.6
predict_disease,POST,118.13920000000167,500,False,,100,33.5874234,45.25,86.6
predict_disease,POST,100.92360000000156,500,False,,100,33.5880194,45.25,86.6
predict_disease,POST,100.89539999999886,500,False,,100,33.5883386,45.25,86.6
predict_disease,POST,89.26720000000188,500,False,,100,33.5885975,45.25,86.6
predict_disease,POST,115.54739999999697,500,False,,100,33.5888172,45.25,86.6
predict_disease,POST,114.8072999999954,500,False,,100,33.5891231,45.25,86.6
predict_disease,POST,95.10579999999891,500,False,,100,33.589691,45.25,86.6
predict_disease,POST,111.94330000000008,500,False,,100,33.5901888,45.25,86.6
predict_disease,POST,118.04980000000143,500,False,,100,33.590775,45.25,86.6
predict_disease,POST,117.46929999999622,500,False,,100,33.5912748,45.25,86.6
predict_disease,POST,116.7814000000007,500,False,,100,33.5918784,45.25,86.6
predict_disease,POST,116.35959999999557,500,False,,100,33.5922083,45.25,86.6
predict_disease,POST,116.79790000000168,500,False,,100,33.5924651,45.25,86.6
predict_disease,POST,115.72670000000329,500,False,,100,33.592715,45.25,86.6
predict_disease,POST,116.10449999999872,500,False,,100,33.5929725,45.25,86.6
predict_disease,POST,456.7065000000028,500,False,,100,33.5934245,45.25,86.6
predict_disease,POST,110.54700000000395,429,False,,100,33.5936921,45.25,86.6
predict_disease,POST,110.27460000000389,429,False,,100,33.5940345,45.25,86.6
predict_disease,POST,108.1626,500,False,,100,33.594281,45.25,86.6
predict_disease,POST,107.80299999999698,500,False,,100,33.5945405,45.25,86.6
predict_disease,POST,107.09889999999689,500,False,,100,33.5951535,45.25,86.6
predict_disease,POST,112.09110000000067,500,False,,100,33.5954843,45.25,86.6
predict_disease,POST,93.2586999999998,500,False,,100,33.5958373,45.25,86.6
predict_disease,POST,93.02779999999444,429,False,,100,33.5960395,45.25,86.6
predict_disease,POST,110.92830000000475,500,False,,100,33.5965558,45.25,86.6
predict_disease,POST,111.9959000000037,500,False,,100,33.5969098,45.25,86.6
predict_disease,POST,107.22220000000249,429,False,,100,33.5971957,45.25,86.6
predict_disease,POST,106.68319999999909,429,False,,100,33.5978436,45.25,86.6
predict_disease,POST,106.44630000000177,429,False,,100,33.5980257,45.25,86.6
predict_disease,POST,105.82300000000089,429,False,,100,33.5982552,45.25,86.6
predict_disease,POST,105.59510000000216,429,False,,100,33.5984194,45.25,86.6
predict_disease,POST,83.90749999999514,429,False,,100,33.5985529,45.25,86.6
predict_disease,POST,107.59910000000161,500,False,,100,33.5986736,45.25,86.6
predict_disease,POST,106.30090000000081,500,False,,100,33.5988095,45.25,86.6
predict_disease,POST,108.00590000000199,500,False,,100,33.5989283,45.25,86.6
predict_disease,POST,107.9690000000042,500,False,,100,33.5990567,45.25,86.6
predict_disease,POST,90.13350000000031,429,False,,100,33.5991788,45.25,86.6
predict_disease,POST,102.35740000000249,500,False,,100,33.5994953,45.25,86.6
predict_disease,POST,105.60270000000571,500,False,,100,33.5996719,45.25,86.6
predict_disease,POST,94.65240000000108,429,False,,100,33.5998648,45.25,86.6
predict_disease,POST,106.05240000000293,500,False,,100,33.6005453,45.25,86.6
predict_disease,POST,93.36669999999714,429,False,,100,33.6008281,45.25,86.6
predict_disease,POST,105.44229999999999,500,False,,100,33.6010573,45.25,86.6
predict_disease,POST,105.15540000000101,500,False,,100,33.6012481,45.25,86.6
predict_disease,POST,106.42889999999738,500,False,,100,33.6014166,45.25,86.6
predict_disease,POST,92.72069999999388,429,False,,100,33.6015652,45.25,86.6
predict_disease,POST,106.2972000000002,429,False,,100,33.6016976,45.25,86.6
predict_disease,POST,104.95560000000381,500,False,,100,33.6018822,45.25,86.6
predict_disease,POST,104.90060000000057,500,False,,100,33.6022345,45.25,86.6
predict_disease,POST,87.22410000000025,429,False,,100,33.6024177,45.25,86.6
predict_disease,POST,100.30159999999455,500,False,,100,33.6026298,45.25,86.6
predict_disease,POST,103.90959999999438,500,False,,100,33.6028061,45.25,86.6
predict_disease,POST,99.70750000000095,429,False,,100,33.6029364,45.25,86.6
predict_disease,POST,98.89500000000595,429,False,,100,33.6030665,45.25,86.6
predict_disease,POST,98.49009999999936,500,False,,100,33.603219,45.25,86.6
predict_disease,POST,103.8308999999984,500,False,,100,33.6034227,45.25,86.6
predict_disease,POST,104.491000000003,500,False,,100,33.6036277,45.25,86.6
predict_disease,POST,104.47560000000067,500,False,,100,33.6038186,45.25,86.6
predict_disease,POST,99.32839999999743,500,False,,100,33.6056131,45.25,86.6
predict_disease,POST,96.99489999999855,500,False,,100,33.6058013,45.25,86.6
predict_disease,POST,101.42259999999936,500,False,,100,33.6059577,45.25,86.6
predict_disease,POST,98.69079999999997,500,False,,100,33.6061055,45.25,86.6
predict_disease,POST,95.67529999999635,500,False,,100,33.6062365,45.25,86.6
predict_disease,POST,102.61500000000012,500,False,,100,33.6063743,45.25,86.6
predict_disease,POST,95.48739999999611,500,False,,100,33.6065101,45.25,86.6
predict_disease,POST,97.05730000000301,429,False,,100,33.6066608,45.25,86.6
predict_disease,POST,100.86809999999957,500,False,,100,33.6067964,45.25,86.6
predict_disease,POST,101.00159999999647,500,False,,100,33.6069437,45.25,86.6
predict_disease,POST,96.05750000000057,500,False,,100,33.607186,45.25,86.6
predict_disease,POST,82.09920000000182,500,False,,100,33.6073634,45.25,86.6
predict_disease,POST,98.50229999999982,500,False,,100,33.6074958,45.25,86.6
predict_disease,POST,95.47839999999752,500,False,,100,33.6076095,45.25,86.6
predict_disease,POST,86.74470000000412,500,False,,100,33.6077174,45.25,86.6
predict_disease,POST,74.84420000000114,429,False,,100,33.6078329,45.25,86.6
predict_disease,POST,96.62540000000064,500,False,,100,33.6080104,45.25,86.6
predict_disease,POST,100.97739999999789,500,False,,100,33.6081937,45.25,86.6
predict_disease,POST,97.44890000000339,429,False,,100,33.6083997,45.25,86.6
predict_disease,POST,80.56580000000224,500,False,,100,33.6085882,45.25,86.6
predict_disease,POST,80.62960000000174,500,False,,100,33.6088856,45.25,86.6
predict_disease,POST,80.48870000000363,500,False,,100,33.6091255,45.25,86.6
predict_disease,POST,98.44129999999751,500,False,,100,33.6093117,45.25,86.6
predict_disease,POST,96.43909999999778,500,False,,100,33.6096882,45.25,86.6
predict_disease,POST,74.94330000000105,429,False,,100,33.6099601,45.25,86.6
predict_disease,POST,92.3569999999998,429,False,,100,33.6102169,45.25,86.6
predict_disease,POST,64.06480000000414,500,False,,100,33.6780103,45.25,86.6
predict_disease,POST,71.69780000000259,500,False,,100,33.6785474,45.25,86.6
predict_disease,POST,70.22630000000163,500,False,,100,33.6787308,45.25,86.6
predict_disease,POST,65.85400000000163,500,False,,100,33.6829709,45.25,86.6
predict_disease,POST,65.34040000000374,500,False,,100,33.6832661,45.25,86.6
predict_disease,POST,75.02169999999353,500,False,,100,33.6834849,45.25,86.6
predict_disease,POST,72.97379999999976,500,False,,100,33.6850053,45.25,86.6
predict_disease,POST,73.37069999999812,500,False,,100,33.6852675,45.25,86.6
predict_disease,POST,72.75520000000313,500,False,,100,33.6854473,45.25,86.6
predict_disease,POST,68.45390000000151,500,False,,100,33.6899081,45.25,86.6
predict_disease,POST,75.26860000000113,500,False,,100,33.6901181,45.25,86.6
predict_disease,POST,73.58680000000106,500,False,,100,33.6902877,45.25,86.6
predict_disease,POST,74.12060000000054,500,False,,100,33.6904408,45.25,86.6
predict_disease,POST,80.34380000000141,500,False,,100,33.6906153,45.25,86.6
predict_disease,POST,73.91640000000166,500,False,,100,33.6908951,45.25,86.6
predict_disease,POST,74.11989999999946,500,False,,100,33.6911715,45.25,86.6
predict_disease,POST,73.6570000000043,500,False,,100,33.6913699,45.25,86.6
predict_disease,POST,72.86969999999826,500,False,,100,33.6915959,45.25,86.6
predict_disease,POST,73.29170000000573,500,False,,100,33.6918228,45.25,86.6
predict_disease,POST,72.92770000000104,500,False,,100,33.6920077,45.25,86.6
predict_disease,POST,72.07799999999764,500,False,,100,33.692152,45.25,86.6
predict_disease,POST,71.82150000000576,500,False,,100,33.6922849,45.25,86.6
predict_disease,POST,72.76190000000327,500,False,,100,33.6924432,45.25,86.6
predict_disease,POST,72.01780000000468,500,False,,100,33.6926127,45.25,86.6
predict_disease,POST,71.49619999999857,500,False,,100,33.6928351,45.25,86.6
predict_disease,POST,184.78439999999807,500,False,,100,33.6930798,45.25,86.6
predict_disease,POST,67.67640000000341,500,False,,100,33.6970159,45.25,86.6
predict_disease,POST,73.48479999999569,500,False,,100,33.6977052,45.25,86.6
predict_disease,POST,73.06570000000079,500,False,,100,33.6981905,45.25,86.6
predict_disease,POST,72.63650000000155,500,False,,100,33.6984712,45.25,86.6
predict_disease,POST,92.53129999999743,500,False,,100,33.709398,45.25,86.6
predict_disease,POST,89.8850999999965,500,False,,100,33.709825,45.25,86.6
predict_disease,POST,91.91520000000253,500,False,,100,33.7102581,45.25,86.6
predict_disease,POST,85.66849999999704,500,False,,100,33.710619,45.25,86.6
predict_disease,POST,91.48850000000408,500,False,,100,33.7108826,45.25,86.6
predict_disease,POST,91.50540000000262,500,False,,100,33.711036,45.25,86.6
predict_disease,POST,91.4485000000056,500,False,,100,33.7112443,45.25,86.6
predict_disease,POST,91.59309999999721,500,False,,100,33.7114288,45.25,86.6
predict_disease,POST,91.20309999999421,500,False,,100,33.7116862,45.25,86.6
predict_disease,POST,104.22979999999882,500,False,,100,33.7119512,45.25,86.6
predict_disease,POST,83.34719999999862,500,False,,100,33.712277,45.25,86.6
predict_disease,POST,109.22819999999689,500,False,,100,33.7126201,45.25,86.6
predict_disease,POST,108.41789999999918,500,False,,100,33.712926,45.25,86.6
predict_disease,POST,137.93909999999698,500,False,,100,33.7131819,45.25,86.6
predict_disease,POST,136.12650000000315,500,False,,100,33.713435,45.25,86.6
predict_disease,POST,165.84070000000395,500,False,,100,33.7137458,45.25,86.6
predict_disease,POST,139.19940000000253,500,False,,100,33.7140755,45.25,86.6
predict_disease,POST,101.63349999999838,429,False,,100,33.7155505,45.25,86.6
predict_disease,POST,103.18190000000271,500,False,,100,33.7159458,45.25,86.6
predict_disease,POST,135.36299999999812,500,False,,100,33.7162468,45.25,86.6
predict_disease,POST,137.00529999999844,500,False,,100,33.7164698,45.25,86.6
predict_disease,POST,133.78180000000128,500,False,,100,33.7166718,45.25,86.6
predict_disease,POST,133.2239000000044,500,False,,100,33.7169141,45.25,86.6
predict_disease,POST,132.34429999999975,500,False,,100,33.717107,45.25,86.6
predict_disease,POST,102.37270000000365,500,False,,100,33.7175234,45.25,86.6
predict_disease,POST,133.48039999999628,500,False,,100,33.7179251,45.25,86.6
predict_disease,POST,133.39509999999422,500,False,,100,33.7181137,45.25,86.6
predict_disease,POST,133.01560000000023,500,False,,100,33.7182677,45.25,86.6
predict_disease,POST,133.41330000000085,500,False,,100,33.7183997,45.25,86.6
predict_disease,POST,99.7439,500,False,,100,33.7185248,45.25,86.6
predict_disease,POST,99.29059999999623,500,False,,100,33.7187477,45.25,86.6
predict_disease,POST,133.385600000004,500,False,,100,33.7188794,45.25,86.6
predict_disease,POST,131.35100000000222,500,False,,100,33.7190005,45.25,86.6
predict_disease,POST,130.78550000000178,500,False,,100,33.719131,45.25,86.6
predict_disease,POST,129.0788999999961,500,False,,100,33.7192463,45.25,86.6
predict_disease,POST,129.97459999999705,500,False,,100,33.7193637,45.25,86.6
predict_disease,POST,132.2320000000019,500,False,,100,33.7194784,45.25,86.6
predict_disease,POST,102.44850000000127,500,False,,100,33.719603,45.25,86.6
predict_disease,POST,96.9074000000063,500,False,,100,33.7197195,45.25,86.6
predict_disease,POST,130.72319999999849,500,False,,100,33.7198322,45.25,86.6
predict_disease,POST,132.97430000000077,500,False,,100,33.719944,45.25,86.6
predict_disease,POST,129.97340000000435,500,False,,100,33.720059,45.25,86.6
predict_disease,POST,132.48810000000333,500,False,,100,33.7202141,45.25,86.6
predict_disease,POST,130.41630000000026,500,False,,100,33.7204531,45.25,86.6
predict_disease,POST,130.01639999999526,500,False,,100,33.7207469,45.25,86.6
predict_disease,POST,128.25459999999822,500,False,,100,33.7209073,45.25,86.6
predict_disease,POST,128.1772000000032,500,False,,100,33.7210392,45.25,86.6
predict_disease,POST,131.65850000000034,500,False,,100,33.7214418,45.25,86.6
predict_disease,POST,127.34220000000107,500,False,,100,33.7215957,45.25,86.6
predict_disease,POST,128.5223000000002,500,False,,100,33.7217193,45.25,86.6
predict_disease,POST,98.34579999999704,500,False,,100,33.7218408,45.25,86.6
predict_disease,POST,95.67210000000159,500,False,,100,33.7220514,45.25,86.6
predict_disease,POST,97.3016999999956,500,False,,100,33.7223283,45.25,86.6
predict_disease,POST,98.39910000000174,500,False,,100,33.7227921,45.25,86.6
predict_disease,POST,130.1901000000001,500,False,,100,33.7232223,45.25,86.6
predict_disease,POST,128.88229999999368,500,False,,100,33.7236029,45.25,86.6
predict_disease,POST,126.74930000000018,500,False,,100,33.723911,45.25,86.6
predict_disease,POST,94.77260000000598,429,False,,100,33.7245959,45.25,86.6
predict_disease,POST,95.27890000000383,500,False,,100,33.7252157,45.25,86.6
predict_disease,POST,94.66059999999743,500,False,,100,33.7260713,45.25,86.6
predict_disease,POST,119.75190000000424,500,False,,100,33.7293417,45.25,86.6
predict_disease,POST,119.5574999999991,500,False,,100,33.7302206,45.25,86.6
predict_disease,POST,90.53579999999783,500,False,,100,33.7311033,45.25,86.6
predict_disease,POST,120.57310000000143,500,False,,100,33.7315033,45.25,86.6
predict_disease,POST,117.7866000000023,500,False,,100,33.7318807,45.25,86.6
predict_disease,POST,86.30030000000488,429,False,,100,33.7322516,45.25,86.6
predict_disease,POST,88.40620000000143,500,False,,100,33.7325527,45.25,86.6
predict_disease,POST,85.93249999999841,429,False,,100,33.7328995,45.25,86.6
predict_disease,POST,117.5752999999986,500,False,,100,33.7334016,45.25,86.6
predict_disease,POST,106.55920000000663,500,False,,100,33.7421872,45.25,86.6
predict_disease,POST,104.91060000000374,500,False,,100,33.7490579,45.25,86.6
predict_disease,POST,104.0781000000024,500,False,,100,33.7495219,45.25,86.6
predict_disease,POST,103.8665000000023,500,False,,100,33.7498796,45.25,86.6
predict_disease,POST,103.57580000000155,500,False,,100,33.7502852,45.25,86.6
predict_disease,POST,110.53540000000339,500,False,,100,33.7587018,45.25,86.6
predict_disease,POST,109.63710000000049,500,False,,100,33.7592368,45.25,86.6
predict_disease,POST,109.40209999999695,500,False,,100,33.7596259,45.25,86.6
predict_disease,POST,109.21400000000148,500,False,,100,33.7599367,45.25,86.6
predict_disease,POST,108.39500000000157,500,False,,100,33.7602513,45.25,86.6
predict_disease,POST,104.75160000000017,500,False,,100,33.7654348,45.25,86.6
predict_disease,POST,104.26109999999511,500,False,,100,33.7658295,45.25,86.6
predict_disease,POST,103.7707999999995,500,False,,100,33.7662185,45.25,86.6
predict_disease,POST,103.3463999999995,500,False,,100,33.7666823,45.25,86.6
predict_disease,POST,102.9434000000009,500,False,,100,33.7669906,45.25,86.6
predict_disease,POST,102.96919999999687,500,False,,100,33.767161,45.25,86.6
predict_disease,POST,102.90030000000172,500,False,,100,33.7673407,45.25,86.6
predict_disease,POST,102.32539999999801,500,False,,100,33.7675527,45.25,86.6
predict_disease,POST,101.98790000000457,500,False,,100,33.7677274,45.25,86.6
predict_disease,POST,101.68780000000055,500,False,,100,33.7679197,45.25,86.6
predict_disease,POST,101.65329999999528,500,False,,100,33.7681175,45.25,86.6
predict_disease,POST,101.09789999999919,500,False,,100,33.7683467,45.25,86.6
predict_disease,POST,100.91690000000142,500,False,,100,33.7685813,45.25,86.6
predict_disease,POST,100.78569999999587,500,False,,100,33.7687668,45.25,86.6
predict_disease,POST,100.70819999999969,500,False,,100,33.7689521,45.25,86.6
predict_disease,POST,98.09899999999772,500,False,,100,33.7712881,45.25,86.6
predict_disease,POST,98.32980000000191,500,False,,100,33.771494,45.25,86.6
predict_disease,POST,97.65780000000035,500,False,,100,33.7716612,45.25,86.6
predict_disease,POST,98.46759999999932,500,False,,100,33.7718286,45.25,86.6
predict_disease,POST,83.01159999999896,500,False,,100,33.7965206,45.25,86.6
predict_disease,POST,81.89560000000284,500,False,,100,33.7975321,45.25,86.6
predict_disease,POST,79.66030000000046,500,False,,100,33.7999699,45.25,86.6
predict_disease,POST,78.92890000000108,500,False,,100,33.8031673,45.25,86.6
predict_disease,POST,78.0366999999984,500,False,,100,33.8043633,45.25,86.6
predict_disease,POST,76.73770000000246,500,False,,100,33.8055295,45.25,86.6
predict_disease,POST,79.7150000000002,500,False,,100,33.8064697,45.25,86.6
predict_disease,POST,78.67319999999722,500,False,,100,33.8073795,45.25,86.6
predict_disease,POST,78.10779999999795,500,False,,100,33.8081517,45.25,86.6
predict_disease,POST,77.46449999999783,500,False,,100,33.8087624,45.25,86.6
predict_disease,POST,79.81730000000198,500,False,,100,33.8229234,45.25,86.6
predict_disease,POST,88.54149999999805,500,False,,100,33.8241116,45.25,86.6
predict_disease,POST,88.7965999999949,500,False,,100,33.8249362,45.25,86.6
predict_disease,POST,83.19540000000103,500,False,,100,33.8254632,45.25,86.6
predict_disease,POST,107.49119999999834,500,False,,100,33.8259989,45.25,86.6
predict_disease,POST,86.39339999999862,500,False,,100,33.8265458,45.25,86.6
predict_disease,POST,87.13740000000314,500,False,,100,33.8275699,45.25,86.6
predict_disease,POST,86.40580000000142,500,False,,100,33.8284672,45.25,86.6
predict_disease,POST,102.86179999999945,500,False,,100,33.8293574,45.25,86.6
predict_disease,POST,83.34070000000082,500,False,,100,33.8300257,45.25,86.6
predict_disease,POST,83.86760000000493,500,False,,100,33.8305472,45.25,86.6
predict_disease,POST,82.56340000000506,500,False,,100,33.8309898,45.25,86.6
predict_disease,POST,82.48580000000061,500,False,,100,33.8314273,45.25,86.6
predict_disease,POST,82.76010000000156,500,False,,100,33.8317787,45.25,86.6
predict_disease,POST,79.88420000000218,500,False,,100,33.8325113,45.25,86.6
predict_disease,POST,75.61719999999639,500,False,,100,33.8333688,45.25,86.6
predict_disease,POST,78.65290000000158,500,False,,100,33.8342015,45.25,86.6
predict_disease,POST,74.71160000000054,500,False,,100,33.8393742,45.25,86.6
predict_disease,POST,73.83529999999894,500,False,,100,33.8404142,45.25,86.6
predict_disease,POST,72.15350000000598,500,False,,100,33.8410027,45.25,86.6
predict_disease,POST,91.38169999999946,500,False,,100,33.8415337,45.25,86.6
predict_disease,POST,93.30260000000123,500,False,,100,33.855443,45.25,86.6
predict_disease,POST,92.31789999999762,500,False,,100,33.8559581,45.25,86.6
predict_disease,POST,157.5453999999965,500,False,,100,33.8562942,45.25,86.6
predict_disease,POST,165.49539999999752,500,False,,100,33.8565691,45.25,86.6
predict_disease,POST,158.2182000000003,500,False,,100,33.8568242,45.25,86.6
predict_disease,POST,165.58460000000252,500,False,,100,33.857029,45.25,86.6
predict_disease,POST,88.14810000000506,500,False,,100,33.8571664,45.25,86.6
predict_disease,POST,165.06160000000136,500,False,,100,33.8573069,45.25,86.6
predict_disease,POST,164.79029999999995,500,False,,100,33.8574442,45.25,86.6
predict_disease,POST,164.9215000000055,500,False,,100,33.8575683,45.25,86.6
predict_disease,POST,163.1929999999997,500,False,,100,33.8576957,45.25,86.6
predict_disease,POST,157.3831000000041,500,False,,100,33.8578123,45.25,86.6
predict_disease,POST,89.50940000000429,500,False,,100,33.8579259,45.25,86.6
predict_disease,POST,86.19860000000301,500,False,,100,33.8580469,45.25,86.6
predict_disease,POST,88.68969999999621,500,False,,100,33.8582237,45.25,86.6
predict_disease,POST,115.29149999999788,500,False,,100,33.8585665,45.25,86.6
predict_disease,POST,88.75670000000468,500,False,,100,33.8589128,45.25,86.6
predict_disease,POST,100.18620000000311,500,False,,100,33.860107,45.25,86.6
predict_disease,POST,115.79179999999667,500,False,,100,33.860661,45.25,86.6
predict_disease,POST,79.32260000000468,500,False,,100,33.8611515,45.25,86.6
predict_disease,POST,111.49939999999958,500,False,,100,33.8615013,45.25,86.6
predict_disease,POST,99.21489999999977,500,False,,100,33.8618536,45.25,86.6
predict_disease,POST,98.7095999999994,500,False,,100,33.8621542,45.25,86.6
predict_disease,POST,110.31619999999975,500,False,,100,33.862449,45.25,86.6
predict_disease,POST,113.42969999999752,500,False,,100,33.8627368,45.25,86.6
predict_disease,POST,97.44890000000339,500,False,,100,33.8630813,45.25,86.6
predict_disease,POST,83.82609999999602,500,False,,100,33.8634088,45.25,86.6
predict_disease,POST,112.45719999999437,500,False,,100,33.8638527,45.25,86.6
predict_disease,POST,95.65740000000034,500,False,,100,33.8642881,45.25,86.6
predict_disease,POST,111.40400000000028,500,False,,100,33.8646098,45.25,86.6
predict_disease,POST,80.5845000000005,500,False,,100,33.8652088,45.25,86.6
predict_disease,POST,81.1240999999967,500,False,,100,33.8655799,45.25,86.6
predict_disease,POST,80.19269999999779,500,False,,100,33.8658857,45.25,86.6
predict_disease,POST,107.19029999999918,500,False,,100,33.8662124,45.25,86.6
predict_disease,POST,79.90029999999848,500,False,,100,33.8665169,45.25,86.6
predict_disease,POST,82.14300000000208,500,False,,100,33.8667799,45.25,86.6
predict_disease,POST,77.73660000000149,500,False,,100,33.8670359,45.25,86.6
predict_disease,POST,72.87910000000153,500,False,,100,33.8672786,45.25,86.6
predict_disease,POST,93.70440000000002,500,False,,100,33.8675185,45.25,86.6
predict_disease,POST,105.84400000000471,500,False,,100,33.8677534,45.25,86.6
predict_disease,POST,80.10509999999726,500,False,,100,33.8679926,45.25,86.6
predict_disease,POST,79.70249999999623,500,False,,100,33.8682257,45.25,86.6
predict_disease,POST,104.2242999999985,500,False,,100,33.8715989,45.25,86.6
predict_disease,POST,162.90980000000133,500,False,,100,33.8718623,45.25,86.6
predict_disease,POST,102.1751999999978,500,False,,100,33.8721328,45.25,86.6
predict_disease,POST,100.83799999999599,500,False,,100,33.8723692,45.25,86.6
predict_disease,POST,102.29009999999761,500,False,,100,33.8725575,45.25,86.6
predict_disease,POST,101.937300000003,500,False,,100,33.8727163,45.25,86.6
predict_disease,POST,102.71850000000171,500,False,,100,33.8728702,45.25,86.6
predict_disease,POST,106.80830000000441,500,False,,100,33.8730048,45.25,86.6
predict_disease,POST,103.60099999999761,500,False,,100,33.8731402,45.25,86.6
predict_disease,POST,106.07129999999643,500,False,,100,33.8734849,45.25,86.6
predict_disease,POST,103.50019999999915,500,False,,100,33.8739285,45.25,86.6
predict_disease,POST,102.33259999999689,500,False,,100,33.8742281,45.25,86.6
predict_disease,POST,103.12799999999811,500,False,,100,33.874468,45.25,86.6
predict_disease,POST,102.24140000000403,500,False,,100,33.8746799,45.25,86.6
predict_disease,POST,100.51469999999796,500,False,,100,33.8748805,45.25,86.6
predict_disease,POST,98.96880000000152,500,False,,100,33.8750788,45.25,86.6
predict_disease,POST,102.43090000000166,500,False,,100,33.8753053,45.25,86.6
predict_disease,POST,99.03930000000116,500,False,,100,33.8762033,45.25,86.6
predict_disease,POST,84.77429999999941,500,False,,100,33.8767661,45.25,86.6
predict_disease,POST,154.5002000000011,500,False,,100,33.8770713,45.25,86.6
predict_disease,POST,97.8276999999963,500,False,,100,33.8772486,45.25,86.6
predict_disease,POST,100.51650000000478,500,False,,100,33.8774014,45.25,86.6
predict_disease,POST,148.4269999999981,500,False,,100,33.8775403,45.25,86.6
predict_disease,POST,165.85640000000268,500,False,,100,33.8776699,45.25,86.6
predict_disease,POST,101.08499999999765,500,False,,100,33.8791182,45.25,86.6
predict_disease,POST,98.6460999999963,500,False,,100,33.8802366,45.25,86.6
predict_disease,POST,99.11839999999472,500,False,,100,33.880909,45.25,86.6
predict_disease,POST,80.02410000000282,500,False,,100,33.8813568,45.25,86.6
predict_disease,POST,90.8395000000013,500,False,,100,33.8815538,45.25,86.6
predict_disease,POST,112.44759999999587,500,False,,100,33.8826721,45.25,86.6
predict_disease,POST,112.97909999999689,500,False,,100,33.8834784,45.25,86.6
predict_disease,POST,112.218299999995,500,False,,100,33.8839637,45.25,86.6
predict_disease,POST,109.66940000000136,500,False,,100,33.8862896,45.25,86.6
predict_disease,POST,110.15379999999908,500,False,,100,33.8865144,45.25,86.6
predict_disease,POST,108.98999999999859,500,False,,100,33.8867284,45.25,86.6
predict_disease,POST,108.48589999999803,500,False,,100,33.8869655,45.25,86.6
predict_disease,POST,98.68010000000282,500,False,,100,33.9028074,45.25,86.6
predict_disease,POST,92.39990000000375,500,False,,100,33.9091805,45.25,86.6
predict_disease,POST,91.7739999999938,500,False,,100,33.9098753,45.25,86.6
predict_disease,POST,89.93770000000012,500,False,,100,33.9154876,45.25,86.6
predict_disease,POST,88.74680000000268,500,False,,100,33.9165395,45.25,86.6
predict_disease,POST,87.86040000000384,500,False,,100,33.9176193,45.25,86.6
predict_disease,POST,84.06670000000105,500,False,,100,33.919586,45.25,86.6
predict_disease,POST,82.85690000000301,500,False,,100,33.9208578,45.25,86.6
predict_disease,POST,83.84509999999779,500,False,,100,33.9216629,45.25,86.6
predict_disease,POST,82.91089999999457,500,False,,100,33.9226225,45.25,86.6
predict_disease,POST,81.98660000000046,500,False,,100,33.9233773,45.25,86.6
predict_disease,POST,79.48290000000213,500,False,,100,33.9241014,45.25,86.6
predict_disease,POST,78.8542000000021,500,False,,100,33.9249789,45.25,86.6
predict_disease,POST,77.12100000000532,500,False,,100,33.9266532,45.25,86.6
predict_disease,POST,75.6723000000008,500,False,,100,33.9278252,45.25,86.6
predict_disease,POST,85.59870000000558,500,False,,100,33.9286183,45.25,86.6
predict_disease,POST,84.1384000000005,500,False,,100,33.9293105,45.25,86.6
predict_disease,POST,84.55899999999872,500,False,,100,33.9298627,45.25,86.6
predict_disease,POST,78.26030000000372,500,False,,100,33.936482,45.25,86.6
predict_disease,POST,77.88980000000123,500,False,,100,33.9374117,45.25,86.6
predict_disease,POST,76.82690000000036,500,False,,100,33.9380764,45.25,86.6
predict_disease,POST,73.69030000000265,500,False,,100,33.9409037,45.25,86.6
predict_disease,POST,72.42999999999711,500,False,,100,33.9416213,45.25,86.6
predict_disease,POST,92.89530000000212,500,False,,100,33.9502156,45.25,86.6
predict_disease,POST,92.40850000000478,500,False,,100,33.950976,45.25,86.6
predict_disease,POST,91.43960000000106,500,False,,100,33.9515233,45.25,86.6
predict_disease,POST,82.72200000000396,500,False,,100,33.9519812,45.25,86.6
predict_disease,POST,81.51960000000003,500,False,,100,33.9523628,45.25,86.6
predict_disease,POST,90.0250999999983,500,False,,100,33.9527495,45.25,86.6
predict_disease,POST,80.53609999999622,500,False,,100,33.9531368,45.25,86.6
predict_disease,POST,80.81430000000012,500,False,,100,33.9535749,45.25,86.6
predict_disease,POST,80.25080000000173,500,False,,100,33.9543086,45.25,86.6
predict_disease,POST,88.79530000000102,500,False,,100,33.9548148,45.25,86.6
predict_disease,POST,78.73620000000159,500,False,,100,33.9552961,45.25,86.6
predict_disease,POST,87.30010000000021,500,False,,100,33.955951,45.25,86.6
predict_disease,POST,77.0042999999987,500,False,,100,33.9572591,45.25,86.6
predict_disease,POST,76.13190000000003,500,False,,100,33.9580377,45.25,86.6
predict_disease,POST,83.46919999999614,500,False,,100,33.9586472,45.25,86.6
predict_disease,POST,83.18919999999963,500,False,,100,33.9593193,45.25,86.6
predict_disease,POST,84.32959999999667,500,False,,100,33.9655356,45.25,86.6
predict_disease,POST,84.0266000000014,500,False,,100,33.9662894,45.25,86.6
predict_disease,POST,84.48860000000025,500,False,,100,33.9667771,45.25,86.6
predict_disease,POST,155.80509999999492,500,False,,100,33.9672326,45.25,86.6
predict_disease,POST,82.87939999999594,500,False,,100,33.9675962,45.25,86.6
predict_disease,POST,83.33250000000447,500,False,,100,33.9680609,45.25,86.6
predict_disease,POST,79.94680000000187,500,False,,100,33.9709109,45.25,86.6
predict_disease,POST,79.55719999999644,500,False,,100,33.9715635,45.25,86.6
predict_disease,POST,101.89840000000316,500,False,,100,33.981683,45.25,86.6
predict_disease,POST,101.38380000000069,500,False,,100,33.9821338,45.25,86.6
predict_disease,POST,101.08919999999699,500,False,,100,33.9825542,45.25,86.6
predict_disease,POST,101.12850000000151,500,False,,100,33.9829394,45.25,86.6
predict_disease,POST,93.71180000000123,429,False,,100,33.9834532,45.25,86.6
predict_disease,POST,100.07450000000517,500,False,,100,33.983872,45.25,86.6
predict_disease,POST,99.07599999999661,500,False,,100,33.9843288,45.25,86.6
predict_disease,POST,98.44329999999957,500,False,,100,33.9848338,45.25,86.6
predict_disease,POST,92.07669999999979,500,False,,100,33.9852159,45.25,86.6
predict_disease,POST,98.19280000000674,500,False,,100,33.9855099,45.25,86.6
predict_disease,POST,97.03939999999989,500,False,,100,33.9858491,45.25,86.6
predict_disease,POST,90.31819999999868,500,False,,100,33.986195,45.25,86.6
predict_disease,POST,95.82619999999764,500,False,,100,33.9865785,45.25,86.6
predict_disease,POST,97.1580000000003,500,False,,100,33.9869697,45.25,86.6
predict_disease,POST,96.33840000000049,500,False,,100,33.9874245,45.25,86.6
predict_disease,POST,80.05159999999734,429,False,,100,33.987802,45.25,86.6
predict_disease,POST,80.2223999999967,500,False,,100,33.9880574,45.25,86.6
predict_disease,POST,88.12899999999502,500,False,,100,33.9888272,45.25,86.6
predict_disease,POST,80.10870000000381,500,False,,100,33.9891526,45.25,86.6
predict_disease,POST,86.92479999999847,500,False,,100,33.9894269,45.25,86.6
predict_disease,POST,87.91420000000016,500,False,,100,33.989678,45.25,86.6
predict_disease,POST,79.42769999999655,500,False,,100,33.9899301,45.25,86.6
predict_disease,POST,87.26879999999682,500,False,,100,33.9901799,45.25,86.6
predict_disease,POST,78.51679999999561,500,False,,100,33.9904312,45.25,86.6
predict_disease,POST,78.28909999999922,500,False,,100,33.9908059,45.25,86.6
predict_disease,POST,91.84909999999746,500,False,,100,33.9912675,45.25,86.6
predict_disease,POST,91.73429999999883,500,False,,100,33.9916073,45.25,86.6
predict_disease,POST,91.3316999999978,500,False,,100,33.9918927,45.25,86.6
predict_disease,POST,76.5674999999959,500,False,,100,33.9921646,45.25,86.6
predict_disease,POST,90.52210000000116,500,False,,100,33.9924783,45.25,86.6
predict_disease,POST,89.51360000000363,500,False,,100,33.993432,45.25,86.6
predict_disease,POST,159.52960000000616,500,False,,100,33.9941676,45.25,86.6
predict_disease,POST,84.02989999999733,500,False,,100,33.9991415,45.25,86.6
predict_disease,POST,84.42999999999756,500,False,,100,33.9995786,45.25,86.6
predict_disease,POST,83.98309999999753,500,False,,100,33.9999027,45.25,86.6
predict_disease,POST,82.86300000000324,500,False,,100,34.0001927,45.25,86.6
predict_disease,POST,82.37220000000178,500,False,,100,34.0004596,45.25,86.6
predict_disease,POST,75.85269999999866,500,False,,100,34.0008089,45.25,86.6
predict_disease,POST,82.60960000000495,500,False,,100,34.0012159,45.25,86.6
predict_disease,POST,74.73500000000399,429,False,,100,34.0020751,45.25,86.6
predict_disease,POST,74.72680000000054,500,False,,100,34.0023745,45.25,86.6
predict_disease,POST,64.34869999999648,500,False,,100,34.002772,45.25,86.6
predict_disease,POST,72.1375999999978,429,False,,100,34.0038813,45.25,86.6
predict_disease,POST,63.61220000000145,500,False,,100,34.0040629,45.25,86.6
predict_disease,POST,63.255800000000306,500,False,,100,34.0042023,45.25,86.6
predict_disease,POST,78.26850000000007,500,False,,100,34.0043336,45.25,86.6
predict_disease,POST,71.80350000000146,429,False,,100,34.0044596,45.25,86.6
predict_disease,POST,78.13250000000238,500,False,,100,34.0045996,45.25,86.6
predict_disease,POST,77.8845999999973,500,False,,100,34.0055655,45.25,86.6
predict_disease,POST,78.4300999999985,500,False,,100,34.0057567,45.25,86.6
predict_disease,POST,79.00939999999679,500,False,,100,34.0059015,45.25,86.6
predict_disease,POST,78.81789999999711,500,False,,100,34.0060329,45.25,86.6
predict_disease,POST,78.10560000000066,500,False,,100,34.0061643,45.25,86.6
predict_disease,POST,78.4735000000012,500,False,,100,34.0063029,45.25,86.6
predict_disease,POST,71.44670000000275,500,False,,100,34.015414,45.25,86.6
predict_disease,POST,70.43200000000382,500,False,,100,34.016102,45.25,86.6
predict_disease,POST,69.81599999999588,500,False,,100,34.0166042,45.25,86.6
predict_disease,POST,68.28639999999808,500,False,,100,34.0169325,45.25,86.6
predict_disease,POST,68.88529999999804,500,False,,100,34.0172791,45.25,86.6
predict_disease,POST,69.13769999999886,500,False,,100,34.0176125,45.25,86.6
predict_disease,POST,68.36150000000174,500,False,,100,34.0179439,45.25,86.6
predict_disease,POST,68.37120000000141,500,False,,100,34.0182706,45.25,86.6
predict_disease,POST,66.52960000000263,500,False,,100,34.0185867,45.25,86.6
predict_disease,POST,68.05639999999613,500,False,,100,34.0188871,45.25,86.6
predict_disease,POST,65.94940000000094,500,False,,100,34.0192279,45.25,86.6
predict_disease,POST,65.42060000000305,500,False,,100,34.021497,45.25,86.6
predict_disease,POST,71.04460000000046,500,False,,100,34.0228171,45.25,86.6
predict_disease,POST,70.27000000000072,500,False,,100,34.0234975,45.25,86.6
predict_disease,POST,70.03920000000363,500,False,,100,34.0239499,45.25,86.6
predict_disease,POST,69.5984999999979,500,False,,100,34.0243295,45.25,86.6
predict_disease,POST,66.47280000000677,500,False,,100,34.02477,45.25,86.6
predict_disease,POST,71.63760000000252,500,False,,100,34.0261346,45.25,86.6
predict_disease,POST,65.93270000000473,500,False,,100,34.0317678,45.25,86.6
predict_disease,POST,70.11839999999836,500,False,,100,34.0348921,45.25,86.6
predict_disease,POST,72.86270000000172,500,False,,100,34.0355223,45.25,86.6
predict_disease,POST,69.1861999999972,500,False,,100,34.0359848,45.25,86.6
predict_disease,POST,71.65820000000167,500,False,,100,34.0363495,45.25,86.6
predict_disease,POST,71.16549999999933,500,False,,100,34.0369438,45.25,86.6
predict_disease,POST,70.73040000000219,500,False,,100,34.0374687,45.25,86.6
predict_disease,POST,70.43739999999588,500,False,,100,34.0378654,45.25,86.6
predict_disease,POST,70.08559999999875,500,False,,100,34.0382611,45.25,86.6
predict_disease,POST,69.0944999999985,500,False,,100,34.038767,45.25,86.6
predict_disease,POST,73.95859999999743,500,False,,100,34.0437103,45.25,86.6
predict_disease,POST,78.19350000000469,500,False,,100,34.0443229,45.25,86.6
predict_disease,POST,73.06249999999892,500,False,,100,34.0447817,45.25,86.6
predict_disease,POST,77.67929999999978,500,False,,100,34.0452065,45.25,86.6
predict_disease,POST,77.16580000000306,500,False,,100,34.0455579,45.25,86.6
predict_disease,POST,72.12059999999809,500,False,,100,34.0458714,45.25,86.6
predict_disease,POST,76.02770000000447,500,False,,100,34.0461781,45.25,86.6
predict_disease,POST,70.95170000000195,500,False,,100,34.0464316,45.25,86.6
predict_disease,POST,70.19239999999627,500,False,,100,34.0467567,45.25,86.6
predict_disease,POST,157.18590000000177,500,False,,100,34.0514619,45.25,86.6
predict_disease,POST,156.8651999999986,500,False,,100,34.0519616,45.25,86.6
predict_disease,POST,71.70049999999861,500,False,,100,34.0524016,45.25,86.6
predict_disease,POST,161.6339999999994,500,False,,100,34.0527287,45.25,86.6
predict_disease,POST,71.22389999999967,500,False,,100,34.0530059,45.25,86.6
predict_disease,POST,70.6988000000024,500,False,,100,34.05327,45.25,86.6
predict_disease,POST,70.29260000000193,500,False,,100,34.0535354,45.25,86.6
predict_disease,POST,69.7576999999967,500,False,,100,34.0539002,45.25,86.6
predict_disease,POST,77.73010000000369,500,False,,100,34.0696198,45.25,86.6
predict_disease,POST,71.48940000000437,500,False,,100,34.0702674,45.25,86.6
predict_disease,POST,75.87430000000239,500,False,,100,34.0709011,45.25,86.6
predict_disease,POST,74.93840000000063,500,False,,100,34.0713703,45.25,86.6
predict_disease,POST,75.22640000000536,500,False,,100,34.0717064,45.25,86.6
predict_disease,POST,74.97959999999892,500,False,,100,34.0721668,45.25,86.6
predict_disease,POST,73.48340000000064,500,False,,100,34.0724821,45.25,86.6
predict_disease,POST,73.79519999999928,500,False,,100,34.0727546,45.25,86.6
predict_disease,POST,72.44000000000028,500,False,,100,34.0730333,45.25,86.6
predict_disease,POST,73.36939999999714,500,False,,100,34.0740537,45.25,86.6
predict_disease,POST,73.73570000000029,500,False,,100,34.0793841,45.25,86.6
predict_disease,POST,73.28439999999858,500,False,,100,34.079945,45.25,86.6
predict_disease,POST,72.39199999999357,500,False,,100,34.0803762,45.25,86.6
predict_disease,POST,72.14090000000084,500,False,,100,34.0808747,45.25,86.6
predict_disease,POST,72.0037999999974,500,False,,100,34.0813306,45.25,86.6
predict_disease,POST,71.24420000000242,500,False,,100,34.0816698,45.25,86.6
predict_disease,POST,70.64090000000078,500,False,,100,34.081964,45.25,86.6
predict_disease,POST,141.8472999999949,500,False,,500,36.2226379,37.0,86.7
predict_disease,POST,168.6231000000049,500,False,,500,36.2230145,37.0,86.7
predict_disease,POST,169.9204000000023,500,False,,500,36.2232007,37.0,86.7
predict_disease,POST,162.6909000000012,500,False,,500,36.223337,37.0,86.7
predict_disease,POST,163.14090000000192,500,False,,500,36.2234646,37.0,86.7
predict_disease,POST,167.99070000000427,500,False,,500,36.2235836,37.0,86.7
predict_disease,POST,168.91969999999645,500,False,,500,36.2236945,37.0,86.7
predict_disease,POST,166.72140000000013,500,False,,500,36.2238079,37.0,86.7
predict_disease,POST,162.5399999999999,500,False,,500,36.2239329,37.0,86.7
predict_disease,POST,163.35030000000472,500,False,,500,36.2240438,37.0,86.7
predict_disease,POST,156.80559999999844,429,False,,500,36.2241529,37.0,86.7
predict_disease,POST,156.65879999999532,500,False,,500,36.224265,37.0,86.7
predict_disease,POST,160.390900000003,500,False,,500,36.225103,37.0,86.7
predict_disease,POST,150.61399999999736,500,False,,500,36.2252567,37.0,86.7
predict_disease,POST,155.4864000000009,429,False,,500,36.225377,37.0,86.7
predict_disease,POST,150.28110000000083,500,False,,500,36.2254944,37.0,86.7
predict_disease,POST,149.6600999999984,500,False,,500,36.225605,37.0,86.7
predict_disease,POST,153.73050000000177,429,False,,500,36.2257129,37.0,86.7
predict_disease,POST,152.011200000004,429,False,,500,36.2258217,37.0,86.7
predict_disease,POST,154.83650000000182,500,False,,500,36.2259427,37.0,86.7
predict_disease,POST,161.1805000000004,500,False,,500,36.2260501,37.0,86.7
predict_disease,POST,166.29290000000196,500,False,,500,36.2261552,37.0,86.7
predict_disease,POST,160.4481999999976,500,False,,500,36.2262629,37.0,86.7
predict_disease,POST,160.35639999999773,500,False,,500,36.2264454,37.0,86.7
predict_disease,POST,165.25680000000165,500,False,,500,36.2265656,37.0,86.7
predict_disease,POST,159.55149999999918,500,False,,500,36.2266746,37.0,86.7
predict_disease,POST,154.8056000000031,429,False,,500,36.2267814,37.0,86.7
predict_disease,POST,163.83400000000137,500,False,,500,36.2268859,37.0,86.7
predict_disease,POST,165.21239999999437,500,False,,500,36.2269926,37.0,86.7
predict_disease,POST,163.28109999999896,500,False,,500,36.2270996,37.0,86.7
predict_disease,POST,166.2806999999944,500,False,,500,36.2272054,37.0,86.7
predict_disease,POST,148.88649999999615,429,False,,500,36.2273141,37.0,86.7
predict_disease,POST,165.94569999999464,500,False,,500,36.2274267,37.0,86.7
predict_disease,POST,165.6360999999933,500,False,,500,36.2276086,37.0,86.7
predict_disease,POST,162.875200000002,500,False,,500,36.2277208,37.0,86.7
predict_disease,POST,163.01670000000001,500,False,,500,36.2278262,37.0,86.7
predict_disease,POST,157.80729999999465,500,False,,500,36.2279424,37.0,86.7
predict_disease,POST,158.93789999999797,500,False,,500,36.2280488,37.0,86.7
predict_disease,POST,158.1832000000034,500,False,,500,36.22817,37.0,86.7
predict_disease,POST,152.41120000000308,500,False,,500,36.2282855,37.0,86.7
predict_disease,POST,150.91489999999652,500,False,,500,36.2283928,37.0,86.7
predict_disease,POST,165.04370000000534,500,False,,500,36.2284976,37.0,86.7
predict_disease,POST,164.18029999999817,500,False,,500,36.2286037,37.0,86.7
predict_disease,POST,161.88309999999717,500,False,,500,36.2287752,37.0,86.7
predict_disease,POST,161.39749999999964,500,False,,500,36.2288902,37.0,86.7
predict_disease,POST,156.6168000000019,500,False,,500,36.2289977,37.0,86.7
predict_disease,POST,162.59380000000334,500,False,,500,36.2291046,37.0,86.7
predict_disease,POST,478.46020000000067,500,False,,500,36.2292133,37.0,86.7
predict_disease,POST,477.52409999999657,500,False,,500,36.2293187,37.0,86.7
predict_disease,POST,146.64810000000017,429,False,,500,36.2294223,37.0,86.7
predict_disease,POST,160.92259999999925,500,False,,500,36.2295284,37.0,86.7
predict_disease,POST,157.68320000000102,500,False,,500,36.2296314,37.0,86.7
predict_disease,POST,161.76980000000185,429,False,,500,36.2297351,37.0,86.7
predict_disease,POST,161.03499999999826,429,False,,500,36.2299007,37.0,86.7
predict_disease,POST,150.4261999999983,500,False,,500,36.230052,37.0,86.7
predict_disease,POST,161.86580000000106,500,False,,500,36.2301721,37.0,86.7
predict_disease,POST,161.06810000000138,429,False,,500,36.2302834,37.0,86.7
predict_disease,POST,160.3612000000041,500,False,,500,36.230419,37.0,86.7
predict_disease,POST,149.9713999999983,500,False,,500,36.2306282,37.0,86.7
predict_disease,POST,143.8035000000042,429,False,,500,36.2308131,37.0,86.7
predict_disease,POST,160.2425000000025,500,False,,500,36.2309537,37.0,86.7
predict_disease,POST,161.20920000000183,500,False,,500,36.2310769,37.0,86.7
predict_disease,POST,161.16149999999863,500,False,,500,36.2312041,37.0,86.7
predict_disease,POST,154.01160000000402,500,False,,500,36.2313147,37.0,86.7
predict_disease,POST,161.78810000000254,500,False,,500,36.2315146,37.0,86.7
predict_disease,POST,161.79560000000492,500,False,,500,36.2316351,37.0,86.7
predict_disease,POST,155.40510000000296,500,False,,500,36.2317447,37.0,86.7
predict_disease,POST,155.0407000000007,500,False,,500,36.2318552,37.0,86.7
predict_disease,POST,161.62039999999678,500,False,,500,36.2319752,37.0,86.7
predict_disease,POST,147.56959999999708,429,False,,500,36.2320888,37.0,86.7
predict_disease,POST,147.84509999999784,429,False,,500,36.2321983,37.0,86.7
predict_disease,POST,160.51809999999733,429,False,,500,36.232304,37.0,86.7
predict_disease,POST,154.65770000000134,500,False,,500,36.2324102,37.0,86.7
predict_disease,POST,158.71100000000382,429,False,,500,36.2325138,37.0,86.7
predict_disease,POST,158.43049999999437,429,False,,500,36.2326934,37.0,86.7
predict_disease,POST,147.17950000000002,429,False,,500,36.2328093,37.0,86.7
predict_disease,POST,159.7861999999992,500,False,,500,36.2329136,37.0,86.7
predict_disease,POST,147.1796000000012,429,False,,500,36.2330221,37.0,86.7
predict_disease,POST,160.05519999999507,500,False,,500,36.2331305,37.0,86.7
predict_disease,POST,146.2722999999997,429,False,,500,36.2332324,37.0,86.7
predict_disease,POST,209.10749999999467,500,False,,500,36.2333385,37.0,86.7
predict_disease,POST,208.91980000000387,500,False,,500,36.2334477,37.0,86.7
predict_disease,POST,158.56459999999828,500,False,,500,36.2335562,37.0,86.7
predict_disease,POST,141.99680000000114,429,False,,500,36.2336621,37.0,86.7
predict_disease,POST,157.931099999999,500,False,,500,36.2338327,37.0,86.7
predict_disease,POST,157.99450000000093,429,False,,500,36.2339586,37.0,86.7
predict_disease,POST,140.42959999999738,429,False,,500,36.2340688,37.0,86.7
predict_disease,POST,157.70049999999713,429,False,,500,36.2341804,37.0,86.7
predict_disease,POST,147.60530000000216,429,False,,500,36.2342875,37.0,86.7
predict_disease,POST,146.88180000000273,429,False,,500,36.2343942,37.0,86.7
predict_disease,POST,145.27290000000193,429,False,,500,36.2345012,37.0,86.7
predict_disease,POST,158.36589999999973,429,False,,500,36.2346067,37.0,86.7
predict_disease,POST,157.81760000000133,500,False,,500,36.2347128,37.0,86.7
predict_disease,POST,140.06360000000484,429,False,,500,36.2348199,37.0,86.7
predict_disease,POST,140.08369999999815,429,False,,500,36.2349616,37.0,86.7
predict_disease,POST,139.53879999999685,429,False,,500,36.235224,37.0,86.7
predict_disease,POST,139.3406999999982,429,False,,500,36.2353534,37.0,86.7
predict_disease,POST,155.3987999999933,500,False,,500,36.2355056,37.0,86.7
predict_disease,POST,139.86320000000063,429,False,,500,36.2356311,37.0,86.7
predict_disease,POST,145.76999999999884,429,False,,500,36.2357451,37.0,86.7
predict_disease,POST,206.38319999999766,500,False,,500,36.2358575,37.0,86.7
predict_disease,POST,208.04110000000264,500,False,,500,36.2359466,37.0,86.7
predict_disease,POST,211.61199999999525,500,False,,500,36.2360107,37.0,86.7
predict_disease,POST,211.9661999999991,500,False,,500,36.2360648,37.0,86.7
predict_disease,POST,207.95120000000367,500,False,,500,36.2361161,37.0,86.7
predict_disease,POST,214.199899999997,500,False,,500,36.2361677,37.0,86.7
predict_disease,POST,214.0765999999985,500,False,,500,36.2362241,37.0,86.7
predict_disease,POST,211.62260000000543,500,False,,500,36.2363442,37.0,86.7
predict_disease,POST,212.02720000000141,500,False,,500,36.2364022,37.0,86.7
predict_disease,POST,211.44539999999523,500,False,,500,36.2364552,37.0,86.7
predict_disease,POST,211.79140000000274,500,False,,500,36.2365048,37.0,86.7
predict_disease,POST,213.5772999999972,500,False,,500,36.2365548,37.0,86.7
predict_disease,POST,211.50609999999403,500,False,,500,36.2366037,37.0,86.7
predict_disease,POST,213.57590000000215,500,False,,500,36.2366527,37.0,86.7
predict_disease,POST,211.04359999999645,500,False,,500,36.2367027,37.0,86.7
predict_disease,POST,211.61180000000002,500,False,,500,36.2367523,37.0,86.7
predict_disease,POST,211.38930000000045,500,False,,500,36.2368015,37.0,86.7
predict_disease,POST,207.03209999999928,500,False,,500,36.2368496,37.0,86.7
predict_disease,POST,211.59130000000204,500,False,,500,36.2368999,37.0,86.7
predict_disease,POST,210.87909999999965,500,False,,500,36.2369478,37.0,86.7
predict_disease,POST,218.29979999999694,500,False,,500,36.2369981,37.0,86.7
predict_disease,POST,218.77210000000247,500,False,,500,36.2370477,37.0,86.7
predict_disease,POST,219.7372000000044,500,False,,500,36.2370969,37.0,86.7
predict_disease,POST,219.86410000000234,500,False,,500,36.2371999,37.0,86.7
predict_disease,POST,218.40869999999768,500,False,,500,36.2372524,37.0,86.7
predict_disease,POST,220.18690000000163,500,False,,500,36.2373026,37.0,86.7
predict_disease,POST,217.7038999999965,500,False,,500,36.2373515,37.0,86.7
predict_disease,POST,218.57660000000578,500,False,,500,36.2374015,37.0,86.7
predict_disease,POST,219.79969999999582,500,False,,500,36.2374511,37.0,86.7
predict_disease,POST,219.87299999999976,500,False,,500,36.2374992,37.0,86.7
predict_disease,POST,219.03970000000328,500,False,,500,36.2375493,37.0,86.7
predict_disease,POST,221.65640000000053,500,False,,500,36.237601,37.0,86.7
predict_disease,POST,220.0069999999954,500,False,,500,36.2376489,37.0,86.7
predict_disease,POST,217.78409999999582,500,False,,500,36.2376967,37.0,86.7
predict_disease,POST,245.14030000000275,500,False,,500,36.237745,37.0,86.7
predict_disease,POST,244.97079999999727,500,False,,500,36.2377922,37.0,86.7
predict_disease,POST,244.8611000000014,500,False,,500,36.2378408,37.0,86.7
predict_disease,POST,244.74980000000102,500,False,,500,36.2378893,37.0,86.7
predict_disease,POST,244.5741999999953,500,False,,500,36.2379972,37.0,86.7
predict_disease,POST,226.08130000000415,500,False,,500,36.2380558,37.0,86.7
predict_disease,POST,226.41500000000292,500,False,,500,36.2381076,37.0,86.7
predict_disease,POST,230.2901999999989,500,False,,500,36.2381571,37.0,86.7
predict_disease,POST,232.7069000000037,500,False,,500,36.2382042,37.0,86.7
predict_disease,POST,226.33440000000604,500,False,,500,36.238257,37.0,86.7
predict_disease,POST,226.1313000000058,500,False,,500,36.2383038,37.0,86.7
predict_disease,POST,225.71039999999698,500,False,,500,36.2383522,37.0,86.7
predict_disease,POST,225.962200000005,500,False,,500,36.2384012,37.0,86.7
predict_disease,POST,231.11529999999902,500,False,,500,36.2384513,37.0,86.7
predict_disease,POST,232.72000000000048,500,False,,500,36.2384992,37.0,86.7
predict_disease,POST,230.86020000000218,500,False,,500,36.2385484,37.0,86.7
predict_disease,POST,222.84819999999428,500,False,,500,36.2385974,37.0,86.7
predict_disease,POST,226.18669999999952,500,False,,500,36.2386451,37.0,86.7
predict_disease,POST,225.4746000000054,500,False,,500,36.2386935,37.0,86.7
predict_disease,POST,225.98020000000218,500,False,,500,36.2387398,37.0,86.7
predict_disease,POST,242.76670000000422,500,False,,500,36.2397314,37.0,86.7
predict_disease,POST,232.49090000000194,500,False,,500,36.2397942,37.0,86.7
predict_disease,POST,231.826599999998,500,False,,500,36.2398483,37.0,86.7
predict_disease,POST,243.0465000000055,500,False,,500,36.2398981,37.0,86.7
predict_disease,POST,243.01160000000266,429,False,,500,36.2399597,37.0,86.7
predict_disease,POST,242.31160000000074,429,False,,500,36.2400099,37.0,86.7
predict_disease,POST,241.74310000000077,429,False,,500,36.2402709,37.0,86.7
predict_disease,POST,241.30849999999526,429,False,,500,36.2406037,37.0,86.7
predict_disease,POST,240.80299999999966,429,False,,500,36.2407207,37.0,86.7
predict_disease,POST,242.03020000000208,500,False,,500,36.2407939,37.0,86.7
predict_disease,POST,228.87220000000497,500,False,,500,36.2408551,37.0,86.7
predict_disease,POST,231.0773000000026,500,False,,500,36.2409088,37.0,86.7
predict_disease,POST,240.26740000000046,500,False,,500,36.2409621,37.0,86.7
predict_disease,POST,231.33909999999958,500,False,,500,36.2410144,37.0,86.7
predict_disease,POST,240.35759999999584,500,False,,500,36.2410684,37.0,86.7
predict_disease,POST,230.71189999999575,500,False,,500,36.2411201,37.0,86.7
predict_disease,POST,191.52709999999473,500,False,,500,36.2795405,37.0,86.7
predict_disease,POST,184.98699999999957,500,False,,500,36.2796711,37.0,86.7
predict_disease,POST,189.0671000000026,500,False,,500,36.2797737,37.0,86.7
predict_disease,POST,190.5440000000027,500,False,,500,36.2798546,37.0,86.7
predict_disease,POST,202.19380000000342,429,False,,500,36.2799261,37.0,86.7
predict_disease,POST,201.81610000000205,429,False,,500,36.2799926,37.0,86.7
predict_disease,POST,201.63240000000116,429,False,,500,36.2800575,37.0,86.7
predict_disease,POST,188.99950000000132,500,False,,500,36.2801206,37.0,86.7
predict_disease,POST,190.57049999999975,500,False,,500,36.2801826,37.0,86.7
predict_disease,POST,191.6823999999977,500,False,,500,36.2804554,37.0,86.7
predict_disease,POST,200.41719999999685,500,False,,500,36.2806014,37.0,86.7
predict_disease,POST,201.58480000000623,429,False,,500,36.2807001,37.0,86.7
predict_disease,POST,189.8065000000031,500,False,,500,36.2807781,37.0,86.7
predict_disease,POST,183.93049999999533,500,False,,500,36.2808531,37.0,86.7
predict_disease,POST,188.9121999999972,500,False,,500,36.2810184,37.0,86.7
predict_disease,POST,199.98019999999883,500,False,,500,36.2811642,37.0,86.7
predict_disease,POST,199.98660000000257,500,False,,500,36.2813112,37.0,86.7
predict_disease,POST,188.6554000000018,500,False,,500,36.2814379,37.0,86.7
predict_disease,POST,188.68170000000362,500,False,,500,36.2815637,37.0,86.7
predict_disease,POST,199.803100000004,500,False,,500,36.2816877,37.0,86.7
predict_disease,POST,199.54830000000356,500,False,,500,36.2818141,37.0,86.7
predict_disease,POST,187.05930000000137,500,False,,500,36.2819387,37.0,86.7
predict_disease,POST,189.45970000000045,500,False,,500,36.2820672,37.0,86.7
predict_disease,POST,188.93969999999882,500,False,,500,36.2824365,37.0,86.7
predict_disease,POST,181.3889999999958,500,False,,500,36.2825721,37.0,86.7
predict_disease,POST,178.51900000000143,500,False,,500,36.2827008,37.0,86.7
predict_disease,POST,228.56989999999655,500,False,,500,36.2828311,37.0,86.7
predict_disease,POST,226.50250000000227,500,False,,500,36.2829586,37.0,86.7
predict_disease,POST,226.493099999999,500,False,,500,36.2830918,37.0,86.7
predict_disease,POST,225.90399999999988,500,False,,500,36.2833671,37.0,86.7
predict_disease,POST,233.9032000000003,500,False,,500,36.2839326,37.0,86.7
predict_disease,POST,233.68469999999775,500,False,,500,36.2840256,37.0,86.7
predict_disease,POST,237.58649999999903,500,False,,500,36.2840877,37.0,86.7
predict_disease,POST,237.34200000000527,500,False,,500,36.284147,37.0,86.7
predict_disease,POST,237.2245000000035,500,False,,500,36.2842036,37.0,86.7
predict_disease,POST,233.7798999999947,500,False,,500,36.28426,37.0,86.7
predict_disease,POST,236.91329999999766,500,False,,500,36.2843156,37.0,86.7
predict_disease,POST,237.2168000000059,500,False,,500,36.2843719,37.0,86.7
predict_disease,POST,236.93809999999615,500,False,,500,36.2844272,37.0,86.7
predict_disease,POST,236.81739999999962,500,False,,500,36.2844834,37.0,86.7
predict_disease,POST,237.0051999999987,500,False,,500,36.2845419,37.0,86.7
predict_disease,POST,236.5200999999999,500,False,,500,36.2845991,37.0,86.7
predict_disease,POST,233.25309999999888,500,False,,500,36.284658,37.0,86.7
predict_disease,POST,233.26320000000322,500,False,,500,36.2847131,37.0,86.7
predict_disease,POST,237.0330999999979,500,False,,500,36.2847683,37.0,86.7
predict_disease,POST,237.2871000000032,500,False,,500,36.2849149,37.0,86.7
predict_disease,POST,236.6985000000028,500,False,,500,36.2850403,37.0,86.7
predict_disease,POST,236.8152999999964,500,False,,500,36.2851634,37.0,86.7
predict_disease,POST,239.51939999999894,500,False,,500,36.2852873,37.0,86.7
predict_disease,POST,239.1446999999971,500,False,,500,36.2854055,37.0,86.7
predict_disease,POST,239.0442999999962,500,False,,500,36.285577,37.0,86.7
predict_disease,POST,238.59709999999978,500,False,,500,36.2857008,37.0,86.7
predict_disease,POST,238.92590000000524,500,False,,500,36.2858215,37.0,86.7
predict_disease,POST,238.742000000002,500,False,,500,36.285945,37.0,86.7
predict_disease,POST,238.39440000000423,500,False,,500,36.2860659,37.0,86.7
predict_disease,POST,248.27130000000608,500,False,,500,36.286137,37.0,86.7
predict_disease,POST,247.9118999999983,500,False,,500,36.2861864,37.0,86.7
predict_disease,POST,248.2262999999989,500,False,,500,36.2862385,37.0,86.7
predict_disease,POST,247.7651000000023,500,False,,500,36.2862897,37.0,86.7
predict_disease,POST,247.6489000000015,500,False,,500,36.2863419,37.0,86.7
predict_disease,POST,247.4115999999995,500,False,,500,36.2864476,37.0,86.7
predict_disease,POST,248.01860000000175,500,False,,500,36.2865028,37.0,86.7
predict_disease,POST,248.00630000000012,500,False,,500,36.2865565,37.0,86.7
predict_disease,POST,247.60609999999872,500,False,,500,36.2866105,37.0,86.7
predict_disease,POST,247.61069999999563,500,False,,500,36.2866629,37.0,86.7
predict_disease,POST,247.62680000000614,500,False,,500,36.2867183,37.0,86.7
predict_disease,POST,247.3892999999947,500,False,,500,36.2867692,37.0,86.7
predict_disease,POST,246.9408000000044,500,False,,500,36.2868242,37.0,86.7
predict_disease,POST,247.04880000000173,500,False,,500,36.2868795,37.0,86.7
predict_disease,POST,246.52350000000212,500,False,,500,36.2869331,37.0,86.7
predict_disease,POST,249.46680000000043,500,False,,500,36.2869873,37.0,86.7
predict_disease,POST,249.46700000000277,500,False,,500,36.2870407,37.0,86.7
predict_disease,POST,249.61880000000036,500,False,,500,36.2870932,37.0,86.7
predict_disease,POST,253.23660000000103,500,False,,500,36.2871477,37.0,86.7
predict_disease,POST,253.30739999999707,500,False,,500,36.2871991,37.0,86.7
predict_disease,POST,253.34780000000023,500,False,,500,36.2873023,37.0,86.7
predict_disease,POST,253.22349999999716,500,False,,500,36.2873584,37.0,86.7
predict_disease,POST,260.0666999999959,500,False,,500,36.2874125,37.0,86.7
predict_disease,POST,260.1039000000043,500,False,,500,36.2874791,37.0,86.7
predict_disease,POST,259.98570000000143,500,False,,500,36.2875371,37.0,86.7
predict_disease,POST,259.68459999999993,500,False,,500,36.2875913,37.0,86.7
predict_disease,POST,259.77400000000017,500,False,,500,36.2876437,37.0,86.7
predict_disease,POST,257.3495000000037,500,False,,500,36.2876956,37.0,86.7
predict_disease,POST,348.9998000000014,500,False,,500,36.2877498,37.0,86.7
predict_disease,POST,336.658700000001,500,False,,500,36.2878045,37.0,86.7
predict_disease,POST,332.9065,500,False,,500,36.2878572,37.0,86.7
predict_disease,POST,257.268499999995,500,False,,500,36.2879118,37.0,86.7
predict_disease,POST,257.2755999999998,500,False,,500,36.2879664,37.0,86.7
predict_disease,POST,259.5882999999972,500,False,,500,36.2880204,37.0,86.7
predict_disease,POST,257.54870000000096,500,False,,500,36.2880766,37.0,86.7
predict_disease,POST,257.2207999999989,500,False,,500,36.2881844,37.0,86.7
predict_disease,POST,256.5986000000038,500,False,,500,36.2882464,37.0,86.7
predict_disease,POST,256.80630000000093,500,False,,500,36.288306,37.0,86.7
predict_disease,POST,256.59809999999794,500,False,,500,36.2883682,37.0,86.7
predict_disease,POST,257.0821000000052,500,False,,500,36.2884275,37.0,86.7
predict_disease,POST,258.87300000000124,500,False,,500,36.2884818,37.0,86.7
predict_disease,POST,256.75269999999983,500,False,,500,36.2885359,37.0,86.7
predict_disease,POST,256.7578000000026,500,False,,500,36.2885899,37.0,86.7
predict_disease,POST,256.9262000000023,500,False,,500,36.288641,37.0,86.7
predict_disease,POST,256.7549000000042,500,False,,500,36.2886932,37.0,86.7
predict_disease,POST,260.19540000000063,500,False,,500,36.2887439,37.0,86.7
predict_disease,POST,263.9503999999988,500,False,,500,36.2888027,37.0,86.7
predict_disease,POST,259.9814000000009,500,False,,500,36.2888529,37.0,86.7
predict_disease,POST,259.9930000000015,500,False,,500,36.2889021,37.0,86.7
predict_disease,POST,263.6283000000006,500,False,,500,36.2889518,37.0,86.7
predict_disease,POST,259.70619999999656,500,False,,500,36.2890536,37.0,86.7
predict_disease,POST,272.08590000000044,500,False,,500,36.2891076,37.0,86.7
predict_disease,POST,272.7693000000002,500,False,,500,36.2891601,37.0,86.7
predict_disease,POST,272.62419999999565,500,False,,500,36.289211,37.0,86.7
predict_disease,POST,272.3798999999971,500,False,,500,36.2892614,37.0,86.7
predict_disease,POST,271.03790000000316,429,False,,500,36.2893136,37.0,86.7
predict_disease,POST,269.1309000000004,429,False,,500,36.2893648,37.0,86.7
predict_disease,POST,270.83379999999835,429,False,,500,36.2894184,37.0,86.7
predict_disease,POST,270.43050000000335,429,False,,500,36.2894837,37.0,86.7
predict_disease,POST,270.5781000000016,429,False,,500,36.2895402,37.0,86.7
predict_disease,POST,258.89190000000184,500,False,,500,36.2895924,37.0,86.7
predict_disease,POST,271.7887000000019,500,False,,500,36.2896424,37.0,86.7
predict_disease,POST,269.7636999999986,429,False,,500,36.289696,37.0,86.7
predict_disease,POST,269.4493999999992,429,False,,500,36.2897456,37.0,86.7
predict_disease,POST,271.5295999999938,500,False,,500,36.2897954,37.0,86.7
predict_disease,POST,270.5594999999974,429,False,,500,36.2898955,37.0,86.7
predict_disease,POST,268.8914000000011,429,False,,500,36.2899501,37.0,86.7
predict_disease,POST,271.73549999999835,500,False,,500,36.2900022,37.0,86.7
predict_disease,POST,271.49239999999963,500,False,,500,36.2900516,37.0,86.7
predict_disease,POST,285.47499999999815,500,False,,500,36.2901039,37.0,86.7
predict_disease,POST,285.5510000000052,500,False,,500,36.2901549,37.0,86.7
predict_disease,POST,285.17850000000067,500,False,,500,36.2902082,37.0,86.7
predict_disease,POST,295.6175999999999,500,False,,500,36.2902609,37.0,86.7
predict_disease,POST,292.75909999999783,500,False,,500,36.2903201,37.0,86.7
predict_disease,POST,295.9333000000015,500,False,,500,36.2903728,37.0,86.7
predict_disease,POST,293.07410000000544,500,False,,500,36.2904254,37.0,86.7
predict_disease,POST,295.5052000000009,500,False,,500,36.290482,37.0,86.7
predict_disease,POST,292.753900000001,500,False,,500,36.2905358,37.0,86.7
predict_disease,POST,306.1031000000014,500,False,,500,36.2905897,37.0,86.7
predict_disease,POST,302.6320000000027,500,False,,500,36.2906445,37.0,86.7
predict_disease,POST,302.7850000000001,500,False,,500,36.290749,37.0,86.7
predict_disease,POST,299.72839999999934,500,False,,500,36.2908061,37.0,86.7
predict_disease,POST,306.4467000000022,500,False,,500,36.290859,37.0,86.7
predict_disease,POST,299.18940000000305,500,False,,500,36.29091,37.0,86.7
predict_disease,POST,298.9559999999969,500,False,,500,36.2909627,37.0,86.7
predict_disease,POST,302.0391000000018,500,False,,500,36.2910167,37.0,86.7
predict_disease,POST,306.1152000000007,500,False,,500,36.2910701,37.0,86.7
predict_disease,POST,301.55440000000056,500,False,,500,36.2911257,37.0,86.7
predict_disease,POST,301.06059999999957,500,False,,500,36.2911764,37.0,86.7
predict_disease,POST,301.1512999999937,500,False,,500,36.2912267,37.0,86.7
predict_disease,POST,302.16589999999854,500,False,,500,36.291277,37.0,86.7
predict_disease,POST,306.1811999999975,500,False,,500,36.2913301,37.0,86.7
predict_disease,POST,301.42519999999706,500,False,,500,36.2913821,37.0,86.7
predict_disease,POST,301.47700000000555,500,False,,500,36.291433,37.0,86.7
predict_disease,POST,306.11600000000294,500,False,,500,36.2914951,37.0,86.7
predict_disease,POST,301.9838999999962,500,False,,500,36.2916025,37.0,86.7
predict_disease,POST,305.35830000000175,500,False,,500,36.2916558,37.0,86.7
predict_disease,POST,298.6721999999986,500,False,,500,36.2917079,37.0,86.7
predict_disease,POST,305.6505999999999,500,False,,500,36.2917613,37.0,86.7
predict_disease,POST,316.2686000000008,500,False,,500,36.2918143,37.0,86.7
predict_disease,POST,311.9727999999995,500,False,,500,36.2918645,37.0,86.7
predict_disease,POST,314.9031000000022,500,False,,500,36.2919134,37.0,86.7
predict_disease,POST,311.4988000000025,500,False,,500,36.291964,37.0,86.7
predict_disease,POST,315.0266999999971,500,False,,500,36.2920141,37.0,86.7
predict_disease,POST,314.00959999999856,500,False,,500,36.2920643,37.0,86.7
predict_disease,POST,314.5317999999975,500,False,,500,36.2921143,37.0,86.7
predict_disease,POST,314.776099999996,500,False,,500,36.2921625,37.0,86.7
predict_disease,POST,315.4875999999973,500,False,,500,36.2922141,37.0,86.7
predict_disease,POST,314.8932000000002,500,False,,500,36.2922645,37.0,86.7
predict_disease,POST,311.38320000000164,500,False,,500,36.2923538,37.0,86.7
predict_disease,POST,313.9818999999946,500,False,,500,36.2924093,37.0,86.7
predict_disease,POST,311.16510000000375,500,False,,500,36.2924631,37.0,86.7
predict_disease,POST,314.70290000000034,500,False,,500,36.2925154,37.0,86.7
predict_disease,POST,321.82930000000454,500,False,,500,36.2925651,37.0,86.7
predict_disease,POST,322.0984999999956,500,False,,500,36.2926166,37.0,86.7
predict_disease,POST,321.91910000000235,500,False,,500,36.2926667,37.0,86.7
predict_disease,POST,324.96070000000543,500,False,,500,36.2927147,37.0,86.7
predict_disease,POST,328.1439000000006,500,False,,500,36.2927652,37.0,86.7
predict_disease,POST,327.33089999999976,500,False,,500,36.2928154,37.0,86.7
predict_disease,POST,324.88380000000205,500,False,,500,36.2928639,37.0,86.7
predict_disease,POST,327.9297999999997,500,False,,500,36.2929123,37.0,86.7
predict_disease,POST,327.64189999999616,500,False,,500,36.2929619,37.0,86.7
predict_disease,POST,326.9395000000017,500,False,,500,36.2930126,37.0,86.7
predict_disease,POST,321.77439999999535,500,False,,500,36.2930616,37.0,86.7
predict_disease,POST,327.3298999999952,500,False,,500,36.2938277,37.0,86.7
predict_disease,POST,327.1751999999992,500,False,,500,36.2939165,37.0,86.7
predict_disease,POST,323.379199999998,500,False,,500,36.2939754,37.0,86.7
predict_disease,POST,323.4106999999966,500,False,,500,36.2940273,37.0,86.7
predict_disease,POST,320.839399999997,500,False,,500,36.2940817,37.0,86.7
predict_disease,POST,326.18349999999907,500,False,,500,36.2941331,37.0,86.7
predict_disease,POST,326.28050000000286,500,False,,500,36.2941827,37.0,86.7
predict_disease,POST,323.2939999999971,500,False,,500,36.2942338,37.0,86.7
predict_disease,POST,325.5351000000033,500,False,,500,36.2942834,37.0,86.7
predict_disease,POST,326.6251999999952,500,False,,500,36.2943325,37.0,86.7
predict_disease,POST,326.83990000000307,500,False,,500,36.2943813,37.0,86.7
predict_disease,POST,326.14759999999876,500,False,,500,36.2945293,37.0,86.7
predict_disease,POST,325.6536999999966,500,False,,500,36.294583,37.0,86.7
predict_disease,POST,325.90049999999593,500,False,,500,36.2946316,37.0,86.7
predict_disease,POST,326.3407000000029,500,False,,500,36.2946829,37.0,86.7
predict_disease,POST,326.5052999999938,500,False,,500,36.29478,37.0,86.7
predict_disease,POST,322.76839999999396,500,False,,500,36.2948353,37.0,86.7
predict_disease,POST,325.5035000000035,500,False,,500,36.2948885,37.0,86.7
predict_disease,POST,326.412100000006,500,False,,500,36.2949382,37.0,86.7
predict_disease,POST,324.66110000000015,500,False,,500,36.2949885,37.0,86.7
predict_disease,POST,326.37869999999936,500,False,,500,36.2950384,37.0,86.7
predict_disease,POST,328.1422999999961,500,False,,500,36.2950869,37.0,86.7
predict_disease,POST,328.16670000000414,500,False,,500,36.2951384,37.0,86.7
predict_disease,POST,339.10870000000415,500,False,,500,36.2951882,37.0,86.7
predict_disease,POST,332.8692999999987,429,False,,500,36.2952365,37.0,86.7
predict_disease,POST,333.2248999999976,429,False,,500,36.2952838,37.0,86.7
predict_disease,POST,333.0650999999989,429,False,,500,36.2953329,37.0,86.7
predict_disease,POST,332.9463999999973,429,False,,500,36.2953823,37.0,86.7
predict_disease,POST,339.0502999999967,500,False,,500,36.2954312,37.0,86.7
predict_disease,POST,332.9550999999995,429,False,,500,36.295489,37.0,86.7
predict_disease,POST,332.59220000000056,429,False,,500,36.2955892,37.0,86.7
predict_disease,POST,332.24660000000483,429,False,,500,36.2956442,37.0,86.7
predict_disease,POST,335.0432000000012,500,False,,500,36.2956962,37.0,86.7
predict_disease,POST,332.26050000000384,429,False,,500,36.295759,37.0,86.7
predict_disease,POST,338.3162000000013,500,False,,500,36.2958086,37.0,86.7
predict_disease,POST,334.60790000000173,500,False,,500,36.295857,37.0,86.7
predict_disease,POST,338.49629999999564,500,False,,500,36.2959073,37.0,86.7
predict_disease,POST,338.6718000000002,500,False,,500,36.2959547,37.0,86.7
predict_disease,POST,338.5530999999986,500,False,,500,36.2960061,37.0,86.7
predict_disease,POST,332.1990000000028,429,False,,500,36.2960541,37.0,86.7
predict_disease,POST,340.91980000000177,500,False,,500,36.2961035,37.0,86.7
predict_disease,POST,340.7391000000004,500,False,,500,36.2961542,37.0,86.7
predict_disease,POST,346.131800000002,500,False,,500,36.2962056,37.0,86.7
predict_disease,POST,354.1493999999972,500,False,,500,36.2962557,37.0,86.7
predict_disease,POST,352.0339000000021,500,False,,500,36.2963064,37.0,86.7
predict_disease,POST,351.81850000000026,500,False,,500,36.2964001,37.0,86.7
predict_disease,POST,361.31579999999985,500,False,,500,36.2964529,37.0,86.7
predict_disease,POST,359.52230000000185,500,False,,500,36.2965042,37.0,86.7
predict_disease,POST,361.1192999999986,500,False,,500,36.2965682,37.0,86.7
predict_disease,POST,359.5822999999996,500,False,,500,36.2966189,37.0,86.7
predict_disease,POST,359.237499999999,500,False,,500,36.2966689,37.0,86.7
predict_disease,POST,359.3731000000062,500,False,,500,36.2967227,37.0,86.7
predict_disease,POST,359.37609999999864,500,False,,500,36.2967798,37.0,86.7
predict_disease,POST,369.37490000000395,500,False,,500,36.2968311,37.0,86.7
predict_disease,POST,372.13550000000595,500,False,,500,36.2968863,37.0,86.7
predict_disease,POST,368.9122999999981,500,False,,500,36.2969364,37.0,86.7
predict_disease,POST,368.60569999999626,500,False,,500,36.2969857,37.0,86.7
predict_disease,POST,368.99170000000225,500,False,,500,36.2970445,37.0,86.7
predict_disease,POST,371.269599999998,500,False,,500,36.2970978,37.0,86.7
predict_disease,POST,366.2015999999966,500,False,,500,36.2971468,37.0,86.7
predict_disease,POST,469.14730000000304,500,False,,500,36.2972465,37.0,86.7
predict_disease,POST,457.47360000000015,500,False,,500,36.2973089,37.0,86.7
predict_disease,POST,366.1924999999968,500,False,,500,36.297359,37.0,86.7
predict_disease,POST,371.54130000000407,500,False,,500,36.2974075,37.0,86.7
predict_disease,POST,371.27930000000475,500,False,,500,36.2974586,37.0,86.7
predict_disease,POST,365.5165999999994,500,False,,500,36.2975219,37.0,86.7
predict_disease,POST,378.509600000001,500,False,,500,36.2975736,37.0,86.7
predict_disease,POST,378.5217000000003,500,False,,500,36.297623,37.0,86.7
predict_disease,POST,372.98520000000224,500,False,,500,36.2976738,37.0,86.7
predict_disease,POST,378.2956000000013,500,False,,500,36.2977242,37.0,86.7
predict_disease,POST,679.725899999994,500,False,,500,36.2977745,37.0,86.7
predict_disease,POST,378.124899999996,500,False,,500,36.297823,37.0,86.7
predict_disease,POST,377.93820000000267,500,False,,500,36.2978958,37.0,86.7
predict_disease,POST,462.49819999999886,500,False,,500,36.2979712,37.0,86.7
predict_disease,POST,382.093900000001,500,False,,500,36.2980458,37.0,86.7
predict_disease,POST,381.4358999999996,500,False,,500,36.2983982,37.0,86.7
predict_disease,POST,381.22549999999933,500,False,,500,36.2985209,37.0,86.7
predict_disease,POST,381.55280000000147,500,False,,500,36.2986354,37.0,86.7
predict_disease,POST,381.21459999999985,500,False,,500,36.2987352,37.0,86.7
predict_disease,POST,380.82800000000105,500,False,,500,36.2987914,37.0,86.7
predict_disease,POST,381.0531000000026,500,False,,500,36.2988441,37.0,86.7
predict_disease,POST,381.1042000000029,500,False,,500,36.298896,37.0,86.7
predict_disease,POST,381.1540000000022,500,False,,500,36.2989484,37.0,86.7
predict_disease,POST,381.0501999999971,500,False,,500,36.2990019,37.0,86.7
predict_disease,POST,388.1218000000004,500,False,,500,36.2990537,37.0,86.7
predict_disease,POST,388.510200000006,500,False,,500,36.2991092,37.0,86.7
predict_disease,POST,388.89199999999846,500,False,,500,36.2991671,37.0,86.7
predict_disease,POST,388.5575999999986,500,False,,500,36.2992213,37.0,86.7
predict_disease,POST,388.4078000000031,500,False,,500,36.2992736,37.0,86.7
predict_disease,POST,388.0611000000016,500,False,,500,36.299361,37.0,86.7
predict_disease,POST,389.747100000001,500,False,,500,36.299464,37.0,86.7
predict_disease,POST,388.0307999999957,500,False,,500,36.2995347,37.0,86.7
predict_disease,POST,388.3566000000016,500,False,,500,36.299599,37.0,86.7
predict_disease,POST,387.6755000000003,500,False,,500,36.2996841,37.0,86.7
predict_disease,POST,388.0815999999996,500,False,,500,36.2997686,37.0,86.7
predict_disease,POST,387.38479999999953,500,False,,500,36.2999026,37.0,86.7
predict_disease,POST,387.3882999999978,500,False,,500,36.3001347,37.0,86.7
predict_disease,POST,387.2394000000057,500,False,,500,36.3002414,37.0,86.7
predict_disease,POST,398.17400000000447,500,False,,500,36.3003297,37.0,86.7
predict_disease,POST,397.9314000000045,500,False,,500,36.3004123,37.0,86.7
predict_disease,POST,394.65859999999964,500,False,,500,36.3004875,37.0,86.7
predict_disease,POST,394.66350000000006,500,False,,500,36.3005662,37.0,86.7
predict_disease,POST,397.6054000000033,500,False,,500,36.3006421,37.0,86.7
predict_disease,POST,394.03320000000264,500,False,,500,36.3007162,37.0,86.7
predict_disease,POST,394.01459999999844,500,False,,500,36.300792,37.0,86.7
predict_disease,POST,393.94580000000445,500,False,,500,36.3009096,37.0,86.7
predict_disease,POST,394.3618999999998,500,False,,500,36.3009824,37.0,86.7
predict_disease,POST,397.54709999999704,500,False,,500,36.3010346,37.0,86.7
predict_disease,POST,390.6830000000028,500,False,,500,36.3010902,37.0,86.7
predict_disease,POST,393.48739999999793,500,False,,500,36.3011434,37.0,86.7
predict_disease,POST,394.2563000000021,500,False,,500,36.3012003,37.0,86.7
predict_disease,POST,390.58390000000287,500,False,,500,36.3012556,37.0,86.7
predict_disease,POST,394.0923999999981,500,False,,500,36.3013104,37.0,86.7
predict_disease,POST,390.55510000000027,500,False,,500,36.301364,37.0,86.7
predict_disease,POST,393.51959999999764,500,False,,500,36.3014372,37.0,86.7
predict_disease,POST,393.3996000000022,500,False,,500,36.3015069,37.0,86.7
predict_disease,POST,397.08650000000034,500,False,,500,36.3015693,37.0,86.7
predict_disease,POST,393.3863000000031,500,False,,500,36.3016405,37.0,86.7
predict_disease,POST,396.44160000000284,500,False,,500,36.3017026,37.0,86.7
predict_disease,POST,389.87490000000236,500,False,,500,36.3018046,37.0,86.7
predict_disease,POST,396.5515999999951,500,False,,500,36.3018762,37.0,86.7
predict_disease,POST,405.03410000000173,500,False,,500,36.3020547,37.0,86.7
predict_disease,POST,404.8354000000032,500,False,,500,36.3021703,37.0,86.7
predict_disease,POST,403.7308000000053,500,False,,500,36.3022698,37.0,86.7
predict_disease,POST,404.8811999999984,500,False,,500,36.3023576,37.0,86.7
predict_disease,POST,400.5451000000022,500,False,,500,36.3024367,37.0,86.7
predict_disease,POST,404.65119999999644,500,False,,500,36.3025135,37.0,86.7
predict_disease,POST,400.32529999999866,500,False,,500,36.3025903,37.0,86.7
predict_disease,POST,404.648899999998,500,False,,500,36.3026647,37.0,86.7
predict_disease,POST,404.65059999999653,500,False,,500,36.3027388,37.0,86.7
predict_disease,POST,403.64499999999737,429,False,,500,36.3028338,37.0,86.7
predict_disease,POST,403.2022999999967,429,False,,500,36.3029066,37.0,86.7
predict_disease,POST,403.2264000000012,429,False,,500,36.3029815,37.0,86.7
predict_disease,POST,402.79999999999916,429,False,,500,36.3030568,37.0,86.7
predict_disease,POST,403.18849999999884,429,False,,500,36.3032036,37.0,86.7
predict_disease,POST,403.01159999999925,429,False,,500,36.3032884,37.0,86.7
predict_disease,POST,404.21749999999435,500,False,,500,36.3033683,37.0,86.7
predict_disease,POST,403.3140999999958,500,False,,500,36.3034442,37.0,86.7
predict_disease,POST,403.4077000000025,500,False,,500,36.3035163,37.0,86.7
predict_disease,POST,403.00260000000065,500,False,,500,36.3035872,37.0,86.7
predict_disease,POST,402.89389999999514,500,False,,500,36.3037836,37.0,86.7
predict_disease,POST,410.2583000000024,500,False,,500,36.3039561,37.0,86.7
predict_disease,POST,409.844200000002,500,False,,500,36.3040933,37.0,86.7
predict_disease,POST,416.57109999999875,500,False,,500,36.3041884,37.0,86.7
predict_disease,POST,416.3269000000014,500,False,,500,36.3042744,37.0,86.7
predict_disease,POST,423.11939999999737,500,False,,500,36.3043538,37.0,86.7
predict_disease,POST,423.1531000000004,500,False,,500,36.3044328,37.0,86.7
predict_disease,POST,422.8193999999945,500,False,,500,36.3045151,37.0,86.7
predict_disease,POST,422.5398000000027,500,False,,500,36.3045942,37.0,86.7
predict_disease,POST,422.92249999999854,500,False,,500,36.3047417,37.0,86.7
predict_disease,POST,428.43560000000025,500,False,,500,36.3047985,37.0,86.7
insurance_match,POST,496.061399999995,200,True,,100,39.0020742,34.9,86.8
insurance_match,POST,495.42710000000056,200,True,,100,39.0026065,34.9,86.8
insurance_match,POST,494.79329999999777,200,True,,100,39.0028968,34.9,86.8
insurance_match,POST,494.7814000000008,200,True,,100,39.0031506,34.9,86.8
insurance_match,POST,494.5132000000001,200,True,,100,39.0033652,34.9,86.8
insurance_match,POST,494.66669999999624,200,True,,100,39.0035576,34.9,86.8
insurance_match,POST,494.2406000000048,200,True,,100,39.0037434,34.9,86.8
insurance_match,POST,493.8465999999977,200,True,,100,39.003922,34.9,86.8
insurance_match,POST,493.9834999999988,200,True,,100,39.0041006,34.9,86.8
insurance_match,POST,493.97409999999553,200,True,,100,39.0042844,34.9,86.8
insurance_match,POST,124.24269999999638,200,True,,100,39.0044143,34.9,86.8
insurance_match,POST,95.7545000000053,200,True,,100,39.0045496,34.9,86.8
insurance_match,POST,122.86650000000066,200,True,,100,39.0048016,34.9,86.8
insurance_match,POST,97.3104000000049,200,True,,100,39.0050276,34.9,86.8
insurance_match,POST,124.00490000000275,200,True,,100,39.005286,34.9,86.8
insurance_match,POST,99.35619999999545,200,True,,100,39.0054828,34.9,86.8
insurance_match,POST,98.75920000000349,200,True,,100,39.0057172,34.9,86.8
insurance_match,POST,122.00999999999596,200,True,,100,39.00592,34.9,86.8
insurance_match,POST,122.52260000000348,200,True,,100,39.0061974,34.9,86.8
insurance_match,POST,121.30880000000133,200,True,,100,39.006482,34.9,86.8
insurance_match,POST,121.54300000000262,200,True,,100,39.0066883,34.9,86.8
insurance_match,POST,121.46539999999817,200,True,,100,39.0070043,34.9,86.8
insurance_match,POST,98.55799999999704,200,True,,100,39.0072891,34.9,86.8
insurance_match,POST,490.49639999999783,200,True,,100,39.0076921,34.9,86.8
insurance_match,POST,489.751499999997,200,True,,100,39.0080735,34.9,86.8
insurance_match,POST,91.68290000000212,200,True,,100,39.0083748,34.9,86.8
insurance_match,POST,97.11270000000383,200,True,,100,39.0085802,34.9,86.8
insurance_match,POST,119.51109999999687,200,True,,100,39.0087782,34.9,86.8
insurance_match,POST,118.8914999999966,200,True,,100,39.0089733,34.9,86.8
insurance_match,POST,118.95140000000026,200,True,,100,39.0091628,34.9,86.8
insurance_match,POST,118.82409999999766,200,True,,100,39.0093486,34.9,86.8
insurance_match,POST,118.19690000000094,200,True,,100,39.0095322,34.9,86.8
insurance_match,POST,119.49339999999609,200,True,,100,39.0097378,34.9,86.8
insurance_match,POST,118.28790000000566,200,True,,100,39.010062,34.9,86.8
insurance_match,POST,117.46269999999726,200,True,,100,39.0105328,34.9,86.8
insurance_match,POST,117.19659999999976,200,True,,100,39.0108586,34.9,86.8
insurance_match,POST,115.73900000000492,200,True,,100,39.0110993,34.9,86.8
insurance_match,POST,95.91249999999718,200,True,,100,39.0113025,34.9,86.8
insurance_match,POST,95.89530000000224,200,True,,100,39.0114903,34.9,86.8
insurance_match,POST,116.86480000000188,200,True,,100,39.0116655,34.9,86.8
insurance_match,POST,95.77949999999902,200,True,,100,39.0118429,34.9,86.8
insurance_match,POST,91.81879999999865,200,True,,100,39.0120219,34.9,86.8
insurance_match,POST,133.61099999999482,200,True,,100,39.0122215,34.9,86.8
insurance_match,POST,133.52319999999906,200,True,,100,39.012519,34.9,86.8
insurance_match,POST,116.21499999999685,200,True,,100,39.0127102,34.9,86.8
insurance_match,POST,95.0163000000046,200,True,,100,39.0128833,34.9,86.8
insurance_match,POST,115.53939999999585,200,True,,100,39.0130533,34.9,86.8
insurance_match,POST,114.36950000000223,200,True,,100,39.0132377,34.9,86.8
insurance_match,POST,93.02499999999725,200,True,,100,39.0134569,34.9,86.8
insurance_match,POST,115.308799999994,200,True,,100,39.0136784,34.9,86.8
insurance_match,POST,113.07060000000035,200,True,,100,39.0138959,34.9,86.8
insurance_match,POST,89.44719999999506,200,True,,100,39.0142286,34.9,86.8
insurance_match,POST,114.44939999999804,200,True,,100,39.0146004,34.9,86.8
insurance_match,POST,91.68999999999983,200,True,,100,39.0151207,34.9,86.8
insurance_match,POST,90.50110000000444,200,True,,100,39.0154972,34.9,86.8
insurance_match,POST,111.68969999999945,200,True,,100,39.0158542,34.9,86.8
insurance_match,POST,112.1988000000016,200,True,,100,39.0162094,34.9,86.8
insurance_match,POST,87.42360000000104,200,True,,100,39.0168263,34.9,86.8
insurance_match,POST,87.39539999999835,200,True,,100,39.0173545,34.9,86.8
insurance_match,POST,87.6418000000001,200,True,,100,39.0176113,34.9,86.8
insurance_match,POST,87.47410000000144,200,True,,100,39.018017,34.9,86.8
insurance_match,POST,85.77030000000008,200,True,,100,39.0182999,34.9,86.8
insurance_match,POST,83.58559999999926,200,True,,100,39.0185994,34.9,86.8
insurance_match,POST,84.38310000000371,200,True,,100,39.0189287,34.9,86.8
insurance_match,POST,83.50889999999822,200,True,,100,39.0193165,34.9,86.8
insurance_match,POST,85.52129999999636,200,True,,100,39.0195492,34.9,86.8
insurance_match,POST,107.43949999999813,200,True,,100,39.0197412,34.9,86.8
insurance_match,POST,83.61620000000158,200,True,,100,39.0199104,34.9,86.8
insurance_match,POST,107.40609999999862,200,True,,100,39.020075,34.9,86.8
insurance_match,POST,86.31900000000314,200,True,,100,39.0203243,34.9,86.8
insurance_match,POST,85.6934000000038,200,True,,100,39.0206191,34.9,86.8
insurance_match,POST,106.28210000000138,200,True,,100,39.0208357,34.9,86.8
insurance_match,POST,79.56709999999845,200,True,,100,39.0210062,34.9,86.8
insurance_match,POST,105.8718999999968,200,True,,100,39.0211764,34.9,86.8
insurance_match,POST,86.80740000000498,200,True,,100,39.0214564,34.9,86.8
insurance_match,POST,124.29390000000495,200,True,,100,39.0216296,34.9,86.8
insurance_match,POST,124.20149999999808,200,True,,100,39.021785,34.9,86.8
insurance_match,POST,78.98509999999703,200,True,,100,39.0219401,34.9,86.8
insurance_match,POST,78.11550000000267,200,True,,100,39.0221065,34.9,86.8
insurance_match,POST,80.3519000000037,200,True,,100,39.0222571,34.9,86.8
insurance_match,POST,85.68569999999909,200,True,,100,39.0224096,34.9,86.8
insurance_match,POST,106.30629999999996,200,True,,100,39.0225556,34.9,86.8
insurance_match,POST,84.3220999999943,200,True,,100,39.022702,34.9,86.8
insurance_match,POST,123.3530000000016,200,True,,100,39.0228456,34.9,86.8
insurance_match,POST,123.15959999999393,200,True,,100,39.0230894,34.9,86.8
insurance_match,POST,104.16780000000614,200,True,,100,39.023253,34.9,86.8
insurance_match,POST,78.20079999999763,200,True,,100,39.0234025,34.9,86.8
insurance_match,POST,82.60150000000266,200,True,,100,39.0235463,34.9,86.8
insurance_match,POST,105.41479999999837,200,True,,100,39.0236983,34.9,86.8
insurance_match,POST,122.44709999999515,200,True,,100,39.02385,34.9,86.8
insurance_match,POST,104.8051000000001,200,True,,100,39.023989,34.9,86.8
insurance_match,POST,122.0458000000022,200,True,,100,39.0241025,34.9,86.8
insurance_match,POST,104.96290000000386,200,True,,100,39.0242094,34.9,86.8
insurance_match,POST,103.04710000000483,200,True,,100,39.0243135,34.9,86.8
insurance_match,POST,121.67490000000214,200,True,,100,39.024421,34.9,86.8
insurance_match,POST,101.85280000000319,200,True,,100,39.0254499,34.9,86.8
insurance_match,POST,101.67920000000663,200,True,,100,39.0255641,34.9,86.8
insurance_match,POST,77.36510000000152,200,True,,100,39.0256714,34.9,86.8
insurance_match,POST,74.98530000000159,200,True,,100,39.0257758,34.9,86.8
insurance_match,POST,82.54009999999568,200,True,,100,39.0258844,34.9,86.8
insurance_match,POST,86.45920000000018,200,True,,100,39.1105447,34.9,86.8
insurance_match,POST,87.5771000000043,200,True,,100,39.111115,34.9,86.8
insurance_match,POST,111.59389999999547,200,True,,100,39.1116943,34.9,86.8
insurance_match,POST,86.60160000000161,200,True,,100,39.1122389,34.9,86.8
insurance_match,POST,108.5250000000002,200,True,,100,39.1129164,34.9,86.8
insurance_match,POST,107.88670000000167,200,True,,100,39.1134372,34.9,86.8
insurance_match,POST,107.29750000000138,200,True,,100,39.1138949,34.9,86.8
insurance_match,POST,106.5035000000023,200,True,,100,39.1142986,34.9,86.8
insurance_match,POST,109.24750000000216,200,True,,100,39.1146734,34.9,86.8
insurance_match,POST,104.96479999999764,200,True,,100,39.1150778,34.9,86.8
insurance_match,POST,83.64079999999774,200,True,,100,39.1154911,34.9,86.8
insurance_match,POST,104.37329999999889,200,True,,100,39.115933,34.9,86.8
insurance_match,POST,107.27880000000312,200,True,,100,39.1164384,34.9,86.8
insurance_match,POST,80.85249999999888,200,True,,100,39.1168475,34.9,86.8
insurance_match,POST,106.37150000000162,200,True,,100,39.1172684,34.9,86.8
insurance_match,POST,106.17760000000231,200,True,,100,39.1176787,34.9,86.8
insurance_match,POST,80.47970000000504,200,True,,100,39.1185049,34.9,86.8
insurance_match,POST,102.22490000000306,200,True,,100,39.120411,34.9,86.8
insurance_match,POST,101.48389999999807,200,True,,100,39.1208286,34.9,86.8
insurance_match,POST,101.66260000000449,200,True,,100,39.1212326,34.9,86.8
insurance_match,POST,100.22359999999964,200,True,,100,39.1217678,34.9,86.8
insurance_match,POST,73.37150000000037,200,True,,100,39.1225189,34.9,86.8
insurance_match,POST,98.76879999999488,200,True,,100,39.1231153,34.9,86.8
insurance_match,POST,98.2619999999983,200,True,,100,39.1235049,34.9,86.8
insurance_match,POST,99.90350000000348,200,True,,100,39.1238853,34.9,86.8
insurance_match,POST,74.28010000000285,200,True,,100,39.1242515,34.9,86.8
insurance_match,POST,71.69380000000558,200,True,,100,39.1246027,34.9,86.8
insurance_match,POST,73.25939999999775,200,True,,100,39.1247922,34.9,86.8
insurance_match,POST,73.29670000000021,200,True,,100,39.1249556,34.9,86.8
insurance_match,POST,74.35339999999968,200,True,,100,39.1251217,34.9,86.8
insurance_match,POST,71.06989999999769,200,True,,100,39.1254343,34.9,86.8
insurance_match,POST,74.0095000000025,200,True,,100,39.1256255,34.9,86.8
insurance_match,POST,71.36049999999727,200,True,,100,39.1257923,34.9,86.8
insurance_match,POST,73.3200000000025,200,True,,100,39.1259595,34.9,86.8
insurance_match,POST,70.77009999999717,200,True,,100,39.1260774,34.9,86.8
insurance_match,POST,72.1781999999962,200,True,,100,39.1261919,34.9,86.8
insurance_match,POST,70.35839999999638,200,True,,100,39.1263287,34.9,86.8
insurance_match,POST,97.08509999999393,200,True,,100,39.1264577,34.9,86.8
insurance_match,POST,482.08980000000423,200,True,,100,39.1265776,34.9,86.8
insurance_match,POST,481.7410999999936,200,True,,100,39.1266979,34.9,86.8
insurance_match,POST,164.8834000000008,200,True,,100,39.1312213,34.9,86.8
insurance_match,POST,150.83729999999917,200,True,,100,39.1316569,34.9,86.8
insurance_match,POST,158.4582999999995,200,True,,100,39.1319605,34.9,86.8
insurance_match,POST,158.03589999999446,200,True,,100,39.1322144,34.9,86.8
insurance_match,POST,108.96670000000341,200,True,,100,39.1324499,34.9,86.8
insurance_match,POST,109.14119999999627,200,True,,100,39.1327216,34.9,86.8
insurance_match,POST,108.44190000000253,200,True,,100,39.1332281,34.9,86.8
insurance_match,POST,107.14979999999485,200,True,,100,39.1335666,34.9,86.8
insurance_match,POST,110.61389999999705,200,True,,100,39.1338461,34.9,86.8
insurance_match,POST,114.42790000000258,200,True,,100,39.1341105,34.9,86.8
insurance_match,POST,114.7159000000002,200,True,,100,39.1345539,34.9,86.8
insurance_match,POST,112.48530000000301,200,True,,100,39.1350936,34.9,86.8
insurance_match,POST,110.10190000000364,200,True,,100,39.1360921,34.9,86.8
insurance_match,POST,111.25520000000222,200,True,,100,39.1365601,34.9,86.8
insurance_match,POST,106.71549999999996,200,True,,100,39.1368648,34.9,86.8
insurance_match,POST,107.90180000000049,200,True,,100,39.1371259,34.9,86.8
insurance_match,POST,106.81269999999898,200,True,,100,39.1374766,34.9,86.8
insurance_match,POST,110.37720000000206,200,True,,100,39.1386487,34.9,86.8
insurance_match,POST,104.97569999999712,200,True,,100,39.1389693,34.9,86.8
insurance_match,POST,105.63469999999597,200,True,,100,39.1392157,34.9,86.8
insurance_match,POST,106.88119999999657,200,True,,100,39.1394705,34.9,86.8
insurance_match,POST,106.97689999999938,200,True,,100,39.1397372,34.9,86.8
insurance_match,POST,104.24300000000386,200,True,,100,39.1404351,34.9,86.8
insurance_match,POST,102.9233000000005,200,True,,100,39.1411967,34.9,86.8
insurance_match,POST,106.53599999999841,200,True,,100,39.1416398,34.9,86.8
insurance_match,POST,104.05219999999815,200,True,,100,39.1419743,34.9,86.8
insurance_match,POST,103.60510000000289,200,True,,100,39.1422513,34.9,86.8
insurance_match,POST,102.8607000000008,200,True,,100,39.1425171,34.9,86.8
insurance_match,POST,102.41750000000138,200,True,,100,39.1427866,34.9,86.8
insurance_match,POST,100.72379999999725,200,True,,100,39.1430443,34.9,86.8
insurance_match,POST,99.62790000000155,200,True,,100,39.1435928,34.9,86.8
insurance_match,POST,98.70430000000141,200,True,,100,39.1438505,34.9,86.8
insurance_match,POST,98.2758999999973,200,True,,100,39.1440895,34.9,86.8
insurance_match,POST,97.88390000000646,200,True,,100,39.1443203,34.9,86.8
insurance_match,POST,98.19840000000113,200,True,,100,39.144553,34.9,86.8
insurance_match,POST,98.58800000000656,200,True,,100,39.1448049,34.9,86.8
insurance_match,POST,97.87250000000114,200,True,,100,39.1450455,34.9,86.8
insurance_match,POST,97.78829999999772,200,True,,100,39.1452842,34.9,86.8
insurance_match,POST,96.52659999999713,200,True,,100,39.1455129,34.9,86.8
insurance_match,POST,97.93449999999382,200,True,,100,39.1475774,34.9,86.8
insurance_match,POST,97.88550000000384,200,True,,100,39.1478067,34.9,86.8
insurance_match,POST,99.20890000000071,200,True,,100,39.147985,34.9,86.8
insurance_match,POST,124.82289999999807,200,True,,100,39.1481409,34.9,86.8
insurance_match,POST,124.53909999999979,200,True,,100,39.1482937,34.9,86.8
insurance_match,POST,123.79190000000051,200,True,,100,39.14844,34.9,86.8
insurance_match,POST,123.83519999999493,200,True,,100,39.148555,34.9,86.8
insurance_match,POST,124.03249999999844,200,True,,100,39.1486661,34.9,86.8
insurance_match,POST,123.79109999999827,200,True,,100,39.1487708,34.9,86.8
insurance_match,POST,90.02799999999667,200,True,,100,39.2005119,34.9,86.8
insurance_match,POST,84.69450000000478,200,True,,100,39.2013481,34.9,86.8
insurance_match,POST,83.16620000000086,200,True,,100,39.2019961,34.9,86.8
insurance_match,POST,82.08729999999775,200,True,,100,39.2024654,34.9,86.8
insurance_match,POST,82.12120000000311,200,True,,100,39.2028848,34.9,86.8
insurance_match,POST,82.23219999999998,200,True,,100,39.2032852,34.9,86.8
insurance_match,POST,81.24519999999791,200,True,,100,39.2036438,34.9,86.8
insurance_match,POST,81.23889999999534,200,True,,100,39.2041612,34.9,86.8
insurance_match,POST,81.16340000000122,200,True,,100,39.2047959,34.9,86.8
insurance_match,POST,80.57039999999915,200,True,,100,39.2052442,34.9,86.8
insurance_match,POST,79.82089999999431,200,True,,100,39.2058115,34.9,86.8
insurance_match,POST,77.60569999999944,200,True,,100,39.2068328,34.9,86.8
insurance_match,POST,78.34280000000149,200,True,,100,39.2073962,34.9,86.8
insurance_match,POST,77.46399999999909,200,True,,100,39.2078194,34.9,86.8
insurance_match,POST,75.88770000000267,200,True,,100,39.2082579,34.9,86.8
insurance_match,POST,75.64699999999647,200,True,,100,39.2086641,34.9,86.8
insurance_match,POST,76.87899999999814,200,True,,100,39.2090067,34.9,86.8
insurance_match,POST,72.4349999999987,200,True,,100,39.2122248,34.9,86.8
insurance_match,POST,71.94319999999976,200,True,,100,39.2128282,34.9,86.8
insurance_match,POST,81.85319999999763,200,True,,100,39.22844,34.9,86.8
insurance_match,POST,95.42450000000002,200,True,,100,39.2294113,34.9,86.8
insurance_match,POST,94.29000000000087,200,True,,100,39.2301042,34.9,86.8
insurance_match,POST,94.30580000000077,200,True,,100,39.2306069,34.9,86.8
insurance_match,POST,93.46519999999714,200,True,,100,39.2310128,34.9,86.8
insurance_match,POST,92.73230000000154,200,True,,100,39.2314343,34.9,86.8
insurance_match,POST,92.8485999999964,200,True,,100,39.2318142,34.9,86.8
insurance_match,POST,91.81660000000136,200,True,,100,39.2321969,34.9,86.8
insurance_match,POST,83.2398000000012,200,True,,100,39.232589,34.9,86.8
insurance_match,POST,83.98499999999842,200,True,,100,39.2330068,34.9,86.8
insurance_match,POST,82.71640000000247,200,True,,100,39.2341221,34.9,86.8
insurance_match,POST,81.48719999999798,200,True,,100,39.2348937,34.9,86.8
insurance_match,POST,81.06049999999954,200,True,,100,39.235562,34.9,86.8
insurance_match,POST,89.05899999999889,200,True,,100,39.2360457,34.9,86.8
insurance_match,POST,88.44299999999805,200,True,,100,39.2365386,34.9,86.8
insurance_match,POST,79.0994999999981,200,True,,100,39.2370224,34.9,86.8
insurance_match,POST,86.38930000000045,200,True,,100,39.2377078,34.9,86.8
insurance_match,POST,84.33680000000265,200,True,,100,39.2395121,34.9,86.8
insurance_match,POST,85.00310000000155,200,True,,100,39.240044,34.9,86.8
insurance_match,POST,82.86109999999525,200,True,,100,39.2517617,34.9,86.8
insurance_match,POST,81.77870000000098,200,True,,100,39.2526971,34.9,86.8
insurance_match,POST,81.43759999999389,200,True,,100,39.2532915,34.9,86.8
insurance_match,POST,88.13589999999749,200,True,,100,39.2536952,34.9,86.8
insurance_match,POST,104.30819999999841,200,True,,100,39.2540272,34.9,86.8
insurance_match,POST,85.65649999999891,200,True,,100,39.2547853,34.9,86.8
insurance_match,POST,86.02559999999926,200,True,,100,39.2554273,34.9,86.8
insurance_match,POST,86.17110000000139,200,True,,100,39.2559239,34.9,86.8
insurance_match,POST,85.50950000000057,200,True,,100,39.2564544,34.9,86.8
insurance_match,POST,102.86649999999753,200,True,,100,39.256919,34.9,86.8
insurance_match,POST,146.2676000000016,200,True,,100,39.2573475,34.9,86.8
insurance_match,POST,101.76179999999846,200,True,,100,39.257734,34.9,86.8
insurance_match,POST,83.15309999999698,200,True,,100,39.2581599,34.9,86.8
insurance_match,POST,82.25200000000399,200,True,,100,39.2588576,34.9,86.8
insurance_match,POST,77.46369999999558,200,True,,100,39.2594032,34.9,86.8
insurance_match,POST,82.4120999999991,200,True,,100,39.2597724,34.9,86.8
insurance_match,POST,80.62020000000558,200,True,,100,39.2601312,34.9,86.8
insurance_match,POST,80.09429999999895,200,True,,100,39.2614982,34.9,86.8
insurance_match,POST,98.23339999999803,200,True,,100,39.2619618,34.9,86.8
insurance_match,POST,79.8704999999984,200,True,,100,39.2623727,34.9,86.8
insurance_match,POST,78.45689999999905,200,True,,100,39.2627168,34.9,86.8
insurance_match,POST,77.90140000000179,200,True,,100,39.2630647,34.9,86.8
insurance_match,POST,77.27369999999922,200,True,,100,39.2635462,34.9,86.8
insurance_match,POST,153.17399999999992,200,True,,100,39.2639821,34.9,86.8
insurance_match,POST,153.29119999999818,200,True,,100,39.2645768,34.9,86.8
insurance_match,POST,75.58430000000271,200,True,,100,39.2650206,34.9,86.8
insurance_match,POST,74.73780000000119,200,True,,100,39.2654558,34.9,86.8
insurance_match,POST,112.32489999999729,200,True,,100,39.2658758,34.9,86.8
insurance_match,POST,112.43199999999831,200,True,,100,39.2663389,34.9,86.8
insurance_match,POST,90.91709999999864,200,True,,100,39.26681,34.9,86.8
insurance_match,POST,149.37590000000256,200,True,,100,39.267672,34.9,86.8
insurance_match,POST,93.28459999999694,200,True,,100,39.2682797,34.9,86.8
insurance_match,POST,92.06819999999993,200,True,,100,39.2688361,34.9,86.8
insurance_match,POST,89.75450000000507,200,True,,100,39.2692771,34.9,86.8
insurance_match,POST,109.19650000000303,200,True,,100,39.2698817,34.9,86.8
insurance_match,POST,108.34000000000543,200,True,,100,39.2705869,34.9,86.8
insurance_match,POST,107.32370000000202,200,True,,100,39.2712718,34.9,86.8
insurance_match,POST,106.70849999999632,200,True,,100,39.2717138,34.9,86.8
insurance_match,POST,104.63589999999812,200,True,,100,39.2762918,34.9,86.8
insurance_match,POST,102.48380000000168,200,True,,100,39.2769973,34.9,86.8
insurance_match,POST,101.52060000000063,200,True,,100,39.2778162,34.9,86.8
insurance_match,POST,101.39649999999989,200,True,,100,39.27859,34.9,86.8
insurance_match,POST,100.53500000000071,200,True,,100,39.2791436,34.9,86.8
insurance_match,POST,100.22740000000141,200,True,,100,39.2796083,34.9,86.8
insurance_match,POST,95.57960000000065,200,True,,100,39.2836043,34.9,86.8
insurance_match,POST,103.46529999999632,200,True,,100,39.2863856,34.9,86.8
insurance_match,POST,103.23499999999797,200,True,,100,39.2867273,34.9,86.8
insurance_match,POST,102.80600000000106,200,True,,100,39.2868707,34.9,86.8
insurance_match,POST,104.82420000000303,200,True,,100,39.2870007,34.9,86.8
insurance_match,POST,105.29069999999763,200,True,,100,39.2871472,34.9,86.8
insurance_match,POST,105.46850000000063,200,True,,100,39.2872712,34.9,86.8
insurance_match,POST,105.19779999999912,200,True,,100,39.2873899,34.9,86.8
insurance_match,POST,104.67700000000235,200,True,,100,39.2875046,34.9,86.8
insurance_match,POST,102.85179999999627,200,True,,100,39.2876211,34.9,86.8
insurance_match,POST,105.14450000000153,200,True,,100,39.2877328,34.9,86.8
insurance_match,POST,104.1363000000004,200,True,,100,39.2878441,34.9,86.8
insurance_match,POST,104.36500000000137,200,True,,100,39.2879704,34.9,86.8
insurance_match,POST,102.75709999999805,200,True,,100,39.2880794,34.9,86.8
insurance_match,POST,101.99599999999975,200,True,,100,39.2881885,34.9,86.8
insurance_match,POST,102.96160000000043,200,True,,100,39.2883092,34.9,86.8
insurance_match,POST,101.91899999999521,200,True,,100,39.2884169,34.9,86.8
insurance_match,POST,103.14650000000114,200,True,,100,39.2885227,34.9,86.8
insurance_match,POST,101.67870000000079,200,True,,100,39.2898207,34.9,86.8
insurance_match,POST,370.9792999999948,200,True,,100,39.2916396,34.9,86.8
insurance_match,POST,176.9985000000034,200,True,,100,39.2921159,34.9,86.8
insurance_match,POST,176.3904000000025,200,True,,100,39.2924874,34.9,86.8
insurance_match,POST,96.83189999999797,200,True,,100,39.2961497,34.9,86.8
insurance_match,POST,88.70669999999592,200,True,,100,39.3103886,34.9,86.8
insurance_match,POST,83.41270000000378,200,True,,100,39.3173179,34.9,86.8
insurance_match,POST,82.57629999999949,200,True,,100,39.3180465,34.9,86.8
insurance_match,POST,82.35039999999572,200,True,,100,39.3185664,34.9,86.8
insurance_match,POST,81.97839999999701,200,True,,100,39.3188814,34.9,86.8
insurance_match,POST,81.69609999999494,200,True,,100,39.3192761,34.9,86.8
insurance_match,POST,81.05079999999987,200,True,,100,39.3197475,34.9,86.8
insurance_match,POST,78.1089000000037,200,True,,100,39.325177,34.9,86.8
insurance_match,POST,75.36669999999646,200,True,,100,39.3256986,34.9,86.8
insurance_match,POST,77.4676999999997,200,True,,100,39.3260407,34.9,86.8
insurance_match,POST,74.85839999999655,200,True,,100,39.3263133,34.9,86.8
insurance_match,POST,76.88800000000384,200,True,,100,39.326567,34.9,86.8
insurance_match,POST,74.07659999999794,200,True,,100,39.3269341,34.9,86.8
insurance_match,POST,76.05090000000558,200,True,,100,39.3273514,34.9,86.8
insurance_match,POST,75.58159999999958,200,True,,100,39.3277663,34.9,86.8
insurance_match,POST,73.0768000000026,200,True,,100,39.3281472,34.9,86.8
insurance_match,POST,72.62970000000024,200,True,,100,39.3284897,34.9,86.8
insurance_match,POST,74.44770000000034,200,True,,100,39.3287621,34.9,86.8
insurance_match,POST,74.5956000000021,200,True,,100,39.3289675,34.9,86.8
insurance_match,POST,70.93379999999883,200,True,,100,39.3347776,34.9,86.8
insurance_match,POST,70.46970000000385,200,True,,100,39.3351604,34.9,86.8
insurance_match,POST,70.05440000000362,200,True,,100,39.3355123,34.9,86.8
insurance_match,POST,68.36789999999837,200,True,,100,39.3371203,34.9,86.8
insurance_match,POST,77.82149999999888,200,True,,100,39.3444614,34.9,86.8
insurance_match,POST,85.12929999999841,200,True,,100,39.3451508,34.9,86.8
insurance_match,POST,84.47389999999899,200,True,,100,39.3457174,34.9,86.8
insurance_match,POST,84.33240000000097,200,True,,100,39.3461057,34.9,86.8
insurance_match,POST,83.84819999999849,200,True,,100,39.3465134,34.9,86.8
insurance_match,POST,83.601900000005,200,True,,100,39.3469084,34.9,86.8
insurance_match,POST,82.68089999999972,200,True,,100,39.3473715,34.9,86.8
insurance_match,POST,91.88389999999913,200,True,,100,39.3477884,34.9,86.8
insurance_match,POST,90.93169999999873,200,True,,100,39.3486404,34.9,86.8
insurance_match,POST,89.81889999999737,200,True,,100,39.3495974,34.9,86.8
insurance_match,POST,85.60629999999492,200,True,,100,39.3504227,34.9,86.8
insurance_match,POST,84.41260000000028,200,True,,100,39.351808,34.9,86.8
insurance_match,POST,82.68299999999584,200,True,,100,39.353827,34.9,86.8
insurance_match,POST,81.59160000000298,200,True,,100,39.3548353,34.9,86.8
insurance_match,POST,80.63549999999964,200,True,,100,39.3556789,34.9,86.8
insurance_match,POST,83.20400000000205,200,True,,100,39.3565107,34.9,86.8
insurance_match,POST,73.14849999999495,200,True,,100,39.3705124,34.9,86.8
insurance_match,POST,71.76499999999919,200,True,,100,39.3717157,34.9,86.8
insurance_match,POST,70.75530000000185,200,True,,100,39.3724493,34.9,86.8
insurance_match,POST,76.58620000000127,200,True,,100,39.3734655,34.9,86.8
insurance_match,POST,75.36849999999617,200,True,,100,39.3745186,34.9,86.8
insurance_match,POST,75.13799999999549,200,True,,100,39.3750616,34.9,86.8
insurance_match,POST,72.77840000000424,200,True,,100,39.3769272,34.9,86.8
insurance_match,POST,71.9526999999971,200,True,,100,39.3775491,34.9,86.8
insurance_match,POST,78.07350000000213,200,True,,100,39.382847,34.9,86.8
insurance_match,POST,77.2078000000036,200,True,,100,39.3832198,34.9,86.8
insurance_match,POST,76.24530000000362,200,True,,100,39.3834945,34.9,86.8
insurance_match,POST,76.00940000000378,200,True,,100,39.3838162,34.9,86.8
insurance_match,POST,75.7831999999965,200,True,,100,39.3850026,34.9,86.8
insurance_match,POST,75.06440000000225,200,True,,100,39.3856274,34.9,86.8
insurance_match,POST,69.32299999999714,200,True,,100,39.3862431,34.9,86.8
insurance_match,POST,73.5466999999943,200,True,,100,39.3867424,34.9,86.8
insurance_match,POST,73.32790000000244,200,True,,100,39.3872338,34.9,86.8
insurance_match,POST,72.37500000000097,200,True,,100,39.3876084,34.9,86.8
insurance_match,POST,72.1948999999995,200,True,,100,39.3879479,34.9,86.8
insurance_match,POST,71.14119999999957,200,True,,100,39.3883789,34.9,86.8
insurance_match,POST,70.41980000000336,200,True,,100,39.3888379,34.9,86.8
insurance_match,POST,74.34659999999838,200,True,,100,39.3946472,34.9,86.8
insurance_match,POST,74.15960000000155,200,True,,100,39.3951221,34.9,86.8
insurance_match,POST,73.80250000000643,200,True,,100,39.3955923,34.9,86.8
insurance_match,POST,72.689000000004,200,True,,100,39.3958896,34.9,86.8
insurance_match,POST,73.13599999999809,200,True,,100,39.3960369,34.9,86.8
insurance_match,POST,172.51120000000242,200,True,,100,39.39615,34.9,86.8
insurance_match,POST,172.27729999999752,200,True,,100,39.3962553,34.9,86.8
insurance_match,POST,72.368400000002,200,True,,100,39.3963641,34.9,86.8
insurance_match,POST,72.75130000000019,200,True,,100,39.3964765,34.9,86.8
insurance_match,POST,71.74369999999897,200,True,,100,39.3965866,34.9,86.8
insurance_match,POST,72.35430000000065,200,True,,100,39.3966992,34.9,86.8
insurance_match,POST,71.50650000000525,200,True,,100,39.396992,34.9,86.8
insurance_match,POST,71.11859999999837,200,True,,100,39.3975353,34.9,86.8
insurance_match,POST,70.61709999999977,200,True,,100,39.3977972,34.9,86.8
insurance_match,POST,70.29250000000076,200,True,,100,39.3979375,34.9,86.8
insurance_match,POST,69.9789000000024,200,True,,100,39.3980676,34.9,86.8
insurance_match,POST,71.25529999999713,200,True,,100,39.3981944,34.9,86.8
insurance_match,POST,70.65599999999961,200,True,,100,39.3986847,34.9,86.8
insurance_match,POST,70.10239999999612,200,True,,100,39.398833,34.9,86.8
insurance_match,POST,68.48750000000337,200,True,,100,39.400321,34.9,86.8
insurance_match,POST,82.33170000000456,200,True,,100,39.4016051,34.9,86.8
insurance_match,POST,82.78789999999958,200,True,,100,39.4017711,34.9,86.8
insurance_match,POST,81.83040000000119,200,True,,100,39.4019025,34.9,86.8
insurance_match,POST,82.62789999999853,200,True,,100,39.4020335,34.9,86.8
insurance_match,POST,82.5199000000012,200,True,,100,39.4021916,34.9,86.8
insurance_match,POST,81.75149999999576,200,True,,100,39.4023534,34.9,86.8
insurance_match,POST,81.09029999999962,200,True,,100,39.4024893,34.9,86.8
insurance_match,POST,80.6414999999987,200,True,,100,39.4026256,34.9,86.8
insurance_match,POST,80.64509999999814,200,True,,100,39.4027806,34.9,86.8
insurance_match,POST,80.1936000000012,200,True,,100,39.4029151,34.9,86.8
insurance_match,POST,81.58310000000313,200,True,,100,39.4030279,34.9,86.8
insurance_match,POST,78.15159999999821,200,True,,100,39.4039931,34.9,86.8
insurance_match,POST,80.2667000000028,200,True,,100,39.4041522,34.9,86.8
insurance_match,POST,80.58499999999924,200,True,,100,39.4042764,34.9,86.8
insurance_match,POST,80.51689999999923,200,True,,100,39.4043935,34.9,86.8
insurance_match,POST,80.25600000000566,200,True,,100,39.4045059,34.9,86.8
insurance_match,POST,80.19990000000377,200,True,,100,39.4046118,34.9,86.8
insurance_match,POST,80.22660000000315,200,True,,100,39.4047327,34.9,86.8
insurance_match,POST,79.4163999999995,200,True,,100,39.4048436,34.9,86.8
insurance_match,POST,77.1640999999974,200,True,,100,39.4057824,34.9,86.8
insurance_match,POST,76.63540000000069,200,True,,100,39.4059555,34.9,86.8
insurance_match,POST,76.69560000000075,200,True,,100,39.4060852,34.9,86.8
insurance_match,POST,76.16680000000287,200,True,,100,39.4062013,34.9,86.8
insurance_match,POST,77.80139999999847,200,True,,100,39.4171886,34.9,86.8
insurance_match,POST,77.81020000000183,200,True,,100,39.4174511,34.9,86.8
insurance_match,POST,77.53530000000097,200,True,,100,39.4179044,34.9,86.8
insurance_match,POST,481.04299999999967,200,True,,100,39.4223457,34.9,86.8
insurance_match,POST,70.08859999999828,200,True,,100,39.4305459,34.9,86.8
insurance_match,POST,69.64469999999778,200,True,,100,39.430905,34.9,86.8
insurance_match,POST,69.54970000000316,200,True,,100,39.4311483,34.9,86.8
insurance_match,POST,69.4941,200,True,,100,39.4315033,34.9,86.8
insurance_match,POST,68.84620000000297,200,True,,100,39.4319238,34.9,86.8
insurance_match,POST,72.44920000000121,200,True,,100,39.4323647,34.9,86.8
insurance_match,POST,68.10579999999788,200,True,,100,39.436577,34.9,86.8
insurance_match,POST,68.13790000000353,200,True,,100,39.4370115,34.9,86.8
insurance_match,POST,67.68149999999906,200,True,,100,39.4373859,34.9,86.8
insurance_match,POST,67.33840000000413,200,True,,100,39.4376505,34.9,86.8
insurance_match,POST,67.06039999999547,200,True,,100,39.437848,34.9,86.8
insurance_match,POST,70.70819999999856,200,True,,100,39.4397675,34.9,86.8
insurance_match,POST,70.10329999999954,200,True,,100,39.4403117,34.9,86.8
insurance_match,POST,69.44930000000227,200,True,,100,39.4408811,34.9,86.8
insurance_match,POST,65.84859999999537,200,True,,100,39.44131,34.9,86.8
insurance_match,POST,63.405199999998274,200,True,,100,39.443702,34.9,86.8
insurance_match,POST,62.94780000000344,200,True,,100,39.4441025,34.9,86.8
insurance_match,POST,62.535999999994374,200,True,,100,39.4444335,34.9,86.8
insurance_match,POST,68.67129999999833,200,True,,100,39.4502726,34.9,86.8
insurance_match,POST,68.27989999999318,200,True,,100,39.4507771,34.9,86.8
insurance_match,POST,67.69109999999756,200,True,,100,39.4511586,34.9,86.8
insurance_match,POST,67.59459999999962,200,True,,100,39.4514099,34.9,86.8
insurance_match,POST,69.48999999999472,200,True,,100,39.4516247,34.9,86.8
insurance_match,POST,65.47969999999737,200,True,,100,39.45571,34.9,86.8
insurance_match,POST,70.10559999999799,200,True,,100,39.4611214,34.9,86.8
insurance_match,POST,69.35230000000558,200,True,,100,39.4617083,34.9,86.8
insurance_match,POST,75.4208000000034,200,True,,100,39.4620999,34.9,86.8
insurance_match,POST,76.64410000000288,200,True,,100,39.4624319,34.9,86.8
insurance_match,POST,76.35390000000086,200,True,,100,39.4628392,34.9,86.8
insurance_match,POST,75.70339999999476,200,True,,100,39.4631607,34.9,86.8
insurance_match,POST,75.79640000000154,200,True,,100,39.4635117,34.9,86.8
insurance_match,POST,73.16880000000481,200,True,,100,39.4638996,34.9,86.8
insurance_match,POST,72.97070000000616,200,True,,100,39.4642637,34.9,86.8
insurance_match,POST,74.6413999999973,200,True,,100,39.4646151,34.9,86.8
insurance_match,POST,71.90070000000048,200,True,,100,39.4649699,34.9,86.8
insurance_match,POST,71.24629999999854,200,True,,100,39.4653282,34.9,86.8
insurance_match,POST,78.02689999999757,200,True,,100,39.4694796,34.9,86.8
insurance_match,POST,77.51780000000252,200,True,,100,39.4697246,34.9,86.8
insurance_match,POST,77.6996999999966,200,True,,100,39.4698885,34.9,86.8
insurance_match,POST,77.12390000000369,200,True,,100,39.4700273,34.9,86.8
insurance_match,POST,77.0266000000035,200,True,,100,39.4703027,34.9,86.8
insurance_match,POST,76.32949999999994,200,True,,100,39.4706599,34.9,86.8
insurance_match,POST,76.09180000000038,200,True,,100,39.4709669,34.9,86.8
insurance_match,POST,74.015100000004,200,True,,100,39.4713345,34.9,86.8
insurance_match,POST,75.79839999999649,200,True,,100,39.4716183,34.9,86.8
insurance_match,POST,73.82080000000002,200,True,,100,39.4720372,34.9,86.8
insurance_match,POST,74.42199999999843,200,True,,100,39.4724686,34.9,86.8
insurance_match,POST,73.15990000000028,200,True,,100,39.4728196,34.9,86.8
insurance_match,POST,72.04270000000434,200,True,,100,39.4731373,34.9,86.8
insurance_match,POST,71.9504999999998,200,True,,100,39.4735178,34.9,86.8
insurance_match,POST,71.62739999999701,200,True,,100,39.4739439,34.9,86.8
insurance_match,POST,72.45149999999967,200,True,,100,39.4743284,34.9,86.8
insurance_match,POST,71.520900000003,200,True,,100,39.4746837,34.9,86.8
insurance_match,POST,68.57990000000314,200,True,,100,39.4771818,34.9,86.8
insurance_match,POST,68.58450000000005,200,True,,100,39.477524,34.9,86.8
insurance_match,POST,67.744900000001,200,True,,100,39.4779246,34.9,86.8
insurance_match,POST,75.86170000000436,200,True,,100,39.4850109,34.9,86.8
insurance_match,POST,76.31370000000004,200,True,,100,39.4852403,34.9,86.8
insurance_match,POST,76.0332000000048,200,True,,100,39.4853993,34.9,86.8
insurance_match,POST,75.95260000000081,200,True,,100,39.4855175,34.9,86.8
insurance_match,POST,75.88160000000244,200,True,,100,39.4856304,34.9,86.8
insurance_match,POST,73.62770000000296,200,True,,100,39.485741,34.9,86.8
insurance_match,POST,75.18699999999967,200,True,,100,39.4858696,34.9,86.8
insurance_match,POST,73.02479999999889,200,True,,100,39.4859858,34.9,86.8
insurance_match,POST,75.00519999999966,200,True,,100,39.4860964,34.9,86.8
insurance_match,POST,72.96420000000126,200,True,,100,39.4862039,34.9,86.8
insurance_match,POST,72.24039999999832,200,True,,100,39.4863133,34.9,86.8
insurance_match,POST,73.38630000000279,200,True,,100,39.4864147,34.9,86.8
insurance_match,POST,74.86609999999416,200,True,,100,39.4865216,34.9,86.8
insurance_match,POST,72.8574999999978,200,True,,100,39.4868417,34.9,86.8
insurance_match,POST,74.19019999999676,200,True,,100,39.4871507,34.9,86.8
insurance_match,POST,72.78970000000129,200,True,,100,39.4874417,34.9,86.8
insurance_match,POST,73.48550000000387,200,True,,100,39.4877239,34.9,86.8
insurance_match,POST,72.3501000000013,200,True,,100,39.4886504,34.9,86.8
insurance_match,POST,70.70130000000319,200,True,,100,39.4888687,34.9,86.8
insurance_match,POST,69.43580000000082,200,True,,100,39.4892975,34.9,86.8
insurance_match,POST,68.91970000000214,200,True,,100,39.4899279,34.9,86.8
insurance_match,POST,67.65929999999543,200,True,,100,39.4904245,34.9,86.8
insurance_match,POST,67.13909999999856,200,True,,100,39.4912219,34.9,86.8
insurance_match,POST,159.29200000000066,200,True,,100,39.4966304,34.9,86.8
insurance_match,POST,68.39699999999738,200,True,,100,39.4972033,34.9,86.8
insurance_match,POST,67.02789999999936,200,True,,100,39.4975229,34.9,86.8
insurance_match,POST,66.46209999999542,200,True,,100,39.4983889,34.9,86.8
insurance_match,POST,67.58079999999467,200,True,,100,39.4985556,34.9,86.8
insurance_match,POST,67.3546000000016,200,True,,100,39.4986959,34.9,86.8
insurance_match,POST,67.15050000000389,200,True,,100,39.4988141,34.9,86.8
insurance_match,POST,66.77080000000046,200,True,,100,39.4989234,34.9,86.8
insurance_match,POST,66.84349999999739,200,True,,100,39.4990316,34.9,86.8
insurance_match,POST,66.32940000000076,200,True,,100,39.4991313,34.9,86.8
insurance_match,POST,66.55179999999916,200,True,,100,39.4992358,34.9,86.8
insurance_match,POST,65.84250000000225,200,True,,100,39.4993395,34.9,86.8
insurance_match,POST,65.87629999999933,200,True,,100,39.4994451,34.9,86.8
insurance_match,POST,65.44499999999687,200,True,,100,39.4995801,34.9,86.8
insurance_match,POST,68.70990000000177,200,True,,100,39.4996947,34.9,86.8
insurance_match,POST,161.96970000000022,200,True,,100,39.5010667,34.9,86.8
insurance_match,POST,68.9510999999996,200,True,,100,39.5016262,34.9,86.8
insurance_match,POST,66.68349999999634,200,True,,100,39.5021853,34.9,86.8
insurance_match,POST,160.32480000000504,200,True,,100,39.5028696,34.9,86.8
insurance_match,POST,159.62569999999943,200,True,,100,39.5032376,34.9,86.8
insurance_match,POST,63.5856999999973,200,True,,100,39.5051852,34.9,86.8
insurance_match,POST,138.72260000000125,200,True,,500,41.9164015,35.7,86.85
insurance_match,POST,162.62619999999828,200,True,,500,41.9170792,35.7,86.85
insurance_match,POST,162.05830000000532,200,True,,500,41.9174466,35.7,86.85
insurance_match,POST,161.87130000000138,200,True,,500,41.9177356,35.7,86.85
insurance_match,POST,147.51979999999776,200,True,,500,41.9180006,35.7,86.85
insurance_match,POST,160.68879999999552,200,True,,500,41.9182507,35.7,86.85
insurance_match,POST,161.44640000000265,200,True,,500,41.9185519,35.7,86.85
insurance_match,POST,146.09280000000524,200,True,,500,41.9188134,35.7,86.85
insurance_match,POST,160.21810000000158,200,True,,500,41.9191493,35.7,86.85
insurance_match,POST,155.83949999999902,200,True,,500,41.9199079,35.7,86.85
insurance_match,POST,157.82269999999698,200,True,,500,41.9206335,35.7,86.85
insurance_match,POST,143.57470000000205,200,True,,500,41.9212585,35.7,86.85
insurance_match,POST,139.99350000000277,200,True,,500,41.9219404,35.7,86.85
insurance_match,POST,139.54909999999643,200,True,,500,41.9222668,35.7,86.85
insurance_match,POST,146.353100000006,200,True,,500,41.9225302,35.7,86.85
insurance_match,POST,162.0175000000046,200,True,,500,41.9227966,35.7,86.85
insurance_match,POST,161.50809999999893,200,True,,500,41.9230174,35.7,86.85
insurance_match,POST,141.06619999999737,200,True,,500,41.9232324,35.7,86.85
insurance_match,POST,140.9840000000031,200,True,,500,41.9234483,35.7,86.85
insurance_match,POST,141.94420000000463,200,True,,500,41.9236679,35.7,86.85
insurance_match,POST,156.85750000000098,200,True,,500,41.9238953,35.7,86.85
insurance_match,POST,153.4165999999999,200,True,,500,41.9241191,35.7,86.85
insurance_match,POST,156.2607999999983,200,True,,500,41.9243893,35.7,86.85
insurance_match,POST,140.5809999999974,200,True,,500,41.9252075,35.7,86.85
insurance_match,POST,151.99659999999682,200,True,,500,41.9256083,35.7,86.85
insurance_match,POST,139.36530000000147,200,True,,500,41.9258877,35.7,86.85
insurance_match,POST,142.0950999999988,200,True,,500,41.926129,35.7,86.85
insurance_match,POST,142.20770000000016,200,True,,500,41.9264555,35.7,86.85
insurance_match,POST,141.63089999999556,200,True,,500,41.926844,35.7,86.85
insurance_match,POST,141.59500000000236,200,True,,500,41.9271272,35.7,86.85
insurance_match,POST,141.0385000000005,200,True,,500,41.9273605,35.7,86.85
insurance_match,POST,150.41180000000054,200,True,,500,41.9275971,35.7,86.85
insurance_match,POST,148.9903999999953,200,True,,500,41.9278727,35.7,86.85
insurance_match,POST,145.94629999999853,200,True,,500,41.9306077,35.7,86.85
insurance_match,POST,146.92879999999775,200,True,,500,41.931019,35.7,86.85
insurance_match,POST,134.44360000000444,200,True,,500,41.9314251,35.7,86.85
insurance_match,POST,148.5529999999997,200,True,,500,41.9317371,35.7,86.85
insurance_match,POST,148.87029999999868,200,True,,500,41.9319583,35.7,86.85
insurance_match,POST,472.4958999999984,200,True,,500,41.9321713,35.7,86.85
insurance_match,POST,472.4332999999987,200,True,,500,41.9323798,35.7,86.85
insurance_match,POST,471.9393000000025,200,True,,500,41.9325833,35.7,86.85
insurance_match,POST,149.16149999999817,200,True,,500,41.9328663,35.7,86.85
insurance_match,POST,147.64319999999742,200,True,,500,41.9332136,35.7,86.85
insurance_match,POST,146.1663000000044,200,True,,500,41.9338723,35.7,86.85
insurance_match,POST,146.0898000000057,200,True,,500,41.9343113,35.7,86.85
insurance_match,POST,148.44879999999705,200,True,,500,41.9346534,35.7,86.85
insurance_match,POST,195.32600000000144,200,True,,500,41.9351737,35.7,86.85
insurance_match,POST,191.6083999999998,200,True,,500,41.9355553,35.7,86.85
insurance_match,POST,191.3710999999978,200,True,,500,41.9358488,35.7,86.85
insurance_match,POST,190.85050000000336,200,True,,500,41.9361075,35.7,86.85
insurance_match,POST,129.02760000000058,200,True,,500,41.936315,35.7,86.85
insurance_match,POST,129.4116000000045,200,True,,500,41.9365117,35.7,86.85
insurance_match,POST,193.60590000000144,200,True,,500,41.9367456,35.7,86.85
insurance_match,POST,127.922599999998,200,True,,500,41.9371019,35.7,86.85
insurance_match,POST,127.80750000000296,200,True,,500,41.9373387,35.7,86.85
insurance_match,POST,127.88490000000508,200,True,,500,41.9375454,35.7,86.85
insurance_match,POST,142.07080000000616,200,True,,500,41.9377338,35.7,86.85
insurance_match,POST,126.7195000000001,200,True,,500,41.938247,35.7,86.85
insurance_match,POST,140.16670000000175,200,True,,500,41.9389416,35.7,86.85
insurance_match,POST,141.89590000000152,200,True,,500,41.9392572,35.7,86.85
insurance_match,POST,125.13620000000003,200,True,,500,41.9394652,35.7,86.85
insurance_match,POST,128.93640000000062,200,True,,500,41.9396658,35.7,86.85
insurance_match,POST,137.16879999999776,200,True,,500,41.9399561,35.7,86.85
insurance_match,POST,138.31960000000265,200,True,,500,41.9404384,35.7,86.85
insurance_match,POST,126.93090000000495,200,True,,500,41.9410695,35.7,86.85
insurance_match,POST,126.81900000000468,200,True,,500,41.9413675,35.7,86.85
insurance_match,POST,124.10080000000079,200,True,,500,41.9416009,35.7,86.85
insurance_match,POST,126.0027000000008,200,True,,500,41.941881,35.7,86.85
insurance_match,POST,122.29570000000223,200,True,,500,41.9421056,35.7,86.85
insurance_match,POST,126.23520000000354,200,True,,500,41.9423051,35.7,86.85
insurance_match,POST,141.24879999999962,200,True,,500,41.9424936,35.7,86.85
insurance_match,POST,141.3909999999987,200,True,,500,41.9426792,35.7,86.85
insurance_match,POST,141.46300000000167,200,True,,500,41.942864,35.7,86.85
insurance_match,POST,141.6540000000026,200,True,,500,41.9430511,35.7,86.85
insurance_match,POST,138.80280000000056,200,True,,500,41.9433846,35.7,86.85
insurance_match,POST,139.03629999999367,200,True,,500,41.9435732,35.7,86.85
insurance_match,POST,134.80930000000058,200,True,,500,41.9437736,35.7,86.85
insurance_match,POST,124.84990000000096,200,True,,500,41.9439602,35.7,86.85
insurance_match,POST,134.1853999999998,200,True,,500,41.9441309,35.7,86.85
insurance_match,POST,139.1343999999961,200,True,,500,41.9443099,35.7,86.85
insurance_match,POST,139.14420000000405,200,True,,500,41.9445043,35.7,86.85
insurance_match,POST,138.8789000000017,200,True,,500,41.9446778,35.7,86.85
insurance_match,POST,136.99390000000022,200,True,,500,41.9448496,35.7,86.85
insurance_match,POST,131.25210000000465,200,True,,500,41.9450192,35.7,86.85
insurance_match,POST,136.28380000000107,200,True,,500,41.9453369,35.7,86.85
insurance_match,POST,130.93930000000142,200,True,,500,41.9455642,35.7,86.85
insurance_match,POST,132.9307999999969,200,True,,500,41.945777,35.7,86.85
insurance_match,POST,138.027000000001,200,True,,500,41.9463998,35.7,86.85
insurance_match,POST,143.18540000000013,200,True,,500,41.9468204,35.7,86.85
insurance_match,POST,142.95890000000355,200,True,,500,41.9471607,35.7,86.85
insurance_match,POST,137.50780000000162,200,True,,500,41.9473948,35.7,86.85
insurance_match,POST,137.00060000000036,200,True,,500,41.9476154,35.7,86.85
insurance_match,POST,134.94530000000537,200,True,,500,41.9478356,35.7,86.85
insurance_match,POST,134.35220000000214,200,True,,500,41.9480921,35.7,86.85
insurance_match,POST,117.66880000000413,200,True,,500,41.948313,35.7,86.85
insurance_match,POST,134.59170000000142,200,True,,500,41.9486862,35.7,86.85
insurance_match,POST,127.48520000000241,200,True,,500,41.9489029,35.7,86.85
insurance_match,POST,130.79199999999958,200,True,,500,41.9491089,35.7,86.85
insurance_match,POST,126.79070000000081,200,True,,500,41.9493334,35.7,86.85
insurance_match,POST,134.67440000000153,200,True,,500,41.949543,35.7,86.85
insurance_match,POST,177.01279999999997,200,True,,500,41.950021,35.7,86.85
insurance_match,POST,176.71430000000043,200,True,,500,41.9503861,35.7,86.85
insurance_match,POST,176.25139999999817,200,True,,500,41.9505379,35.7,86.85
insurance_match,POST,185.24969999999996,200,True,,500,41.9506379,35.7,86.85
insurance_match,POST,185.30359999999746,200,True,,500,41.9507199,35.7,86.85
insurance_match,POST,184.63639999999515,200,True,,500,41.9507971,35.7,86.85
insurance_match,POST,183.7287000000032,200,True,,500,41.9508751,35.7,86.85
insurance_match,POST,184.1408999999956,200,True,,500,41.9510871,35.7,86.85
insurance_match,POST,189.02100000000388,200,True,,500,41.9511719,35.7,86.85
insurance_match,POST,189.32339999999925,200,True,,500,41.9512487,35.7,86.85
insurance_match,POST,188.97160000000213,200,True,,500,41.9513211,35.7,86.85
insurance_match,POST,189.03619999999677,200,True,,500,41.9513936,35.7,86.85
insurance_match,POST,187.2828999999996,200,True,,500,41.9514651,35.7,86.85
insurance_match,POST,189.38980000000072,200,True,,500,41.9515378,35.7,86.85
insurance_match,POST,190.25930000000102,200,True,,500,41.9516118,35.7,86.85
insurance_match,POST,189.94670000000013,200,True,,500,41.9516854,35.7,86.85
insurance_match,POST,189.72229999999968,200,True,,500,41.9517594,35.7,86.85
insurance_match,POST,189.21810000000505,200,True,,500,41.951857,35.7,86.85
insurance_match,POST,189.81560000000286,200,True,,500,41.9519429,35.7,86.85
insurance_match,POST,189.20020000000193,200,True,,500,41.9520171,35.7,86.85
insurance_match,POST,188.6513999999977,200,True,,500,41.9520931,35.7,86.85
insurance_match,POST,188.66949999999605,200,True,,500,41.9521737,35.7,86.85
insurance_match,POST,183.4928999999974,200,True,,500,41.9522557,35.7,86.85
insurance_match,POST,189.49479999999852,200,True,,500,41.9524266,35.7,86.85
insurance_match,POST,183.0883999999955,200,True,,500,41.9525087,35.7,86.85
insurance_match,POST,195.34110000000027,200,True,,500,41.9525833,35.7,86.85
insurance_match,POST,195.17850000000436,200,True,,500,41.9526604,35.7,86.85
insurance_match,POST,194.63149999999985,200,True,,500,41.9527386,35.7,86.85
insurance_match,POST,194.91279999999733,200,True,,500,41.952812,35.7,86.85
insurance_match,POST,194.34329999999989,200,True,,500,41.9528939,35.7,86.85
insurance_match,POST,194.5220000000063,200,True,,500,41.9529703,35.7,86.85
insurance_match,POST,194.5654000000019,200,True,,500,41.9530428,35.7,86.85
insurance_match,POST,194.0117999999984,200,True,,500,41.9531124,35.7,86.85
insurance_match,POST,193.65069999999918,200,True,,500,41.9532058,35.7,86.85
insurance_match,POST,199.26610000000267,200,True,,500,41.9533126,35.7,86.85
insurance_match,POST,199.5338999999987,200,True,,500,41.9534259,35.7,86.85
insurance_match,POST,199.53989999999777,200,True,,500,41.9535324,35.7,86.85
insurance_match,POST,199.2143000000013,200,True,,500,41.9536367,35.7,86.85
insurance_match,POST,198.81389999999755,200,True,,500,41.9539174,35.7,86.85
insurance_match,POST,198.1772000000035,200,True,,500,41.9541165,35.7,86.85
insurance_match,POST,198.9562000000049,200,True,,500,41.9542211,35.7,86.85
insurance_match,POST,198.92380000000287,200,True,,500,41.9543275,35.7,86.85
insurance_match,POST,198.9116000000024,200,True,,500,41.9544418,35.7,86.85
insurance_match,POST,204.72889999999921,200,True,,500,41.9545605,35.7,86.85
insurance_match,POST,204.7156000000001,200,True,,500,41.9546726,35.7,86.85
insurance_match,POST,286.12109999999547,200,True,,500,41.9547797,35.7,86.85
insurance_match,POST,291.4226000000042,200,True,,500,41.9548898,35.7,86.85
insurance_match,POST,213.08830000000256,200,True,,500,41.9549952,35.7,86.85
insurance_match,POST,219.5460999999952,200,True,,500,41.9550867,35.7,86.85
insurance_match,POST,205.38990000000013,200,True,,500,41.9552668,35.7,86.85
insurance_match,POST,205.48060000000135,200,True,,500,41.9553419,35.7,86.85
insurance_match,POST,212.77640000000275,200,True,,500,41.9554104,35.7,86.85
insurance_match,POST,205.7929999999999,200,True,,500,41.9554783,35.7,86.85
insurance_match,POST,206.80409999999938,200,True,,500,41.9555462,35.7,86.85
insurance_match,POST,205.44900000000155,200,True,,500,41.9556912,35.7,86.85
insurance_match,POST,205.7233000000025,200,True,,500,41.9557611,35.7,86.85
insurance_match,POST,212.38110000000177,200,True,,500,41.9559026,35.7,86.85
insurance_match,POST,204.12170000000174,200,True,,500,41.9560762,35.7,86.85
insurance_match,POST,204.22789999999935,200,True,,500,41.956168,35.7,86.85
insurance_match,POST,212.43559999999917,200,True,,500,41.956243,35.7,86.85
insurance_match,POST,217.93110000000127,200,True,,500,41.9564525,35.7,86.85
insurance_match,POST,203.75519999999625,200,True,,500,41.9565422,35.7,86.85
insurance_match,POST,210.91050000000422,200,True,,500,41.9566118,35.7,86.85
insurance_match,POST,202.5086000000016,200,True,,500,41.9566759,35.7,86.85
insurance_match,POST,211.64230000000117,200,True,,500,41.956742,35.7,86.85
insurance_match,POST,203.29639999999927,200,True,,500,41.9568047,35.7,86.85
insurance_match,POST,210.8068000000003,200,True,,500,41.9568678,35.7,86.85
insurance_match,POST,210.81490000000258,200,True,,500,41.9569669,35.7,86.85
insurance_match,POST,210.91900000000408,200,True,,500,41.9570588,35.7,86.85
insurance_match,POST,211.3067000000015,200,True,,500,41.9572767,35.7,86.85
insurance_match,POST,202.18169999999702,200,True,,500,41.9574043,35.7,86.85
insurance_match,POST,217.2352999999987,200,True,,500,41.9575087,35.7,86.85
insurance_match,POST,204.12100000000066,200,True,,500,41.9576098,35.7,86.85
insurance_match,POST,202.0734000000033,200,True,,500,41.9577032,35.7,86.85
insurance_match,POST,203.1829000000016,200,True,,500,41.9578026,35.7,86.85
insurance_match,POST,202.60199999999884,200,True,,500,41.9579001,35.7,86.85
insurance_match,POST,201.0762000000028,200,True,,500,41.957997,35.7,86.85
insurance_match,POST,201.3643000000016,200,True,,500,41.958123,35.7,86.85
insurance_match,POST,201.78179999999912,200,True,,500,41.9582192,35.7,86.85
insurance_match,POST,201.56339999999773,200,True,,500,41.9583109,35.7,86.85
insurance_match,POST,210.07589999999965,200,True,,500,41.9584062,35.7,86.85
insurance_match,POST,202.87489999999764,200,True,,500,41.9585047,35.7,86.85
insurance_match,POST,209.2753000000016,200,True,,500,41.9585985,35.7,86.85
insurance_match,POST,202.88920000000132,200,True,,500,41.9586952,35.7,86.85
insurance_match,POST,200.17179999999968,200,True,,500,41.9587887,35.7,86.85
insurance_match,POST,197.19730000000624,200,True,,500,41.9614066,35.7,86.85
insurance_match,POST,196.80300000000273,200,True,,500,41.9615863,35.7,86.85
insurance_match,POST,197.1203000000017,200,True,,500,41.9617307,35.7,86.85
insurance_match,POST,196.8861000000004,200,True,,500,41.9618509,35.7,86.85
insurance_match,POST,197.68049999999704,200,True,,500,41.9620022,35.7,86.85
insurance_match,POST,212.67540000000196,200,True,,500,41.9621906,35.7,86.85
insurance_match,POST,212.62769999999875,200,True,,500,41.9623164,35.7,86.85
insurance_match,POST,233.39920000000092,200,True,,500,41.9624546,35.7,86.85
insurance_match,POST,233.37240000000037,200,True,,500,41.9625727,35.7,86.85
insurance_match,POST,233.05669999999878,200,True,,500,41.9626912,35.7,86.85
insurance_match,POST,233.22250000000366,200,True,,500,41.9628082,35.7,86.85
insurance_match,POST,232.67229999999728,200,True,,500,41.9629204,35.7,86.85
insurance_match,POST,239.7861999999975,200,True,,500,41.9630291,35.7,86.85
insurance_match,POST,240.76519999999846,200,True,,500,41.9631443,35.7,86.85
insurance_match,POST,240.37769999999625,200,True,,500,41.9632628,35.7,86.85
insurance_match,POST,240.28979999999933,200,True,,500,41.9635314,35.7,86.85
insurance_match,POST,240.0257000000039,200,True,,500,41.9637076,35.7,86.85
insurance_match,POST,239.27709999999536,200,True,,500,41.9638319,35.7,86.85
insurance_match,POST,239.37630000000354,200,True,,500,41.9639483,35.7,86.85
insurance_match,POST,239.3829000000025,200,True,,500,41.9640619,35.7,86.85
insurance_match,POST,239.33389999999832,200,True,,500,41.9642118,35.7,86.85
insurance_match,POST,242.8658999999982,200,True,,500,41.9643292,35.7,86.85
insurance_match,POST,245.15309999999602,200,True,,500,41.9644416,35.7,86.85
insurance_match,POST,248.20139999999924,200,True,,500,41.9645524,35.7,86.85
insurance_match,POST,247.76590000000454,200,True,,500,41.9646602,35.7,86.85
insurance_match,POST,247.7840000000029,200,True,,500,41.9647765,35.7,86.85
insurance_match,POST,247.76299999999907,200,True,,500,41.9648903,35.7,86.85
insurance_match,POST,249.3616000000003,200,True,,500,41.9650039,35.7,86.85
insurance_match,POST,248.90039999999658,200,True,,500,41.9651172,35.7,86.85
insurance_match,POST,244.27169999999876,200,True,,500,41.9652304,35.7,86.85
insurance_match,POST,242.0189999999991,200,True,,500,41.9653415,35.7,86.85
insurance_match,POST,253.01719999999506,200,True,,500,41.9655726,35.7,86.85
insurance_match,POST,252.9709000000011,200,True,,500,41.9656994,35.7,86.85
insurance_match,POST,252.9468000000037,200,True,,500,41.9658203,35.7,86.85
insurance_match,POST,253.1305000000046,200,True,,500,41.9659309,35.7,86.85
insurance_match,POST,252.33730000000065,200,True,,500,41.9660395,35.7,86.85
insurance_match,POST,252.32789999999738,200,True,,500,41.9661733,35.7,86.85
insurance_match,POST,262.1686000000025,200,True,,500,41.9663501,35.7,86.85
insurance_match,POST,260.8612000000008,200,True,,500,41.9665312,35.7,86.85
insurance_match,POST,260.9610000000018,200,True,,500,41.9666533,35.7,86.85
insurance_match,POST,260.80859999999717,200,True,,500,41.9667339,35.7,86.85
insurance_match,POST,260.48589999999905,200,True,,500,41.966826,35.7,86.85
insurance_match,POST,260.29230000000325,200,True,,500,41.9669405,35.7,86.85
insurance_match,POST,260.00640000000175,200,True,,500,41.9670528,35.7,86.85
insurance_match,POST,260.0069000000005,200,True,,500,41.9671438,35.7,86.85
insurance_match,POST,259.69659999999806,200,True,,500,41.967225,35.7,86.85
insurance_match,POST,260.4621999999992,200,True,,500,41.9672968,35.7,86.85
insurance_match,POST,260.229300000006,200,True,,500,41.9674559,35.7,86.85
insurance_match,POST,259.937800000003,200,True,,500,41.9675307,35.7,86.85
insurance_match,POST,261.3336000000004,200,True,,500,41.9676029,35.7,86.85
insurance_match,POST,260.9944000000013,200,True,,500,41.9676748,35.7,86.85
insurance_match,POST,260.37529999999975,200,True,,500,41.9677468,35.7,86.85
insurance_match,POST,261.33130000000193,200,True,,500,41.9678246,35.7,86.85
insurance_match,POST,264.51339999999846,200,True,,500,41.9679015,35.7,86.85
insurance_match,POST,264.28299999999894,200,True,,500,41.9679741,35.7,86.85
insurance_match,POST,264.606900000004,200,True,,500,41.9680452,35.7,86.85
insurance_match,POST,264.41580000000187,200,True,,500,41.9681353,35.7,86.85
insurance_match,POST,271.4438000000001,200,True,,500,41.9682156,35.7,86.85
insurance_match,POST,272.54310000000004,200,True,,500,41.9682896,35.7,86.85
insurance_match,POST,271.53630000000106,200,True,,500,41.9683625,35.7,86.85
insurance_match,POST,271.98049999999796,200,True,,500,41.9684371,35.7,86.85
insurance_match,POST,271.7851999999965,200,True,,500,41.9685117,35.7,86.85
insurance_match,POST,271.57199999999904,200,True,,500,41.9686633,35.7,86.85
insurance_match,POST,272.0310999999995,200,True,,500,41.9687433,35.7,86.85
insurance_match,POST,271.9006999999962,200,True,,500,41.9688165,35.7,86.85
insurance_match,POST,271.17849999999777,200,True,,500,41.9688875,35.7,86.85
insurance_match,POST,271.5278000000012,200,True,,500,41.9689553,35.7,86.85
insurance_match,POST,271.17639999999454,200,True,,500,41.9691807,35.7,86.85
insurance_match,POST,271.39999999999986,200,True,,500,41.9692586,35.7,86.85
insurance_match,POST,270.19200000000154,200,True,,500,41.969332,35.7,86.85
insurance_match,POST,270.5511999999999,200,True,,500,41.9694042,35.7,86.85
insurance_match,POST,270.5357000000035,200,True,,500,41.9694752,35.7,86.85
insurance_match,POST,270.5734999999976,200,True,,500,41.9695453,35.7,86.85
insurance_match,POST,270.54820000000035,200,True,,500,41.9696226,35.7,86.85
insurance_match,POST,269.5064000000045,200,True,,500,41.9696972,35.7,86.85
insurance_match,POST,269.4024999999982,200,True,,500,41.9697702,35.7,86.85
insurance_match,POST,270.74670000000367,200,True,,500,41.9698545,35.7,86.85
insurance_match,POST,270.59470000000374,200,True,,500,41.9699477,35.7,86.85
insurance_match,POST,269.2900999999992,200,True,,500,41.9701603,35.7,86.85
insurance_match,POST,264.2868000000007,200,True,,500,41.970264,35.7,86.85
insurance_match,POST,268.71100000000325,200,True,,500,41.9703653,35.7,86.85
insurance_match,POST,269.3815000000015,200,True,,500,41.9704609,35.7,86.85
insurance_match,POST,269.0345999999977,200,True,,500,41.9705512,35.7,86.85
insurance_match,POST,269.14439999999473,200,True,,500,41.9706375,35.7,86.85
insurance_match,POST,268.9851999999959,200,True,,500,41.9707395,35.7,86.85
insurance_match,POST,683.3099999999988,200,True,,500,41.9709808,35.7,86.85
insurance_match,POST,274.11980000000113,200,True,,500,41.971152,35.7,86.85
insurance_match,POST,273.7357999999972,200,True,,500,41.971299,35.7,86.85
insurance_match,POST,273.98029999999807,200,True,,500,41.9714492,35.7,86.85
insurance_match,POST,682.8823000000028,200,True,,500,41.9715795,35.7,86.85
insurance_match,POST,685.2322000000015,200,True,,500,41.9716654,35.7,86.85
insurance_match,POST,685.2729000000011,200,True,,500,41.97174,35.7,86.85
insurance_match,POST,689.6653000000015,200,True,,500,41.9718193,35.7,86.85
insurance_match,POST,682.444199999999,200,True,,500,41.9719555,35.7,86.85
insurance_match,POST,272.8943999999984,200,True,,500,41.9720133,35.7,86.85
insurance_match,POST,273.1248999999991,200,True,,500,41.9720708,35.7,86.85
insurance_match,POST,273.36489999999714,200,True,,500,41.9721357,35.7,86.85
insurance_match,POST,363.27880000000334,200,True,,500,41.9721968,35.7,86.85
insurance_match,POST,272.86740000000265,200,True,,500,41.972254,35.7,86.85
insurance_match,POST,388.27930000000066,200,True,,500,41.9723065,35.7,86.85
insurance_match,POST,272.9841000000022,200,True,,500,41.9723598,35.7,86.85
insurance_match,POST,273.9887999999979,200,True,,500,41.9724135,35.7,86.85
insurance_match,POST,288.9443999999983,200,True,,500,41.9724644,35.7,86.85
insurance_match,POST,288.7338999999969,200,True,,500,41.9725185,35.7,86.85
insurance_match,POST,297.4858999999981,200,True,,500,41.9725721,35.7,86.85
insurance_match,POST,297.07189999999883,200,True,,500,41.9726276,35.7,86.85
insurance_match,POST,297.24279999999936,200,True,,500,41.9726802,35.7,86.85
insurance_match,POST,301.37849999999844,200,True,,500,41.9727337,35.7,86.85
insurance_match,POST,300.6434999999996,200,True,,500,41.972844,35.7,86.85
insurance_match,POST,297.67370000000426,200,True,,500,41.9729033,35.7,86.85
insurance_match,POST,300.9727999999967,200,True,,500,41.9729572,35.7,86.85
insurance_match,POST,300.7166999999953,200,True,,500,41.9730113,35.7,86.85
insurance_match,POST,304.29019999999696,200,True,,500,41.9730658,35.7,86.85
insurance_match,POST,304.0666999999999,200,True,,500,41.9731189,35.7,86.85
insurance_match,POST,303.5599999999974,200,True,,500,41.9731706,35.7,86.85
insurance_match,POST,304.425099999996,200,True,,500,41.9732229,35.7,86.85
insurance_match,POST,304.23169999999544,200,True,,500,41.9732752,35.7,86.85
insurance_match,POST,303.1179999999978,200,True,,500,41.9733292,35.7,86.85
insurance_match,POST,304.4094000000044,200,True,,500,41.9733806,35.7,86.85
insurance_match,POST,303.52260000000086,200,True,,500,41.9734337,35.7,86.85
insurance_match,POST,311.27689999999575,200,True,,500,41.973505,35.7,86.85
insurance_match,POST,306.1994999999982,200,True,,500,41.9735889,35.7,86.85
insurance_match,POST,311.5503000000004,200,True,,500,41.9736672,35.7,86.85
insurance_match,POST,311.0573999999957,200,True,,500,41.9739811,35.7,86.85
insurance_match,POST,311.2128999999939,200,True,,500,41.9741641,35.7,86.85
insurance_match,POST,311.4547999999999,200,True,,500,41.9742826,35.7,86.85
insurance_match,POST,313.8943000000012,200,True,,500,41.974381,35.7,86.85
insurance_match,POST,314.71309999999875,200,True,,500,41.9744771,35.7,86.85
insurance_match,POST,314.7327999999945,200,True,,500,41.9745727,35.7,86.85
insurance_match,POST,313.7222999999949,200,True,,500,41.9746687,35.7,86.85
insurance_match,POST,313.7273000000036,200,True,,500,41.974767,35.7,86.85
insurance_match,POST,313.25629999999904,200,True,,500,41.9748637,35.7,86.85
insurance_match,POST,328.83640000000014,200,True,,500,41.9749608,35.7,86.85
insurance_match,POST,326.91029999999444,200,True,,500,41.9750573,35.7,86.85
insurance_match,POST,325.4455999999948,200,True,,500,41.9751539,35.7,86.85
insurance_match,POST,328.01059999999893,200,True,,500,41.9752521,35.7,86.85
insurance_match,POST,326.8316999999996,200,True,,500,41.975343,35.7,86.85
insurance_match,POST,326.3308000000009,200,True,,500,41.9754339,35.7,86.85
insurance_match,POST,325.67240000000197,200,True,,500,41.9756121,35.7,86.85
insurance_match,POST,327.87550000000465,200,True,,500,41.9757129,35.7,86.85
insurance_match,POST,326.80620000000005,200,True,,500,41.9758081,35.7,86.85
insurance_match,POST,319.8132000000058,200,True,,500,41.9759001,35.7,86.85
insurance_match,POST,324.74689999999384,200,True,,500,41.9759924,35.7,86.85
insurance_match,POST,327.78569999999974,200,True,,500,41.9760879,35.7,86.85
insurance_match,POST,319.20120000000196,200,True,,500,41.9762062,35.7,86.85
insurance_match,POST,318.88190000000094,200,True,,500,41.976302,35.7,86.85
insurance_match,POST,318.9060999999995,200,True,,500,41.976396,35.7,86.85
insurance_match,POST,318.5183000000009,200,True,,500,41.9764865,35.7,86.85
insurance_match,POST,411.9282000000055,200,True,,500,41.9766188,35.7,86.85
insurance_match,POST,427.08170000000223,200,True,,500,41.9767139,35.7,86.85
insurance_match,POST,410.0584999999981,200,True,,500,41.9768127,35.7,86.85
insurance_match,POST,409.6067999999988,200,True,,500,41.9771219,35.7,86.85
insurance_match,POST,328.5835000000006,200,True,,500,41.9774387,35.7,86.85
insurance_match,POST,337.39690000000166,200,True,,500,41.9776289,35.7,86.85
insurance_match,POST,348.61779999999953,200,True,,500,41.9777806,35.7,86.85
insurance_match,POST,340.61600000000425,200,True,,500,41.9778391,35.7,86.85
insurance_match,POST,339.9657000000005,200,True,,500,41.977894,35.7,86.85
insurance_match,POST,340.08380000000216,200,True,,500,41.9779519,35.7,86.85
insurance_match,POST,338.6051999999964,200,True,,500,41.9780061,35.7,86.85
insurance_match,POST,348.212199999999,200,True,,500,41.9780618,35.7,86.85
insurance_match,POST,348.0029999999985,200,True,,500,41.9781347,35.7,86.85
insurance_match,POST,337.22879999999833,200,True,,500,41.9782172,35.7,86.85
insurance_match,POST,338.6860000000027,200,True,,500,41.9782814,35.7,86.85
insurance_match,POST,336.9095999999985,200,True,,500,41.9783397,35.7,86.85
insurance_match,POST,339.8011999999966,200,True,,500,41.9783945,35.7,86.85
insurance_match,POST,337.4225000000024,200,True,,500,41.9784509,35.7,86.85
insurance_match,POST,337.7440999999948,200,True,,500,41.9785054,35.7,86.85
insurance_match,POST,337.5091999999995,200,True,,500,41.97856,35.7,86.85
insurance_match,POST,337.0160999999996,200,True,,500,41.9786178,35.7,86.85
insurance_match,POST,338.57989999999916,200,True,,500,41.9787412,35.7,86.85
insurance_match,POST,338.6931000000004,200,True,,500,41.9788022,35.7,86.85
insurance_match,POST,337.93190000000095,200,True,,500,41.9788592,35.7,86.85
insurance_match,POST,333.56300000000516,200,True,,500,41.9789159,35.7,86.85
insurance_match,POST,333.2781999999952,200,True,,500,41.9789711,35.7,86.85
insurance_match,POST,347.8456000000065,200,True,,500,41.9790247,35.7,86.85
insurance_match,POST,337.3322999999999,200,True,,500,41.9790973,35.7,86.85
insurance_match,POST,332.74219999999843,200,True,,500,41.9791564,35.7,86.85
insurance_match,POST,335.1404000000002,200,True,,500,41.9792126,35.7,86.85
insurance_match,POST,333.7594999999993,200,True,,500,41.9792715,35.7,86.85
insurance_match,POST,332.008799999997,200,True,,500,41.9793503,35.7,86.85
insurance_match,POST,335.3255000000033,200,True,,500,41.9794303,35.7,86.85
insurance_match,POST,351.12750000000403,200,True,,500,41.9794912,35.7,86.85
insurance_match,POST,346.3795999999988,200,True,,500,41.979545,35.7,86.85
insurance_match,POST,347.1985000000046,200,True,,500,41.9796024,35.7,86.85
insurance_match,POST,345.9245999999965,200,True,,500,41.9805958,35.7,86.85
insurance_match,POST,336.4374000000012,200,True,,500,41.9807036,35.7,86.85
insurance_match,POST,345.889200000002,200,True,,500,41.980796,35.7,86.85
insurance_match,POST,349.8930999999956,200,True,,500,41.9808803,35.7,86.85
insurance_match,POST,336.68449999999694,200,True,,500,41.9809695,35.7,86.85
insurance_match,POST,349.9052999999961,200,True,,500,41.9810542,35.7,86.85
insurance_match,POST,349.26949999999835,200,True,,500,41.9811665,35.7,86.85
insurance_match,POST,352.8354000000036,200,True,,500,41.9812527,35.7,86.85
insurance_match,POST,353.9221999999995,200,True,,500,41.9813356,35.7,86.85
insurance_match,POST,361.8625999999949,200,True,,500,41.981419,35.7,86.85
insurance_match,POST,362.2972999999945,200,True,,500,41.9815109,35.7,86.85
insurance_match,POST,358.8321999999948,200,True,,500,41.9815959,35.7,86.85
insurance_match,POST,359.3588999999966,200,True,,500,41.9816792,35.7,86.85
insurance_match,POST,361.37769999999847,200,True,,500,41.9817638,35.7,86.85
insurance_match,POST,778.7197999999976,200,True,,500,41.9818463,35.7,86.85
insurance_match,POST,772.7425999999937,200,True,,500,41.9820113,35.7,86.85
insurance_match,POST,772.4103999999983,200,True,,500,41.9821047,35.7,86.85
insurance_match,POST,367.6122000000035,200,True,,500,41.9821867,35.7,86.85
insurance_match,POST,366.9499000000016,200,True,,500,41.982267,35.7,86.85
insurance_match,POST,367.33909999999526,200,True,,500,41.9823511,35.7,86.85
insurance_match,POST,367.1785000000014,200,True,,500,41.9824319,35.7,86.85
insurance_match,POST,367.3505000000006,200,True,,500,41.9825215,35.7,86.85
insurance_match,POST,366.8775000000011,200,True,,500,41.9826034,35.7,86.85
insurance_match,POST,366.66419999999533,200,True,,500,41.9826886,35.7,86.85
insurance_match,POST,366.25339999999795,200,True,,500,41.9827698,35.7,86.85
insurance_match,POST,367.1290000000056,200,True,,500,41.982851,35.7,86.85
insurance_match,POST,370.40610000000385,200,True,,500,41.9829247,35.7,86.85
insurance_match,POST,372.0131999999978,200,True,,500,41.9830002,35.7,86.85
insurance_match,POST,372.1912999999972,200,True,,500,41.9830805,35.7,86.85
insurance_match,POST,371.9813000000016,200,True,,500,41.9831818,35.7,86.85
insurance_match,POST,372.0405999999983,200,True,,500,41.9833364,35.7,86.85
insurance_match,POST,369.70230000000015,200,True,,500,41.9834237,35.7,86.85
insurance_match,POST,369.4798000000006,200,True,,500,41.9835072,35.7,86.85
insurance_match,POST,369.6541000000053,200,True,,500,41.9835862,35.7,86.85
insurance_match,POST,375.1926999999995,200,True,,500,41.9836632,35.7,86.85
insurance_match,POST,377.40110000000016,200,True,,500,41.9837413,35.7,86.85
insurance_match,POST,377.1726000000015,200,True,,500,41.9838204,35.7,86.85
insurance_match,POST,376.91909999999496,200,True,,500,41.9839021,35.7,86.85
insurance_match,POST,385.1849999999999,200,True,,500,41.9839795,35.7,86.85
insurance_match,POST,384.6410999999961,200,True,,500,41.9840572,35.7,86.85
insurance_match,POST,385.27090000000186,200,True,,500,41.9841347,35.7,86.85
insurance_match,POST,384.21030000000655,200,True,,500,41.9842142,35.7,86.85
insurance_match,POST,390.67839999999876,200,True,,500,41.9842925,35.7,86.85
insurance_match,POST,390.3259999999946,200,True,,500,41.9843722,35.7,86.85
insurance_match,POST,395.64210000000344,200,True,,500,41.9844526,35.7,86.85
insurance_match,POST,395.70780000000383,200,True,,500,41.9845312,35.7,86.85
insurance_match,POST,395.78170000000057,200,True,,500,41.9846882,35.7,86.85
insurance_match,POST,395.6050999999974,200,True,,500,41.9847709,35.7,86.85
insurance_match,POST,394.60810000000635,200,True,,500,41.9848514,35.7,86.85
insurance_match,POST,394.8229000000012,200,True,,500,41.9849348,35.7,86.85
insurance_match,POST,391.1446999999981,200,True,,500,41.9850152,35.7,86.85
insurance_match,POST,390.50340000000006,200,True,,500,41.9850916,35.7,86.85
insurance_match,POST,394.7432999999947,200,True,,500,41.9851955,35.7,86.85
insurance_match,POST,390.6609000000003,200,True,,500,41.9852804,35.7,86.85
insurance_match,POST,395.24400000000526,200,True,,500,41.985361,35.7,86.85
insurance_match,POST,410.5070999999967,200,True,,500,41.9854435,35.7,86.85
insurance_match,POST,415.02009999999956,200,True,,500,41.9855253,35.7,86.85
insurance_match,POST,411.7008999999996,200,True,,500,41.9856051,35.7,86.85
insurance_match,POST,412.4096000000037,200,True,,500,41.9856839,35.7,86.85
insurance_match,POST,412.3955999999964,200,True,,500,41.985768,35.7,86.85
insurance_match,POST,414.7508000000002,200,True,,500,41.9858448,35.7,86.85
insurance_match,POST,411.3886000000022,200,True,,500,41.9861966,35.7,86.85
insurance_match,POST,410.4811000000055,200,True,,500,41.986343,35.7,86.85
insurance_match,POST,413.10239999999965,200,True,,500,41.9864419,35.7,86.85
insurance_match,POST,410.9192999999962,200,True,,500,41.9865269,35.7,86.85
insurance_match,POST,410.2762999999996,200,True,,500,41.9866173,35.7,86.85
insurance_match,POST,411.3384999999994,200,True,,500,41.9866978,35.7,86.85
insurance_match,POST,410.3797999999941,200,True,,500,41.9867769,35.7,86.85
insurance_match,POST,411.05730000000307,200,True,,500,41.9868307,35.7,86.85
insurance_match,POST,411.1138000000025,200,True,,500,41.9868835,35.7,86.85
insurance_match,POST,411.0094999999987,200,True,,500,41.986933,35.7,86.85
insurance_match,POST,410.8403999999979,200,True,,500,41.9869922,35.7,86.85
insurance_match,POST,410.73089999999723,200,True,,500,41.9870463,35.7,86.85
insurance_match,POST,410.5835999999954,200,True,,500,41.9871368,35.7,86.85
insurance_match,POST,411.0433000000029,200,True,,500,41.9871966,35.7,86.85
insurance_match,POST,408.8339999999988,200,True,,500,41.9872522,35.7,86.85
insurance_match,POST,409.4978999999981,200,True,,500,41.9874262,35.7,86.85
insurance_match,POST,409.4520000000017,200,True,,500,41.9874959,35.7,86.85
insurance_match,POST,408.4602000000004,200,True,,500,41.9875587,35.7,86.85
insurance_match,POST,407.60749999999746,200,True,,500,41.9876206,35.7,86.85
insurance_match,POST,412.06009999999793,200,True,,500,41.9878755,35.7,86.85
insurance_match,POST,411.9260000000011,200,True,,500,41.9881098,35.7,86.85
insurance_match,POST,411.5171999999987,200,True,,500,41.9881965,35.7,86.85
insurance_match,POST,412.17220000000054,200,True,,500,41.98827,35.7,86.85
insurance_match,POST,411.47519999999815,200,True,,500,41.9883569,35.7,86.85
insurance_match,POST,411.8075000000019,200,True,,500,41.9884151,35.7,86.85
insurance_match,POST,411.662800000002,200,True,,500,41.9884682,35.7,86.85
insurance_match,POST,408.5784999999973,200,True,,500,41.9885199,35.7,86.85
insurance_match,POST,416.3408000000004,200,True,,500,41.988572,35.7,86.85
insurance_match,POST,414.5077000000015,200,True,,500,41.9886228,35.7,86.85
insurance_match,POST,415.7087999999973,200,True,,500,41.9886763,35.7,86.85
insurance_match,POST,415.4490000000024,200,True,,500,41.9887945,35.7,86.85
insurance_match,POST,414.06109999999785,200,True,,500,41.9888519,35.7,86.85
insurance_match,POST,415.159899999999,200,True,,500,41.9889081,35.7,86.85
insurance_match,POST,414.31920000000133,200,True,,500,41.9889618,35.7,86.85
insurance_match,POST,417.1011999999976,200,True,,500,41.9890143,35.7,86.85
insurance_match,POST,417.2251999999972,200,True,,500,41.9890844,35.7,86.85
insurance_match,POST,425.67679999999797,200,True,,500,41.9891373,35.7,86.85
insurance_match,POST,424.77700000000596,200,True,,500,41.9891879,35.7,86.85
insurance_match,POST,425.6735999999961,200,True,,500,41.9892418,35.7,86.85
insurance_match,POST,424.99010000000226,200,True,,500,41.9892944,35.7,86.85
insurance_match,POST,425.15329999999807,200,True,,500,41.9893486,35.7,86.85
insurance_match,POST,425.19390000000357,200,True,,500,41.9894021,35.7,86.85
insurance_match,POST,425.56009999999844,200,True,,500,41.9894529,35.7,86.85
insurance_match,POST,424.90190000000183,200,True,,500,41.9895036,35.7,86.85
insurance_match,POST,425.10230000000604,200,True,,500,41.989605,35.7,86.85
insurance_match,POST,424.8307000000011,200,True,,500,41.9898097,35.7,86.85
insurance_match,POST,424.15340000000157,200,True,,500,41.9899933,35.7,86.85
insurance_match,POST,430.14579999999825,200,True,,500,41.9901095,35.7,86.85
insurance_match,POST,432.6245999999969,200,True,,500,41.9902133,35.7,86.85
insurance_match,POST,430.3853999999987,200,True,,500,41.9903084,35.7,86.85
insurance_match,POST,430.1840999999982,200,True,,500,41.9903993,35.7,86.85
insurance_match,POST,429.9548999999985,200,True,,500,41.9904989,35.7,86.85
insurance_match,POST,432.33890000000486,200,True,,500,41.9906058,35.7,86.85
insurance_match,POST,432.45749999999816,200,True,,500,41.990696,35.7,86.85
insurance_match,POST,432.30050000000375,200,True,,500,41.9907883,35.7,86.85
insurance_match,POST,432.1362000000022,200,True,,500,41.9908838,35.7,86.85
insurance_match,POST,435.9713999999997,200,True,,500,41.9909807,35.7,86.85
insurance_match,POST,436.1796999999967,200,True,,500,41.9910895,35.7,86.85
insurance_match,POST,435.8513999999971,200,True,,500,41.991211,35.7,86.85
insurance_match,POST,435.8075000000028,200,True,,500,41.9913331,35.7,86.85
insurance_match,POST,435.76579999999865,200,True,,500,41.9914408,35.7,86.85
insurance_match,POST,441.5090000000035,200,True,,500,41.9916834,35.7,86.85
insurance_match,POST,450.72849999999676,200,True,,500,41.9918993,35.7,86.85
insurance_match,POST,448.83799999999496,200,True,,500,41.9920977,35.7,86.85
insurance_match,POST,449.39750000000345,200,True,,500,41.9922653,35.7,86.85
insurance_match,POST,451.60019999999435,200,True,,500,41.9924516,35.7,86.85
insurance_match,POST,450.97390000000104,200,True,,500,41.9926188,35.7,86.85
insurance_match,POST,451.1614000000037,200,True,,500,41.9927236,35.7,86.85
insurance_match,POST,450.12169999999685,200,True,,500,41.9928249,35.7,86.85
insurance_match,POST,449.30400000000503,200,True,,500,41.9929382,35.7,86.85
summarize_text,POST,155.6404000000029,200,True,,100,44.7737231,35.4,87.1
summarize_text,POST,131.6382000000047,200,True,,100,44.7752869,35.4,87.1
summarize_text,POST,128.47349999999835,200,True,,100,44.7762608,35.4,87.1
summarize_text,POST,154.2519999999996,200,True,,100,44.7767355,35.4,87.1
summarize_text,POST,128.8773000000063,200,True,,100,44.777072,35.4,87.1
summarize_text,POST,127.33829999999813,200,True,,100,44.7779717,35.4,87.1
summarize_text,POST,125.59389999999837,200,True,,100,44.7800709,35.4,87.1
summarize_text,POST,121.8553,200,True,,100,44.7809973,35.4,87.1
summarize_text,POST,122.51189999999923,200,True,,100,44.7816123,35.4,87.1
summarize_text,POST,146.03480000000246,200,True,,100,44.7822488,35.4,87.1
summarize_text,POST,123.86049999999926,200,True,,100,44.7834091,35.4,87.1
summarize_text,POST,123.64190000000264,200,True,,100,44.7839685,35.4,87.1
summarize_text,POST,124.4792999999973,200,True,,100,44.7846563,35.4,87.1
summarize_text,POST,117.04000000000292,200,True,,100,44.785329,35.4,87.1
summarize_text,POST,115.8867999999984,200,True,,100,44.786198,35.4,87.1
summarize_text,POST,116.64050000000259,200,True,,100,44.7877891,35.4,87.1
summarize_text,POST,112.89440000000184,200,True,,100,44.7885159,35.4,87.1
summarize_text,POST,119.57150000000638,200,True,,100,44.7890385,35.4,87.1
summarize_text,POST,140.4316999999935,200,True,,100,44.7895492,35.4,87.1
summarize_text,POST,113.5633000000027,200,True,,100,44.7902589,35.4,87.1
summarize_text,POST,116.13890000000282,200,True,,100,44.7913168,35.4,87.1
summarize_text,POST,116.48519999999962,200,True,,100,44.792255,35.4,87.1
summarize_text,POST,109.56660000000085,200,True,,100,44.7935475,35.4,87.1
summarize_text,POST,113.43240000000065,200,True,,100,44.7947698,35.4,87.1
summarize_text,POST,112.38579999999843,200,True,,100,44.7953604,35.4,87.1
summarize_text,POST,109.29829999999896,200,True,,100,44.7957303,35.4,87.1
summarize_text,POST,111.65909999999712,200,True,,100,44.7964019,35.4,87.1
summarize_text,POST,171.38670000000644,200,True,,100,44.7968194,35.4,87.1
summarize_text,POST,111.75029999999708,200,True,,100,44.7971207,35.4,87.1
summarize_text,POST,105.22289999999401,200,True,,100,44.7973836,35.4,87.1
summarize_text,POST,133.02269999999794,200,True,,100,44.797631,35.4,87.1
summarize_text,POST,130.79400000000163,200,True,,100,44.7983738,35.4,87.1
summarize_text,POST,131.93420000000344,200,True,,100,44.7988934,35.4,87.1
summarize_text,POST,130.16380000000538,200,True,,100,44.8002791,35.4,87.1
summarize_text,POST,130.18890000000027,200,True,,100,44.8009553,35.4,87.1
summarize_text,POST,107.33340000000169,200,True,,100,44.8016682,35.4,87.1
summarize_text,POST,126.69079999999866,200,True,,100,44.8021918,35.4,87.1
summarize_text,POST,124.970900000001,200,True,,100,44.8029012,35.4,87.1
summarize_text,POST,104.27269999999567,200,True,,100,44.8036133,35.4,87.1
summarize_text,POST,178.76400000000103,200,True,,100,44.804209,35.4,87.1
summarize_text,POST,177.1737999999985,200,True,,100,44.8055591,35.4,87.1
summarize_text,POST,102.16179999999753,200,True,,100,44.8063147,35.4,87.1
summarize_text,POST,96.37180000000001,200,True,,100,44.8071196,35.4,87.1
summarize_text,POST,120.47950000000185,200,True,,100,44.8081399,35.4,87.1
summarize_text,POST,99.6717000000018,200,True,,100,44.8086683,35.4,87.1
summarize_text,POST,138.7500000000017,200,True,,100,44.8093156,35.4,87.1
summarize_text,POST,134.89759999999507,200,True,,100,44.8100042,35.4,87.1
summarize_text,POST,133.44520000000415,200,True,,100,44.8112454,35.4,87.1
summarize_text,POST,133.29269999999838,200,True,,100,44.8117613,35.4,87.1
summarize_text,POST,133.60189999999506,200,True,,100,44.8122254,35.4,87.1
summarize_text,POST,133.35359999999952,200,True,,100,44.8126644,35.4,87.1
summarize_text,POST,134.90920000000273,200,True,,100,44.8129764,35.4,87.1
summarize_text,POST,131.96370000000002,200,True,,100,44.8132345,35.4,87.1
summarize_text,POST,131.23720000000105,200,True,,100,44.8137436,35.4,87.1
summarize_text,POST,130.65240000000244,200,True,,100,44.8141575,35.4,87.1
summarize_text,POST,129.90930000000134,200,True,,100,44.8144894,35.4,87.1
summarize_text,POST,131.13889999999628,200,True,,100,44.8147425,35.4,87.1
summarize_text,POST,130.68840000000392,200,True,,100,44.8149757,35.4,87.1
summarize_text,POST,130.4100000000048,200,True,,100,44.8151994,35.4,87.1
summarize_text,POST,132.0685000000026,200,True,,100,44.8154524,35.4,87.1
summarize_text,POST,131.84660000000292,200,True,,100,44.8159778,35.4,87.1
summarize_text,POST,129.1675000000012,200,True,,100,44.8165528,35.4,87.1
summarize_text,POST,128.81920000000235,200,True,,100,44.8169537,35.4,87.1
summarize_text,POST,130.95969999999824,200,True,,100,44.8173091,35.4,87.1
summarize_text,POST,130.3207999999998,200,True,,100,44.8178844,35.4,87.1
summarize_text,POST,129.41169999999858,200,True,,100,44.8181711,35.4,87.1
summarize_text,POST,128.98330000000158,200,True,,100,44.8184097,35.4,87.1
summarize_text,POST,128.70170000000059,200,True,,100,44.8186293,35.4,87.1
summarize_text,POST,127.51699999999744,200,True,,100,44.8189591,35.4,87.1
summarize_text,POST,127.7995999999959,200,True,,100,44.8194687,35.4,87.1
summarize_text,POST,127.21240000000478,200,True,,100,44.8198612,35.4,87.1
summarize_text,POST,126.97730000000007,200,True,,100,44.8202275,35.4,87.1
summarize_text,POST,126.40129999999772,200,True,,100,44.8205937,35.4,87.1
summarize_text,POST,125.26340000000147,200,True,,100,44.8211395,35.4,87.1
summarize_text,POST,124.42380000000242,200,True,,100,44.8216642,35.4,87.1
summarize_text,POST,125.7323000000028,200,True,,100,44.8219114,35.4,87.1
summarize_text,POST,124.02069999999554,200,True,,100,44.8223118,35.4,87.1
summarize_text,POST,124.62529999999816,200,True,,100,44.8228318,35.4,87.1
summarize_text,POST,121.9698999999963,200,True,,100,44.8231553,35.4,87.1
summarize_text,POST,122.7854999999991,200,True,,100,44.8233982,35.4,87.1
summarize_text,POST,121.64600000000547,200,True,,100,44.8236242,35.4,87.1
summarize_text,POST,121.50270000000063,200,True,,100,44.8238394,35.4,87.1
summarize_text,POST,121.4999999999975,200,True,,100,44.824039,35.4,87.1
summarize_text,POST,122.0302999999987,200,True,,100,44.8242296,35.4,87.1
summarize_text,POST,123.1346000000002,200,True,,100,44.8245677,35.4,87.1
summarize_text,POST,120.68929999999511,200,True,,100,44.8247836,35.4,87.1
summarize_text,POST,120.44530000000009,200,True,,100,44.8249633,35.4,87.1
summarize_text,POST,122.00649999999769,200,True,,100,44.825136,35.4,87.1
summarize_text,POST,474.80819999999824,200,True,,100,44.8253046,35.4,87.1
summarize_text,POST,474.5132000000041,200,True,,100,44.8254836,35.4,87.1
summarize_text,POST,122.47159999999724,200,True,,100,44.8256554,35.4,87.1
summarize_text,POST,120.84510000000392,200,True,,100,44.8258258,35.4,87.1
summarize_text,POST,120.68620000000152,200,True,,100,44.8260515,35.4,87.1
summarize_text,POST,120.11779999999561,200,True,,100,44.8264136,35.4,87.1
summarize_text,POST,119.87079999999395,200,True,,100,44.8267311,35.4,87.1
summarize_text,POST,119.69249999999931,200,True,,100,44.8271178,35.4,87.1
summarize_text,POST,120.46929999999634,200,True,,100,44.8272935,35.4,87.1
summarize_text,POST,118.26400000000348,200,True,,100,44.8276822,35.4,87.1
summarize_text,POST,120.0152999999986,200,True,,100,44.8279907,35.4,87.1
summarize_text,POST,119.73609999999724,200,True,,100,44.8282102,35.4,87.1
summarize_text,POST,85.67269999999638,200,True,,100,44.9112407,35.4,87.1
summarize_text,POST,98.5958999999994,200,True,,100,44.9121507,35.4,87.1
summarize_text,POST,98.26860000000437,200,True,,100,44.9127381,35.4,87.1
summarize_text,POST,97.99369999999641,200,True,,100,44.9131822,35.4,87.1
summarize_text,POST,97.68189999999777,200,True,,100,44.9135784,35.4,87.1
summarize_text,POST,95.64869999999814,200,True,,100,44.9139732,35.4,87.1
summarize_text,POST,95.38609999999892,200,True,,100,44.9143495,35.4,87.1
summarize_text,POST,95.6636999999958,200,True,,100,44.9147163,35.4,87.1
summarize_text,POST,95.48699999999855,200,True,,100,44.9150773,35.4,87.1
summarize_text,POST,89.62470000000167,200,True,,100,44.9154251,35.4,87.1
summarize_text,POST,94.50199999999853,200,True,,100,44.9157747,35.4,87.1
summarize_text,POST,93.17040000000532,200,True,,100,44.9162998,35.4,87.1
summarize_text,POST,89.37420000000174,200,True,,100,44.9168623,35.4,87.1
summarize_text,POST,92.6967999999988,200,True,,100,44.9174335,35.4,87.1
summarize_text,POST,86.64290000000108,200,True,,100,44.917842,35.4,87.1
summarize_text,POST,92.73870000000528,200,True,,100,44.9181846,35.4,87.1
summarize_text,POST,92.16389999999564,200,True,,100,44.9184891,35.4,87.1
summarize_text,POST,90.9668000000039,200,True,,100,44.9198703,35.4,87.1
summarize_text,POST,800.6390999999979,200,True,,100,44.9203956,35.4,87.1
summarize_text,POST,473.02580000000205,200,True,,100,44.9208029,35.4,87.1
summarize_text,POST,472.5310000000036,200,True,,100,44.9211878,35.4,87.1
summarize_text,POST,84.06020000000325,200,True,,100,44.9215503,35.4,87.1
summarize_text,POST,83.75960000000049,200,True,,100,44.9221031,35.4,87.1
summarize_text,POST,82.76000000000039,200,True,,100,44.9226166,35.4,87.1
summarize_text,POST,87.46529999999808,200,True,,100,44.923009,35.4,87.1
summarize_text,POST,82.6502999999974,200,True,,100,44.923402,35.4,87.1
summarize_text,POST,87.29309999999657,200,True,,100,44.9237978,35.4,87.1
summarize_text,POST,482.41219999999885,200,True,,100,44.9242617,35.4,87.1
summarize_text,POST,481.54800000000364,200,True,,100,44.9249345,35.4,87.1
summarize_text,POST,794.9602999999996,200,True,,100,44.925685,35.4,87.1
summarize_text,POST,80.30769999999876,200,True,,100,44.937742,35.4,87.1
summarize_text,POST,79.03559999999743,200,True,,100,44.9389473,35.4,87.1
summarize_text,POST,77.96429999999788,200,True,,100,44.9397479,35.4,87.1
summarize_text,POST,76.95530000000161,200,True,,100,44.9405155,35.4,87.1
summarize_text,POST,157.71879999999783,200,True,,100,44.9413107,35.4,87.1
summarize_text,POST,76.01089999999999,200,True,,100,44.9419047,35.4,87.1
summarize_text,POST,75.18960000000163,200,True,,100,44.9423667,35.4,87.1
summarize_text,POST,75.03340000000236,200,True,,100,44.9427471,35.4,87.1
summarize_text,POST,74.26639999999907,200,True,,100,44.9430909,35.4,87.1
summarize_text,POST,74.2662999999979,200,True,,100,44.9433475,35.4,87.1
summarize_text,POST,74.50800000000157,200,True,,100,44.9436061,35.4,87.1
summarize_text,POST,73.95679999999771,200,True,,100,44.9438921,35.4,87.1
summarize_text,POST,95.4069000000004,200,True,,100,44.9490482,35.4,87.1
summarize_text,POST,85.51710000000412,200,True,,100,44.9492978,35.4,87.1
summarize_text,POST,77.35169999999414,200,True,,100,44.9495853,35.4,87.1
summarize_text,POST,85.22700000000327,200,True,,100,44.949776,35.4,87.1
summarize_text,POST,83.77929999999623,200,True,,100,44.9499373,35.4,87.1
summarize_text,POST,76.67899999999861,200,True,,100,44.950155,35.4,87.1
summarize_text,POST,94.33279999999655,200,True,,100,44.9504048,35.4,87.1
summarize_text,POST,94.08820000000162,200,True,,100,44.9505605,35.4,87.1
summarize_text,POST,81.05060000000464,200,True,,100,44.950703,35.4,87.1
summarize_text,POST,80.07669999999933,200,True,,100,44.9510305,35.4,87.1
summarize_text,POST,79.84179999999697,200,True,,100,44.9513893,35.4,87.1
summarize_text,POST,82.83999999999736,200,True,,100,44.9517785,35.4,87.1
summarize_text,POST,82.67620000000164,200,True,,100,44.9522328,35.4,87.1
summarize_text,POST,77.96970000000414,200,True,,100,44.9526342,35.4,87.1
summarize_text,POST,81.34460000000132,200,True,,100,44.9530204,35.4,87.1
summarize_text,POST,80.69549999999737,200,True,,100,44.9534025,35.4,87.1
summarize_text,POST,197.7367000000001,200,True,,100,44.9537931,35.4,87.1
summarize_text,POST,77.45369999999951,200,True,,100,44.9559126,35.4,87.1
summarize_text,POST,75.14910000000441,200,True,,100,44.9563181,35.4,87.1
summarize_text,POST,78.06479999999993,200,True,,100,44.9566536,35.4,87.1
summarize_text,POST,76.15950000000282,200,True,,100,44.9570096,35.4,87.1
summarize_text,POST,73.13489999999945,200,True,,100,44.9573806,35.4,87.1
summarize_text,POST,72.84520000000327,200,True,,100,44.9576284,35.4,87.1
summarize_text,POST,73.8825000000034,200,True,,100,44.9577361,35.4,87.1
summarize_text,POST,72.47800000000382,200,True,,100,44.9578481,35.4,87.1
summarize_text,POST,76.547699999999,200,True,,100,44.9579675,35.4,87.1
summarize_text,POST,74.32189999999395,200,True,,100,44.9580788,35.4,87.1
summarize_text,POST,71.93299999999425,200,True,,100,44.9581895,35.4,87.1
summarize_text,POST,72.59220000000255,200,True,,100,44.9583015,35.4,87.1
summarize_text,POST,68.27619999999968,200,True,,100,44.9584112,35.4,87.1
summarize_text,POST,74.92410000000405,200,True,,100,44.9586079,35.4,87.1
summarize_text,POST,73.21689999999847,200,True,,100,44.9587621,35.4,87.1
summarize_text,POST,76.20520000000397,200,True,,100,44.9588872,35.4,87.1
summarize_text,POST,73.87529999999742,200,True,,100,44.9589997,35.4,87.1
summarize_text,POST,85.2049000000008,200,True,,100,44.9591093,35.4,87.1
summarize_text,POST,85.32360000000239,200,True,,100,44.9592323,35.4,87.1
summarize_text,POST,74.5617999999979,200,True,,100,44.9593499,35.4,87.1
summarize_text,POST,89.20959999999667,200,True,,100,44.9594681,35.4,87.1
summarize_text,POST,89.03119999999376,200,True,,100,44.9595843,35.4,87.1
summarize_text,POST,88.593699999997,200,True,,100,44.959701,35.4,87.1
summarize_text,POST,88.73579999999492,200,True,,100,44.9598165,35.4,87.1
summarize_text,POST,87.92420000000334,200,True,,100,44.9599438,35.4,87.1
summarize_text,POST,87.64539999999954,200,True,,100,44.9600632,35.4,87.1
summarize_text,POST,87.98620000000312,200,True,,100,44.9601785,35.4,87.1
summarize_text,POST,87.13269999999795,200,True,,100,44.960396,35.4,87.1
summarize_text,POST,87.43640000000141,200,True,,100,44.9605229,35.4,87.1
summarize_text,POST,87.45659999999589,200,True,,100,44.9606423,35.4,87.1
summarize_text,POST,87.6002999999983,200,True,,100,44.9607601,35.4,87.1
summarize_text,POST,87.61390000000091,200,True,,100,44.9608756,35.4,87.1
summarize_text,POST,87.43279999999487,200,True,,100,44.9609918,35.4,87.1
summarize_text,POST,87.12949999999609,200,True,,100,44.9611006,35.4,87.1
summarize_text,POST,86.5761999999961,200,True,,100,44.9612118,35.4,87.1
summarize_text,POST,86.30389999999721,200,True,,100,44.9613248,35.4,87.1
summarize_text,POST,79.76730000000032,200,True,,100,44.9682628,35.4,87.1
summarize_text,POST,73.69219999999643,200,True,,100,44.9830533,35.4,87.1
summarize_text,POST,73.85819999999654,200,True,,100,44.983724,35.4,87.1
summarize_text,POST,75.31180000000148,200,True,,100,44.9970474,35.4,87.1
summarize_text,POST,70.24820000000176,200,True,,100,45.0071221,35.4,87.1
summarize_text,POST,70.08769999999487,200,True,,100,45.0075974,35.4,87.1
summarize_text,POST,69.88869999999991,200,True,,100,45.0079337,35.4,87.1
summarize_text,POST,69.33079999999592,200,True,,100,45.0082048,35.4,87.1
summarize_text,POST,68.16260000000085,200,True,,100,45.0085476,35.4,87.1
summarize_text,POST,69.1757000000024,200,True,,100,45.0087791,35.4,87.1
summarize_text,POST,68.09349999999625,200,True,,100,45.0090677,35.4,87.1
summarize_text,POST,82.10719999999583,200,True,,100,45.0118438,35.4,87.1
summarize_text,POST,75.34289999999544,200,True,,100,45.0122142,35.4,87.1
summarize_text,POST,73.52269999999805,200,True,,100,45.012487,35.4,87.1
summarize_text,POST,74.66510000000426,200,True,,100,45.0127568,35.4,87.1
summarize_text,POST,73.03879999999907,200,True,,100,45.0130733,35.4,87.1
summarize_text,POST,72.5369000000029,200,True,,100,45.0133697,35.4,87.1
summarize_text,POST,80.17939999999868,200,True,,100,45.0136969,35.4,87.1
summarize_text,POST,71.58090000000072,200,True,,100,45.0139889,35.4,87.1
summarize_text,POST,71.52380000000136,200,True,,100,45.0142783,35.4,87.1
summarize_text,POST,70.81669999999463,200,True,,100,45.0145654,35.4,87.1
summarize_text,POST,71.77149999999699,200,True,,100,45.014754,35.4,87.1
summarize_text,POST,71.30169999999936,200,True,,100,45.0149151,35.4,87.1
summarize_text,POST,71.33220000000051,200,True,,100,45.0150832,35.4,87.1
summarize_text,POST,71.3970000000046,200,True,,100,45.0152503,35.4,87.1
summarize_text,POST,70.27919999999455,200,True,,100,45.0154149,35.4,87.1
summarize_text,POST,70.7374999999999,200,True,,100,45.015582,35.4,87.1
summarize_text,POST,75.50459999999504,200,True,,100,45.0182433,35.4,87.1
summarize_text,POST,75.52259999999933,200,True,,100,45.0184943,35.4,87.1
summarize_text,POST,68.37309999999519,200,True,,100,45.0186812,35.4,87.1
summarize_text,POST,67.93979999999777,200,True,,100,45.0188383,35.4,87.1
summarize_text,POST,68.27940000000154,200,True,,100,45.0189956,35.4,87.1
summarize_text,POST,77.57459999999838,200,True,,100,45.0191451,35.4,87.1
summarize_text,POST,79.0549000000027,200,True,,100,45.0192796,35.4,87.1
summarize_text,POST,77.43109999999831,200,True,,100,45.0194088,35.4,87.1
summarize_text,POST,77.39459999999809,200,True,,100,45.0195385,35.4,87.1
summarize_text,POST,77.34089999999583,200,True,,100,45.0196777,35.4,87.1
summarize_text,POST,79.12239999999571,200,True,,100,45.0198132,35.4,87.1
summarize_text,POST,74.5172000000025,200,True,,100,45.0283751,35.4,87.1
summarize_text,POST,74.07360000000551,200,True,,100,45.0290274,35.4,87.1
summarize_text,POST,73.51299999999839,200,True,,100,45.0294994,35.4,87.1
summarize_text,POST,79.42160000000342,200,True,,100,45.0357657,35.4,87.1
summarize_text,POST,90.67689999999828,200,True,,100,45.0365759,35.4,87.1
summarize_text,POST,98.63289999999836,200,True,,100,45.0368958,35.4,87.1
summarize_text,POST,98.03829999999891,200,True,,100,45.0371359,35.4,87.1
summarize_text,POST,98.50889999999879,200,True,,100,45.0373473,35.4,87.1
summarize_text,POST,97.83800000000298,200,True,,100,45.0375507,35.4,87.1
summarize_text,POST,88.56369999999458,200,True,,100,45.0377476,35.4,87.1
summarize_text,POST,96.91219999999845,200,True,,100,45.0379756,35.4,87.1
summarize_text,POST,96.20199999999812,200,True,,100,45.0381714,35.4,87.1
summarize_text,POST,75.96459999999894,200,True,,100,45.0383601,35.4,87.1
summarize_text,POST,74.24209999999931,200,True,,100,45.0385495,35.4,87.1
summarize_text,POST,75.36269999999945,200,True,,100,45.038761,35.4,87.1
summarize_text,POST,96.83359999999652,200,True,,100,45.0389543,35.4,87.1
summarize_text,POST,96.7764000000031,200,True,,100,45.0391456,35.4,87.1
summarize_text,POST,75.15329999999665,200,True,,100,45.0393388,35.4,87.1
summarize_text,POST,75.27770000000089,200,True,,100,45.0395288,35.4,87.1
summarize_text,POST,73.4442000000044,200,True,,100,45.0397209,35.4,87.1
summarize_text,POST,73.3341999999979,200,True,,100,45.0404835,35.4,87.1
summarize_text,POST,71.72110000000487,200,True,,100,45.0409077,35.4,87.1
summarize_text,POST,70.73350000000289,200,True,,100,45.0412209,35.4,87.1
summarize_text,POST,70.80799999999954,200,True,,100,45.0414587,35.4,87.1
summarize_text,POST,71.33140000000537,200,True,,100,45.0416652,35.4,87.1
summarize_text,POST,71.99750000000193,200,True,,100,45.0419737,35.4,87.1
summarize_text,POST,70.9446999999983,200,True,,100,45.0425452,35.4,87.1
summarize_text,POST,71.58789999999726,200,True,,100,45.0430517,35.4,87.1
summarize_text,POST,70.24429999999882,200,True,,100,45.0434105,35.4,87.1
summarize_text,POST,69.56869999999782,200,True,,100,45.043751,35.4,87.1
summarize_text,POST,68.47090000000122,200,True,,100,45.0439909,35.4,87.1
summarize_text,POST,89.26480000000225,200,True,,100,45.0464428,35.4,87.1
summarize_text,POST,89.56930000000085,200,True,,100,45.0467007,35.4,87.1
summarize_text,POST,89.69849999999724,200,True,,100,45.0469043,35.4,87.1
summarize_text,POST,89.00959999999714,200,True,,100,45.0470886,35.4,87.1
summarize_text,POST,89.17509999999851,200,True,,100,45.0472647,35.4,87.1
summarize_text,POST,88.39110000000261,200,True,,100,45.0491421,35.4,87.1
summarize_text,POST,87.56020000000575,200,True,,100,45.0493537,35.4,87.1
summarize_text,POST,485.67280000000324,200,True,,100,45.0495257,35.4,87.1
summarize_text,POST,102.18600000000322,200,True,,100,45.0496783,35.4,87.1
summarize_text,POST,102.1968999999956,200,True,,100,45.0498289,35.4,87.1
summarize_text,POST,101.71030000000059,200,True,,100,45.0499886,35.4,87.1
summarize_text,POST,99.98290000000054,200,True,,100,45.0501296,35.4,87.1
summarize_text,POST,99.20730000000333,200,True,,100,45.0502659,35.4,87.1
summarize_text,POST,100.62560000000076,200,True,,100,45.0503987,35.4,87.1
summarize_text,POST,100.29730000000114,200,True,,100,45.0505335,35.4,87.1
summarize_text,POST,99.06320000000335,200,True,,100,45.0506676,35.4,87.1
summarize_text,POST,183.91210000000058,200,True,,100,45.0508857,35.4,87.1
summarize_text,POST,164.64769999999618,200,True,,100,45.0511259,35.4,87.1
summarize_text,POST,99.82090000000454,200,True,,100,45.0513735,35.4,87.1
summarize_text,POST,98.21399999999869,200,True,,100,45.0520735,35.4,87.1
summarize_text,POST,97.9042000000021,200,True,,100,45.0525673,35.4,87.1
summarize_text,POST,95.96280000000235,200,True,,100,45.052949,35.4,87.1
summarize_text,POST,93.03129999999982,200,True,,100,45.0569021,35.4,87.1
summarize_text,POST,93.6013000000031,200,True,,100,45.0577574,35.4,87.1
summarize_text,POST,88.73979999999904,200,True,,100,45.072574,35.4,87.1
summarize_text,POST,87.958399999998,200,True,,100,45.0780303,35.4,87.1
summarize_text,POST,87.77759999999546,200,True,,100,45.0787338,35.4,87.1
summarize_text,POST,88.28829999999499,200,True,,100,45.079182,35.4,87.1
summarize_text,POST,88.11749999999563,200,True,,100,45.0795535,35.4,87.1
summarize_text,POST,87.25439999999907,200,True,,100,45.0799022,35.4,87.1
summarize_text,POST,85.9219999999965,200,True,,100,45.0803772,35.4,87.1
summarize_text,POST,85.15279999999592,200,True,,100,45.0816712,35.4,87.1
summarize_text,POST,85.52309999999608,200,True,,100,45.0879544,35.4,87.1
summarize_text,POST,84.89919999999529,200,True,,100,45.0883545,35.4,87.1
summarize_text,POST,84.3447000000026,200,True,,100,45.088654,35.4,87.1
summarize_text,POST,87.14580000000183,200,True,,100,45.0890268,35.4,87.1
summarize_text,POST,85.3406000000021,200,True,,100,45.0894329,35.4,87.1
summarize_text,POST,85.27239999999381,200,True,,100,45.089803,35.4,87.1
summarize_text,POST,83.62250000000415,200,True,,100,45.0900434,35.4,87.1
summarize_text,POST,86.04979999999784,200,True,,100,45.0902669,35.4,87.1
summarize_text,POST,85.97100000000069,200,True,,100,45.0904897,35.4,87.1
summarize_text,POST,83.2874999999973,200,True,,100,45.0907106,35.4,87.1
summarize_text,POST,82.90390000000514,200,True,,100,45.090928,35.4,87.1
summarize_text,POST,84.72519999999406,200,True,,100,45.091157,35.4,87.1
summarize_text,POST,84.6423999999999,200,True,,100,45.0913852,35.4,87.1
summarize_text,POST,82.87359999999921,200,True,,100,45.0915925,35.4,87.1
summarize_text,POST,83.04480000000325,200,True,,100,45.0918825,35.4,87.1
summarize_text,POST,81.96120000000207,200,True,,100,45.0921976,35.4,87.1
summarize_text,POST,81.79469999999611,200,True,,100,45.0925194,35.4,87.1
summarize_text,POST,79.85610000000065,200,True,,100,45.0957052,35.4,87.1
summarize_text,POST,79.75140000000636,200,True,,100,45.0959775,35.4,87.1
summarize_text,POST,79.18229999999937,200,True,,100,45.0961892,35.4,87.1
summarize_text,POST,78.84169999999813,200,True,,100,45.0963818,35.4,87.1
summarize_text,POST,95.2917000000042,200,True,,100,45.0974697,35.4,87.1
summarize_text,POST,79.02469999999795,200,True,,100,45.0977319,35.4,87.1
summarize_text,POST,78.67680000000377,200,True,,100,45.0979323,35.4,87.1
summarize_text,POST,76.50699999999944,200,True,,100,45.0981095,35.4,87.1
summarize_text,POST,93.8803999999962,200,True,,100,45.0986653,35.4,87.1
summarize_text,POST,93.77740000000045,200,True,,100,45.0991519,35.4,87.1
summarize_text,POST,77.60730000000393,200,True,,100,45.0993437,35.4,87.1
summarize_text,POST,90.11209999999892,200,True,,100,45.1031402,35.4,87.1
summarize_text,POST,89.63500000000124,200,True,,100,45.1034439,35.4,87.1
summarize_text,POST,89.7428999999974,200,True,,100,45.1036674,35.4,87.1
summarize_text,POST,84.17670000000044,200,True,,100,45.1157522,35.4,87.1
summarize_text,POST,166.88649999999683,200,True,,100,45.1166635,35.4,87.1
summarize_text,POST,85.51769999999692,200,True,,100,45.1172522,35.4,87.1
summarize_text,POST,86.36040000000378,200,True,,100,45.1177977,35.4,87.1
summarize_text,POST,83.1868,200,True,,100,45.1185184,35.4,87.1
summarize_text,POST,84.28569999999524,200,True,,100,45.1189765,35.4,87.1
summarize_text,POST,82.5487000000038,200,True,,100,45.1194018,35.4,87.1
summarize_text,POST,83.71909999999616,200,True,,100,45.1203008,35.4,87.1
summarize_text,POST,79.58989999999488,200,True,,100,45.1207914,35.4,87.1
summarize_text,POST,81.12580000000236,200,True,,100,45.1212477,35.4,87.1
summarize_text,POST,81.90769999999503,200,True,,100,45.1216756,35.4,87.1
summarize_text,POST,81.79470000000322,200,True,,100,45.1220593,35.4,87.1
summarize_text,POST,77.78899999999567,200,True,,100,45.12241,35.4,87.1
summarize_text,POST,80.59910000000059,200,True,,100,45.1228348,35.4,87.1
summarize_text,POST,80.46929999999719,200,True,,100,45.1232575,35.4,87.1
summarize_text,POST,77.16519999999605,200,True,,100,45.123643,35.4,87.1
summarize_text,POST,77.24320000000517,200,True,,100,45.1240106,35.4,87.1
summarize_text,POST,77.41050000000627,200,True,,100,45.1256339,35.4,87.1
summarize_text,POST,82.9929000000007,200,True,,100,45.1324119,35.4,87.1
summarize_text,POST,82.28900000000294,200,True,,100,45.1333534,35.4,87.1
summarize_text,POST,79.91119999999796,200,True,,100,45.1396948,35.4,87.1
summarize_text,POST,79.07079999999667,200,True,,100,45.1403954,35.4,87.1
summarize_text,POST,84.32839999999686,200,True,,100,45.1413711,35.4,87.1
summarize_text,POST,83.71070000000458,200,True,,100,45.1419169,35.4,87.1
summarize_text,POST,82.89149999999523,200,True,,100,45.1424894,35.4,87.1
summarize_text,POST,81.43160000000194,200,True,,100,45.1432977,35.4,87.1
summarize_text,POST,81.32740000000638,200,True,,100,45.1438868,35.4,87.1
summarize_text,POST,80.32639999999702,200,True,,100,45.1447033,35.4,87.1
summarize_text,POST,73.96280000000388,200,True,,100,45.1453633,35.4,87.1
summarize_text,POST,73.84370000000473,200,True,,100,45.1458902,35.4,87.1
summarize_text,POST,72.74400000000014,200,True,,100,45.1464266,35.4,87.1
summarize_text,POST,72.08510000000246,200,True,,100,45.1468716,35.4,87.1
summarize_text,POST,166.2846999999985,200,True,,100,45.1472937,35.4,87.1
summarize_text,POST,77.8735000000026,200,True,,100,45.1476713,35.4,87.1
summarize_text,POST,77.78079999999932,200,True,,100,45.1480737,35.4,87.1
summarize_text,POST,78.45820000000003,200,True,,100,45.1542544,35.4,87.1
summarize_text,POST,78.35570000000303,200,True,,100,45.1550009,35.4,87.1
summarize_text,POST,78.71370000000155,200,True,,100,45.1555027,35.4,87.1
summarize_text,POST,78.53539999999981,200,True,,100,45.1559375,35.4,87.1
summarize_text,POST,76.77650000000114,200,True,,100,45.1564365,35.4,87.1
summarize_text,POST,161.37979999999885,200,True,,100,45.1568502,35.4,87.1
summarize_text,POST,77.10819999999785,200,True,,100,45.1572352,35.4,87.1
summarize_text,POST,76.44050000000391,200,True,,100,45.1576366,35.4,87.1
summarize_text,POST,76.60239999999874,200,True,,100,45.1580286,35.4,87.1
summarize_text,POST,75.19820000000266,200,True,,100,45.1584686,35.4,87.1
summarize_text,POST,74.98449999999934,200,True,,100,45.1588681,35.4,87.1
summarize_text,POST,73.64009999999865,200,True,,100,45.1592556,35.4,87.1
summarize_text,POST,73.88040000000018,200,True,,100,45.1596269,35.4,87.1
summarize_text,POST,73.05960000000056,200,True,,100,45.1599986,35.4,87.1
summarize_text,POST,71.94480000000425,200,True,,100,45.1604161,35.4,87.1
summarize_text,POST,79.69020000000171,200,True,,100,45.1649376,35.4,87.1
summarize_text,POST,77.55500000000382,200,True,,100,45.1702685,35.4,87.1
summarize_text,POST,76.49330000000276,200,True,,100,45.1708511,35.4,87.1
summarize_text,POST,76.50179999999551,200,True,,100,45.1711657,35.4,87.1
summarize_text,POST,75.69879999999785,200,True,,100,45.1714736,35.4,87.1
summarize_text,POST,75.77249999999935,200,True,,100,45.1717356,35.4,87.1
summarize_text,POST,74.9867999999978,200,True,,100,45.1719887,35.4,87.1
summarize_text,POST,74.47189999999893,200,True,,100,45.1723181,35.4,87.1
summarize_text,POST,85.07500000000334,200,True,,100,45.1783605,35.4,87.1
summarize_text,POST,93.31519999999927,200,True,,100,45.1790148,35.4,87.1
summarize_text,POST,84.26339999999755,200,True,,100,45.1805304,35.4,87.1
summarize_text,POST,82.80129999999986,200,True,,100,45.1814573,35.4,87.1
summarize_text,POST,90.31819999999868,200,True,,100,45.181933,35.4,87.1
summarize_text,POST,90.3126000000043,200,True,,100,45.1823067,35.4,87.1
summarize_text,POST,90.2661000000009,200,True,,100,45.1826348,35.4,87.1
summarize_text,POST,89.49429999999836,200,True,,100,45.1829364,35.4,87.1
summarize_text,POST,80.99260000000186,200,True,,100,45.1833646,35.4,87.1
summarize_text,POST,79.96179999999953,200,True,,100,45.1837618,35.4,87.1
summarize_text,POST,78.79289999999628,200,True,,100,45.1841367,35.4,87.1
summarize_text,POST,78.7619000000035,200,True,,100,45.1845029,35.4,87.1
summarize_text,POST,79.70560000000404,200,True,,100,45.1848506,35.4,87.1
summarize_text,POST,78.95010000000013,200,True,,100,45.1852342,35.4,87.1
summarize_text,POST,79.43170000000066,200,True,,100,45.1855649,35.4,87.1
summarize_text,POST,79.02500000000146,200,True,,100,45.1858729,35.4,87.1
summarize_text,POST,77.90179999999935,200,True,,100,45.1861752,35.4,87.1
summarize_text,POST,74.71089999999947,200,True,,100,45.1892424,35.4,87.1
summarize_text,POST,74.6785999999986,200,True,,100,45.1897773,35.4,87.1
summarize_text,POST,81.88510000000093,200,True,,100,45.1902241,35.4,87.1
summarize_text,POST,74.03009999999455,200,True,,100,45.1906188,35.4,87.1
summarize_text,POST,81.54100000000142,200,True,,100,45.1909834,35.4,87.1
summarize_text,POST,81.3958000000028,200,True,,100,45.1913768,35.4,87.1
summarize_text,POST,81.14839999999646,200,True,,100,45.1917101,35.4,87.1
summarize_text,POST,80.67640000000154,200,True,,100,45.1920315,35.4,87.1
summarize_text,POST,84.22870000000415,200,True,,100,45.1957239,35.4,87.1
summarize_text,POST,83.29550000000552,200,True,,100,45.196231,35.4,87.1
summarize_text,POST,83.09410000000383,200,True,,100,45.1966172,35.4,87.1
summarize_text,POST,82.9002999999986,200,True,,100,45.1969403,35.4,87.1
summarize_text,POST,82.97890000000052,200,True,,100,45.1972889,35.4,87.1
summarize_text,POST,82.50950000000046,200,True,,100,45.1976081,35.4,87.1
summarize_text,POST,81.75910000000641,200,True,,100,45.2043353,35.4,87.1
summarize_text,POST,80.78419999999653,200,True,,100,45.204909,35.4,87.1
summarize_text,POST,80.42760000000015,200,True,,100,45.2053252,35.4,87.1
summarize_text,POST,80.10360000000105,200,True,,100,45.205706,35.4,87.1
summarize_text,POST,79.75480000000346,200,True,,100,45.2061132,35.4,87.1
summarize_text,POST,79.58909999999975,200,True,,100,45.2064475,35.4,87.1
summarize_text,POST,79.17780000000363,200,True,,100,45.2067467,35.4,87.1
summarize_text,POST,78.94720000000177,200,True,,100,45.2070338,35.4,87.1
summarize_text,POST,77.93830000000668,200,True,,100,45.2073219,35.4,87.1
summarize_text,POST,77.89170000000212,200,True,,100,45.2076139,35.4,87.1
summarize_text,POST,77.46080000000433,200,True,,100,45.2079027,35.4,87.1
summarize_text,POST,77.88319999999516,200,True,,100,45.2084479,35.4,87.1
summarize_text,POST,76.54559999999577,200,True,,100,45.2090862,35.4,87.1
summarize_text,POST,75.2535000000023,200,True,,100,45.2101846,35.4,87.1
summarize_text,POST,150.85140000000052,200,True,,100,45.211051,35.4,87.1
summarize_text,POST,73.80069999999961,200,True,,100,45.2117698,35.4,87.1
summarize_text,POST,74.25100000000384,200,True,,100,45.2121553,35.4,87.1
summarize_text,POST,486.6728000000009,200,True,,100,45.2158521,35.4,87.1
summarize_text,POST,476.01620000000366,200,True,,100,45.2163403,35.4,87.1
summarize_text,POST,485.83289999999835,200,True,,100,45.2168061,35.4,87.1
summarize_text,POST,67.01960000000184,200,True,,100,45.2198844,35.4,87.1
summarize_text,POST,66.24270000000365,200,True,,100,45.2204816,35.4,87.1
summarize_text,POST,65.72039999999646,200,True,,100,45.2209355,35.4,87.1
summarize_text,POST,65.086799999996,200,True,,100,45.2218741,35.4,87.1
summarize_text,POST,64.49460000000329,200,True,,100,45.2223536,35.4,87.1
summarize_text,POST,64.05339999999882,200,True,,100,45.2227331,35.4,87.1
summarize_text,POST,69.93190000000027,200,True,,100,45.2259244,35.4,87.1
summarize_text,POST,68.40449999999976,200,True,,100,45.226461,35.4,87.1
summarize_text,POST,68.7983999999986,200,True,,100,45.2271491,35.4,87.1
summarize_text,POST,68.30529999999868,200,True,,100,45.2276088,35.4,87.1
summarize_text,POST,66.23360000000389,200,True,,100,45.2281305,35.4,87.1
summarize_text,POST,65.23680000000098,200,True,,100,45.2285815,35.4,87.1
summarize_text,POST,65.1623999999984,200,True,,100,45.2288948,35.4,87.1
summarize_text,POST,65.00249999999852,200,True,,100,45.2292178,35.4,87.1
summarize_text,POST,75.84750000000184,200,True,,100,45.2350815,35.4,87.1
summarize_text,POST,75.03160000000264,200,True,,100,45.2358629,35.4,87.1
summarize_text,POST,74.31830000000161,200,True,,100,45.2365382,35.4,87.1
summarize_text,POST,71.90070000000048,200,True,,100,45.2370894,35.4,87.1
summarize_text,POST,71.78739999999806,200,True,,100,45.2376178,35.4,87.1
summarize_text,POST,70.5244000000036,200,True,,100,45.2381288,35.4,87.1
summarize_text,POST,70.9540000000004,200,True,,100,45.2385791,35.4,87.1
summarize_text,POST,70.09949999999776,200,True,,100,45.239035,35.4,87.1
summarize_text,POST,69.72009999999784,200,True,,100,45.2395518,35.4,87.1
summarize_text,POST,69.81539999999598,200,True,,100,45.2400596,35.4,87.1
summarize_text,POST,70.19579999999337,200,True,,100,45.2404476,35.4,87.1
summarize_text,POST,68.91739999999658,200,True,,100,45.2408312,35.4,87.1
summarize_text,POST,67.38659999999896,200,True,,100,45.2414477,35.4,87.1
summarize_text,POST,67.47699999999668,200,True,,100,45.2421802,35.4,87.1
summarize_text,POST,65.54500000000019,200,True,,100,45.2428172,35.4,87.1
summarize_text,POST,64.959199999997,200,True,,100,45.2458438,35.4,87.1
summarize_text,POST,65.36660000000438,200,True,,100,45.2481161,35.4,87.1
summarize_text,POST,64.69429999999932,200,True,,100,45.2487026,35.4,87.1
summarize_text,POST,64.30050000000165,200,True,,100,45.2491464,35.4,87.1
summarize_text,POST,63.94420000000167,200,True,,100,45.2495857,35.4,87.1
summarize_text,POST,63.35599999999886,200,True,,100,45.2499879,35.4,87.1
summarize_text,POST,62.877299999996694,200,True,,100,45.2503265,35.4,87.1
summarize_text,POST,62.58060000000398,200,True,,100,45.2507051,35.4,87.1
summarize_text,POST,80.09169999999699,200,True,,100,45.2657522,35.4,87.1
summarize_text,POST,78.81189999999805,200,True,,100,45.2661199,35.4,87.1
summarize_text,POST,74.72920000000016,200,True,,100,45.2664661,35.4,87.1
summarize_text,POST,78.18319999999801,200,True,,100,45.2668138,35.4,87.1
summarize_text,POST,74.93310000000264,200,True,,100,45.2673111,35.4,87.1
summarize_text,POST,77.04149999999998,200,True,,100,45.2677469,35.4,87.1
summarize_text,POST,77.59930000000281,200,True,,100,45.2682059,35.4,87.1
summarize_text,POST,73.25929999999659,200,True,,100,45.2686604,35.4,87.1
summarize_text,POST,72.33390000000384,200,True,,100,45.2690992,35.4,87.1
summarize_text,POST,71.98840000000217,200,True,,100,45.2696014,35.4,87.1
summarize_text,POST,71.65039999999578,200,True,,100,45.2704632,35.4,87.1
summarize_text,POST,70.92820000000444,200,True,,100,45.2708446,35.4,87.1
summarize_text,POST,71.34500000000088,200,True,,100,45.2712007,35.4,87.1
summarize_text,POST,73.11250000000058,200,True,,100,45.2715101,35.4,87.1
summarize_text,POST,70.90579999999846,200,True,,100,45.2717659,35.4,87.1
summarize_text,POST,71.12700000000416,200,True,,100,45.2746358,35.4,87.1
summarize_text,POST,196.7587999999978,200,True,,100,45.2751213,35.4,87.1
summarize_text,POST,70.19619999999804,200,True,,100,45.2753549,35.4,87.1
summarize_text,POST,70.11320000000154,200,True,,100,45.2755576,35.4,87.1
summarize_text,POST,69.37990000000127,200,True,,100,45.2757515,35.4,87.1
summarize_text,POST,69.45280000000054,200,True,,100,45.2759394,35.4,87.1
summarize_text,POST,66.24270000000365,200,True,,100,45.2761302,35.4,87.1
summarize_text,POST,68.04520000000025,200,True,,100,45.2763473,35.4,87.1
summarize_text,POST,68.72470000000419,200,True,,100,45.2765401,35.4,87.1
summarize_text,POST,70.28850000000375,200,True,,100,45.2767346,35.4,87.1
summarize_text,POST,66.05909999999682,200,True,,100,45.2811413,35.4,87.1
summarize_text,POST,65.29139999999956,200,True,,100,45.2820264,35.4,87.1
summarize_text,POST,266.8634999999995,200,True,,500,47.7380442,37.05,87.05
summarize_text,POST,266.077199999998,200,True,,500,47.7389387,37.05,87.05
summarize_text,POST,265.7326999999938,200,True,,500,47.7395289,37.05,87.05
summarize_text,POST,265.23329999999845,200,True,,500,47.7399714,37.05,87.05
summarize_text,POST,264.9174999999957,200,True,,500,47.7403983,37.05,87.05
summarize_text,POST,264.3047999999979,200,True,,500,47.7410633,37.05,87.05
summarize_text,POST,263.5248000000061,200,True,,500,47.7418948,37.05,87.05
summarize_text,POST,262.7333000000007,200,True,,500,47.7424141,37.05,87.05
summarize_text,POST,262.2187999999994,200,True,,500,47.7428674,37.05,87.05
summarize_text,POST,276.2914000000052,200,True,,500,47.7434179,37.05,87.05
summarize_text,POST,275.8471,200,True,,500,47.7439468,37.05,87.05
summarize_text,POST,265.72459999999865,200,True,,500,47.744517,37.05,87.05
summarize_text,POST,278.2853000000003,200,True,,500,47.7453786,37.05,87.05
summarize_text,POST,277.67769999999814,200,True,,500,47.7458034,37.05,87.05
summarize_text,POST,266.54829999999663,200,True,,500,47.7462643,37.05,87.05
summarize_text,POST,283.6313999999973,200,True,,500,47.7466808,37.05,87.05
summarize_text,POST,278.98669999999726,200,True,,500,47.7470957,37.05,87.05
summarize_text,POST,280.6493000000003,200,True,,500,47.7474638,37.05,87.05
summarize_text,POST,272.9354000000015,200,True,,500,47.7478033,37.05,87.05
summarize_text,POST,265.60099999999665,200,True,,500,47.7482819,37.05,87.05
summarize_text,POST,264.8154999999974,200,True,,500,47.7486687,37.05,87.05
summarize_text,POST,273.9741000000038,200,True,,500,47.7490647,37.05,87.05
summarize_text,POST,278.36810000000156,200,True,,500,47.7494199,37.05,87.05
summarize_text,POST,263.4839999999983,200,True,,500,47.7500913,37.05,87.05
summarize_text,POST,298.438400000002,200,True,,500,47.7505435,37.05,87.05
summarize_text,POST,270.1160000000016,200,True,,500,47.7508248,37.05,87.05
summarize_text,POST,276.806999999998,200,True,,500,47.7511454,37.05,87.05
summarize_text,POST,274.5287999999988,200,True,,500,47.751384,37.05,87.05
summarize_text,POST,258.7855000000019,200,True,,500,47.7519427,37.05,87.05
summarize_text,POST,269.4769000000008,200,True,,500,47.7525881,37.05,87.05
summarize_text,POST,296.1442000000005,200,True,,500,47.7531295,37.05,87.05
summarize_text,POST,268.2406999999998,200,True,,500,47.7535931,37.05,87.05
summarize_text,POST,267.66489999999976,200,True,,500,47.7539738,37.05,87.05
summarize_text,POST,272.9731000000015,200,True,,500,47.7546495,37.05,87.05
summarize_text,POST,273.4193000000005,200,True,,500,47.7550499,37.05,87.05
summarize_text,POST,294.6889999999982,200,True,,500,47.7553679,37.05,87.05
summarize_text,POST,272.32990000000257,200,True,,500,47.7559541,37.05,87.05
summarize_text,POST,267.2573999999983,200,True,,500,47.7566415,37.05,87.05
summarize_text,POST,270.2847999999989,200,True,,500,47.7571563,37.05,87.05
summarize_text,POST,264.5529999999994,200,True,,500,47.7576818,37.05,87.05
summarize_text,POST,264.25390000000704,200,True,,500,47.7581381,37.05,87.05
summarize_text,POST,267.76900000000126,200,True,,500,47.7589647,37.05,87.05
summarize_text,POST,263.0022000000025,200,True,,500,47.7595817,37.05,87.05
summarize_text,POST,265.3406000000018,200,True,,500,47.7603568,37.05,87.05
summarize_text,POST,250.8211999999972,200,True,,500,47.7614883,37.05,87.05
summarize_text,POST,257.4682999999993,200,True,,500,47.7627601,37.05,87.05
summarize_text,POST,260.34809999999453,200,True,,500,47.7634759,37.05,87.05
summarize_text,POST,261.22810000000385,200,True,,500,47.7640039,37.05,87.05
summarize_text,POST,313.3424999999974,200,True,,500,47.7652092,37.05,87.05
summarize_text,POST,313.65459999999956,200,True,,500,47.7659069,37.05,87.05
summarize_text,POST,282.3531000000017,200,True,,500,47.766461,37.05,87.05
summarize_text,POST,282.0923000000022,200,True,,500,47.7670326,37.05,87.05
summarize_text,POST,261.8702999999982,200,True,,500,47.7675276,37.05,87.05
summarize_text,POST,240.10009999999937,200,True,,500,47.7723705,37.05,87.05
summarize_text,POST,256.6935999999984,200,True,,500,47.7732004,37.05,87.05
summarize_text,POST,247.7942000000013,200,True,,500,47.7736954,37.05,87.05
summarize_text,POST,255.5837999999966,200,True,,500,47.7741163,37.05,87.05
summarize_text,POST,248.2426999999987,200,True,,500,47.7745514,37.05,87.05
summarize_text,POST,244.558099999999,200,True,,500,47.7749052,37.05,87.05
summarize_text,POST,253.77560000000443,200,True,,500,47.7752456,37.05,87.05
summarize_text,POST,248.9789999999985,200,True,,500,47.7756932,37.05,87.05
summarize_text,POST,245.26450000000466,200,True,,500,47.7760749,37.05,87.05
summarize_text,POST,252.2435999999999,200,True,,500,47.776492,37.05,87.05
summarize_text,POST,244.31609999999893,200,True,,500,47.7768447,37.05,87.05
summarize_text,POST,189.30260000000487,200,True,,500,47.8592776,37.05,87.05
summarize_text,POST,190.003499999996,200,True,,500,47.8596049,37.05,87.05
summarize_text,POST,190.89549999999633,200,True,,500,47.8598495,37.05,87.05
summarize_text,POST,190.8221999999995,200,True,,500,47.8600585,37.05,87.05
summarize_text,POST,170.9667999999951,200,True,,500,47.8602484,37.05,87.05
summarize_text,POST,189.30239999999543,200,True,,500,47.8604527,37.05,87.05
summarize_text,POST,169.81750000000062,200,True,,500,47.8607667,37.05,87.05
summarize_text,POST,165.42989999999946,200,True,,500,47.8617464,37.05,87.05
summarize_text,POST,189.29860000000076,200,True,,500,47.8622306,37.05,87.05
summarize_text,POST,187.00179999999733,200,True,,500,47.8631948,37.05,87.05
summarize_text,POST,187.51809999999836,200,True,,500,47.8637791,37.05,87.05
summarize_text,POST,185.6203999999977,200,True,,500,47.8642826,37.05,87.05
summarize_text,POST,185.68799999999896,200,True,,500,47.8647766,37.05,87.05
summarize_text,POST,161.350199999994,200,True,,500,47.8652202,37.05,87.05
summarize_text,POST,160.76900000000194,200,True,,500,47.8656438,37.05,87.05
summarize_text,POST,164.00759999999792,200,True,,500,47.8660627,37.05,87.05
summarize_text,POST,160.42120000000182,200,True,,500,47.866476,37.05,87.05
summarize_text,POST,182.52890000000122,200,True,,500,47.8669298,37.05,87.05
summarize_text,POST,183.65469999999817,200,True,,500,47.8674016,37.05,87.05
summarize_text,POST,182.39739999999927,200,True,,500,47.8679341,37.05,87.05
summarize_text,POST,182.26789999999937,200,True,,500,47.8683392,37.05,87.05
summarize_text,POST,162.2698999999983,200,True,,500,47.8687447,37.05,87.05
summarize_text,POST,154.21810000000136,200,True,,500,47.8690171,37.05,87.05
summarize_text,POST,161.4867999999987,200,True,,500,47.8693504,37.05,87.05
summarize_text,POST,156.63849999999968,200,True,,500,47.8696083,37.05,87.05
summarize_text,POST,182.31450000000393,200,True,,500,47.8698505,37.05,87.05
summarize_text,POST,182.50090000000085,200,True,,500,47.8701915,37.05,87.05
summarize_text,POST,194.56770000000034,200,True,,500,47.8704556,37.05,87.05
summarize_text,POST,181.31040000000098,200,True,,500,47.8706847,37.05,87.05
summarize_text,POST,181.4583999999968,200,True,,500,47.8710553,37.05,87.05
summarize_text,POST,181.64029999999798,200,True,,500,47.8712858,37.05,87.05
summarize_text,POST,193.63440000000054,200,True,,500,47.8715026,37.05,87.05
summarize_text,POST,180.59530000000024,200,True,,500,47.8717467,37.05,87.05
summarize_text,POST,179.66540000000464,200,True,,500,47.8721816,37.05,87.05
summarize_text,POST,179.12239999999713,200,True,,500,47.8725755,37.05,87.05
summarize_text,POST,191.83579999999978,200,True,,500,47.8729556,37.05,87.05
summarize_text,POST,200.24499999999534,200,True,,500,47.8733481,37.05,87.05
summarize_text,POST,198.09250000000134,200,True,,500,47.8735985,37.05,87.05
summarize_text,POST,198.0384000000015,200,True,,500,47.8737804,37.05,87.05
summarize_text,POST,197.61919999999833,200,True,,500,47.8739525,37.05,87.05
summarize_text,POST,197.0421999999985,200,True,,500,47.8743953,37.05,87.05
summarize_text,POST,196.34569999999485,200,True,,500,47.8746275,37.05,87.05
summarize_text,POST,196.40030000000053,200,True,,500,47.8748088,37.05,87.05
summarize_text,POST,203.4475000000029,200,True,,500,47.8749689,37.05,87.05
summarize_text,POST,203.10260000000113,200,True,,500,47.875121,37.05,87.05
summarize_text,POST,204.16029999999807,200,True,,500,47.8752711,37.05,87.05
summarize_text,POST,203.25210000000027,200,True,,500,47.8754196,37.05,87.05
summarize_text,POST,203.21689999999393,200,True,,500,47.875573,37.05,87.05
summarize_text,POST,203.4706999999969,200,True,,500,47.8757205,37.05,87.05
summarize_text,POST,208.57230000000015,200,True,,500,47.8758739,37.05,87.05
summarize_text,POST,209.23000000000513,200,True,,500,47.876062,37.05,87.05
summarize_text,POST,208.53639999999984,200,True,,500,47.8762367,37.05,87.05
summarize_text,POST,208.59870000000313,200,True,,500,47.8763953,37.05,87.05
summarize_text,POST,220.7017999999934,200,True,,500,47.8765483,37.05,87.05
summarize_text,POST,220.80230000000256,200,True,,500,47.8767007,37.05,87.05
summarize_text,POST,227.9359999999997,200,True,,500,47.8768472,37.05,87.05
summarize_text,POST,251.7347000000001,200,True,,500,47.8771742,37.05,87.05
summarize_text,POST,251.28869999999637,200,True,,500,47.8773319,37.05,87.05
summarize_text,POST,251.04069999999723,200,True,,500,47.8774862,37.05,87.05
summarize_text,POST,249.83070000000396,200,True,,500,47.8777117,37.05,87.05
summarize_text,POST,250.72660000000013,200,True,,500,47.8780866,37.05,87.05
summarize_text,POST,248.79530000000472,200,True,,500,47.8786467,37.05,87.05
summarize_text,POST,246.7266999999964,200,True,,500,47.8788874,37.05,87.05
summarize_text,POST,248.1512999999964,200,True,,500,47.879075,37.05,87.05
summarize_text,POST,248.388300000002,200,True,,500,47.8792465,37.05,87.05
summarize_text,POST,248.7376999999995,200,True,,500,47.879409,37.05,87.05
summarize_text,POST,238.77989999999727,200,True,,500,47.879561,37.05,87.05
summarize_text,POST,249.45900000000165,200,True,,500,47.8797218,37.05,87.05
summarize_text,POST,246.90749999999895,200,True,,500,47.8799352,37.05,87.05
summarize_text,POST,248.33740000000404,200,True,,500,47.8800993,37.05,87.05
summarize_text,POST,246.060099999994,200,True,,500,47.8802536,37.05,87.05
summarize_text,POST,247.73060000000413,200,True,,500,47.8806089,37.05,87.05
summarize_text,POST,244.41350000000028,200,True,,500,47.8807692,37.05,87.05
summarize_text,POST,246.10330000000147,200,True,,500,47.8809251,37.05,87.05
summarize_text,POST,246.67120000000153,200,True,,500,47.8810736,37.05,87.05
summarize_text,POST,245.89509999999848,200,True,,500,47.8812325,37.05,87.05
summarize_text,POST,247.2526999999971,200,True,,500,47.8814646,37.05,87.05
summarize_text,POST,245.63810000000075,200,True,,500,47.8816964,37.05,87.05
summarize_text,POST,244.96189999999984,200,True,,500,47.881974,37.05,87.05
summarize_text,POST,238.68480000000147,200,True,,500,47.8821207,37.05,87.05
summarize_text,POST,245.82019999999716,200,True,,500,47.8822331,37.05,87.05
summarize_text,POST,243.34559999999783,200,True,,500,47.8823397,37.05,87.05
summarize_text,POST,243.51899999999915,200,True,,500,47.8824466,37.05,87.05
summarize_text,POST,237.332600000002,200,True,,500,47.8825474,37.05,87.05
summarize_text,POST,235.93389999999914,200,True,,500,47.882652,37.05,87.05
summarize_text,POST,243.6954,200,True,,500,47.8829097,37.05,87.05
summarize_text,POST,243.22649999999868,200,True,,500,47.8831434,37.05,87.05
summarize_text,POST,236.8351000000004,200,True,,500,47.8832561,37.05,87.05
summarize_text,POST,244.87979999999965,200,True,,500,47.8833587,37.05,87.05
summarize_text,POST,246.30179999999768,200,True,,500,47.8836941,37.05,87.05
summarize_text,POST,236.46229999999946,200,True,,500,47.8838683,37.05,87.05
summarize_text,POST,245.59140000000212,200,True,,500,47.8839902,37.05,87.05
summarize_text,POST,640.5993999999993,200,True,,500,47.8840975,37.05,87.05
summarize_text,POST,537.6322999999985,200,True,,500,47.8843485,37.05,87.05
summarize_text,POST,537.715900000002,200,True,,500,47.8844601,37.05,87.05
summarize_text,POST,244.38580000000343,200,True,,500,47.8845648,37.05,87.05
summarize_text,POST,309.3106999999975,200,True,,500,47.8846657,37.05,87.05
summarize_text,POST,336.77829999999886,200,True,,500,47.8847715,37.05,87.05
summarize_text,POST,309.32690000000207,200,True,,500,47.8848738,37.05,87.05
summarize_text,POST,242.77029999999655,200,True,,500,47.8850805,37.05,87.05
summarize_text,POST,242.71250000000322,200,True,,500,47.8852451,37.05,87.05
summarize_text,POST,235.01830000000012,200,True,,500,47.8856424,37.05,87.05
summarize_text,POST,234.67720000000014,200,True,,500,47.8858247,37.05,87.05
summarize_text,POST,240.75249999999926,200,True,,500,47.8859866,37.05,87.05
summarize_text,POST,250.67789999999945,200,True,,500,47.8861485,37.05,87.05
summarize_text,POST,250.3624000000002,200,True,,500,47.8862977,37.05,87.05
summarize_text,POST,250.57019999999852,200,True,,500,47.886466,37.05,87.05
summarize_text,POST,249.76679999999618,200,True,,500,47.886622,37.05,87.05
summarize_text,POST,249.9838999999966,200,True,,500,47.8867739,37.05,87.05
summarize_text,POST,249.8828999999958,200,True,,500,47.8870355,37.05,87.05
summarize_text,POST,249.34030000000007,200,True,,500,47.8872108,37.05,87.05
summarize_text,POST,249.69529999999907,200,True,,500,47.8874268,37.05,87.05
summarize_text,POST,253.29039999999736,200,True,,500,47.8876073,37.05,87.05
summarize_text,POST,252.75919999999985,200,True,,500,47.8877689,37.05,87.05
summarize_text,POST,251.33380000000471,200,True,,500,47.8885752,37.05,87.05
summarize_text,POST,251.4177999999987,200,True,,500,47.8889112,37.05,87.05
summarize_text,POST,250.88709999999992,200,True,,500,47.8892184,37.05,87.05
summarize_text,POST,251.8849000000003,200,True,,500,47.8893331,37.05,87.05
summarize_text,POST,250.42539999999747,200,True,,500,47.8894394,37.05,87.05
summarize_text,POST,248.02350000000217,200,True,,500,47.8895407,37.05,87.05
summarize_text,POST,247.8434000000007,200,True,,500,47.8896347,37.05,87.05
summarize_text,POST,250.51899999999705,200,True,,500,47.8897271,37.05,87.05
summarize_text,POST,251.12149999999644,200,True,,500,47.8898364,37.05,87.05
summarize_text,POST,250.2469000000005,200,True,,500,47.8899335,37.05,87.05
summarize_text,POST,247.36060000000037,200,True,,500,47.8900295,37.05,87.05
summarize_text,POST,247.081399999999,200,True,,500,47.8901301,37.05,87.05
summarize_text,POST,249.2931000000027,200,True,,500,47.8904814,37.05,87.05
summarize_text,POST,250.16399999999805,200,True,,500,47.8906341,37.05,87.05
summarize_text,POST,249.92310000000373,200,True,,500,47.8907751,37.05,87.05
summarize_text,POST,249.70989999999915,200,True,,500,47.8908921,37.05,87.05
summarize_text,POST,249.47330000000534,200,True,,500,47.890995,37.05,87.05
summarize_text,POST,246.20519999999857,200,True,,500,47.891093,37.05,87.05
summarize_text,POST,249.09249999999616,200,True,,500,47.8913123,37.05,87.05
summarize_text,POST,250.04810000000077,200,True,,500,47.8914138,37.05,87.05
summarize_text,POST,250.3327000000013,200,True,,500,47.8915097,37.05,87.05
summarize_text,POST,250.44799999999867,200,True,,500,47.8916013,37.05,87.05
summarize_text,POST,250.0167000000033,200,True,,500,47.89172,37.05,87.05
summarize_text,POST,250.32889999999952,200,True,,500,47.8918204,37.05,87.05
summarize_text,POST,250.03610000000265,200,True,,500,47.8919119,37.05,87.05
summarize_text,POST,249.6118999999979,200,True,,500,47.8920036,37.05,87.05
summarize_text,POST,250.1493000000039,200,True,,500,47.8921029,37.05,87.05
summarize_text,POST,255.82640000000367,200,True,,500,47.8922002,37.05,87.05
summarize_text,POST,255.57870000000094,200,True,,500,47.8922963,37.05,87.05
summarize_text,POST,255.05960000000272,200,True,,500,47.8923857,37.05,87.05
summarize_text,POST,255.46519999999617,200,True,,500,47.8924863,37.05,87.05
summarize_text,POST,254.96369999999757,200,True,,500,47.8926109,37.05,87.05
summarize_text,POST,254.93660000000062,200,True,,500,47.8927561,37.05,87.05
summarize_text,POST,254.19649999999905,200,True,,500,47.8930669,37.05,87.05
summarize_text,POST,254.5611999999977,200,True,,500,47.8932383,37.05,87.05
summarize_text,POST,358.11410000000166,200,True,,500,47.8933969,37.05,87.05
summarize_text,POST,345.69450000000046,200,True,,500,47.8935495,37.05,87.05
summarize_text,POST,256.80780000000425,200,True,,500,47.8937683,37.05,87.05
summarize_text,POST,256.3116999999977,200,True,,500,47.8939382,37.05,87.05
summarize_text,POST,270.20219999999995,200,True,,500,47.8941086,37.05,87.05
summarize_text,POST,270.370199999995,200,True,,500,47.8942709,37.05,87.05
summarize_text,POST,276.5946000000028,200,True,,500,47.8944109,37.05,87.05
summarize_text,POST,290.5777999999941,200,True,,500,47.8944965,37.05,87.05
summarize_text,POST,291.4658999999986,200,True,,500,47.8945886,37.05,87.05
summarize_text,POST,291.88620000000043,200,True,,500,47.8946775,37.05,87.05
summarize_text,POST,298.2137999999992,200,True,,500,47.894767,37.05,87.05
summarize_text,POST,297.7522999999991,200,True,,500,47.89486,37.05,87.05
summarize_text,POST,297.88040000000393,200,True,,500,47.8949484,37.05,87.05
summarize_text,POST,296.3881000000015,200,True,,500,47.8967098,37.05,87.05
summarize_text,POST,296.72310000000124,200,True,,500,47.8968413,37.05,87.05
summarize_text,POST,297.1463000000014,200,True,,500,47.8969461,37.05,87.05
summarize_text,POST,296.78499999999985,200,True,,500,47.8970434,37.05,87.05
summarize_text,POST,299.7062000000028,200,True,,500,47.8971223,37.05,87.05
summarize_text,POST,302.4826999999988,200,True,,500,47.8971937,37.05,87.05
summarize_text,POST,302.7599000000052,200,True,,500,47.8972663,37.05,87.05
summarize_text,POST,304.3534999999977,200,True,,500,47.8973391,37.05,87.05
summarize_text,POST,303.52979999999974,200,True,,500,47.8974164,37.05,87.05
summarize_text,POST,302.1156000000005,200,True,,500,47.8974891,37.05,87.05
summarize_text,POST,303.4895999999989,200,True,,500,47.8975606,37.05,87.05
summarize_text,POST,308.5874000000004,200,True,,500,47.8976324,37.05,87.05
summarize_text,POST,304.62789999999984,200,True,,500,47.8977044,37.05,87.05
summarize_text,POST,308.5735000000014,200,True,,500,47.8977971,37.05,87.05
summarize_text,POST,303.578899999998,200,True,,500,47.8978722,37.05,87.05
summarize_text,POST,303.5655999999989,200,True,,500,47.8980202,37.05,87.05
summarize_text,POST,302.693000000005,200,True,,500,47.8981266,37.05,87.05
summarize_text,POST,302.4045000000015,200,True,,500,47.8982179,37.05,87.05
summarize_text,POST,304.20600000000064,200,True,,500,47.8983045,37.05,87.05
summarize_text,POST,303.4233000000057,200,True,,500,47.8987309,37.05,87.05
summarize_text,POST,303.4517999999977,200,True,,500,47.8991217,37.05,87.05
summarize_text,POST,302.98090000000144,200,True,,500,47.8994427,37.05,87.05
summarize_text,POST,301.89979999999395,200,True,,500,47.9000758,37.05,87.05
summarize_text,POST,301.87649999999877,200,True,,500,47.9003663,37.05,87.05
summarize_text,POST,301.3222999999954,200,True,,500,47.9005627,37.05,87.05
summarize_text,POST,301.17960000000465,200,True,,500,47.9008847,37.05,87.05
summarize_text,POST,300.72429999999883,200,True,,500,47.9010661,37.05,87.05
summarize_text,POST,305.4319000000021,200,True,,500,47.9012027,37.05,87.05
summarize_text,POST,295.77640000000116,200,True,,500,47.9013138,37.05,87.05
summarize_text,POST,305.00269999999574,200,True,,500,47.9014171,37.05,87.05
summarize_text,POST,295.3483999999946,200,True,,500,47.9016299,37.05,87.05
summarize_text,POST,307.2903999999994,200,True,,500,47.901746,37.05,87.05
summarize_text,POST,307.6934999999992,200,True,,500,47.9018547,37.05,87.05
summarize_text,POST,307.3093,200,True,,500,47.9019586,37.05,87.05
summarize_text,POST,307.10440000000006,200,True,,500,47.9020628,37.05,87.05
summarize_text,POST,306.7297999999994,200,True,,500,47.9021614,37.05,87.05
summarize_text,POST,312.76590000000226,200,True,,500,47.9022935,37.05,87.05
summarize_text,POST,307.5893000000036,200,True,,500,47.9024072,37.05,87.05
summarize_text,POST,312.3176000000001,200,True,,500,47.9025103,37.05,87.05
summarize_text,POST,311.6849999999971,200,True,,500,47.9026219,37.05,87.05
summarize_text,POST,311.9014999999976,200,True,,500,47.9027327,37.05,87.05
summarize_text,POST,312.11389999999994,200,True,,500,47.902839,37.05,87.05
summarize_text,POST,306.96559999999806,200,True,,500,47.9029437,37.05,87.05
summarize_text,POST,306.5928999999983,200,True,,500,47.9030456,37.05,87.05
summarize_text,POST,306.93220000000565,200,True,,500,47.9031506,37.05,87.05
summarize_text,POST,305.9985000000012,200,True,,500,47.903368,37.05,87.05
summarize_text,POST,305.9743000000026,200,True,,500,47.9034869,37.05,87.05
summarize_text,POST,306.22070000000434,200,True,,500,47.9035995,37.05,87.05
summarize_text,POST,306.0293999999999,200,True,,500,47.9037014,37.05,87.05
summarize_text,POST,311.35899999999594,200,True,,500,47.903803,37.05,87.05
summarize_text,POST,313.13120000000083,200,True,,500,47.9039067,37.05,87.05
summarize_text,POST,312.80060000000276,200,True,,500,47.904013,37.05,87.05
summarize_text,POST,314.96800000000036,200,True,,500,47.9041173,37.05,87.05
summarize_text,POST,312.884099999998,200,True,,500,47.9042215,37.05,87.05
summarize_text,POST,314.4510999999994,200,True,,500,47.9043504,37.05,87.05
summarize_text,POST,312.46920000000244,200,True,,500,47.9044536,37.05,87.05
summarize_text,POST,314.4443999999993,200,True,,500,47.9045584,37.05,87.05
summarize_text,POST,314.256400000005,200,True,,500,47.9046585,37.05,87.05
summarize_text,POST,316.6545999999997,200,True,,500,47.9047623,37.05,87.05
summarize_text,POST,315.5289000000039,200,True,,500,47.9048653,37.05,87.05
summarize_text,POST,318.4615999999991,200,True,,500,47.9050619,37.05,87.05
summarize_text,POST,317.5243999999964,200,True,,500,47.9051726,37.05,87.05
summarize_text,POST,317.77409999999406,200,True,,500,47.9052756,37.05,87.05
summarize_text,POST,315.912400000002,200,True,,500,47.9053762,37.05,87.05
summarize_text,POST,314.20539999999875,200,True,,500,47.9054749,37.05,87.05
summarize_text,POST,318.2588000000024,200,True,,500,47.9055724,37.05,87.05
summarize_text,POST,318.22760000000017,200,True,,500,47.9056731,37.05,87.05
summarize_text,POST,317.984899999999,200,True,,500,47.9057731,37.05,87.05
summarize_text,POST,317.8117999999941,200,True,,500,47.9058715,37.05,87.05
summarize_text,POST,316.9325999999941,200,True,,500,47.9059687,37.05,87.05
summarize_text,POST,316.1904999999976,200,True,,500,47.9060629,37.05,87.05
summarize_text,POST,314.8624999999967,200,True,,500,47.9061577,37.05,87.05
summarize_text,POST,316.27519999999976,200,True,,500,47.9062759,37.05,87.05
summarize_text,POST,317.5922,200,True,,500,47.9063802,37.05,87.05
summarize_text,POST,314.22520000000276,200,True,,500,47.9064774,37.05,87.05
summarize_text,POST,315.1278000000062,200,True,,500,47.9066626,37.05,87.05
summarize_text,POST,313.27179999999544,200,True,,500,47.90677,37.05,87.05
summarize_text,POST,316.5431000000041,200,True,,500,47.9068749,37.05,87.05
summarize_text,POST,312.50630000000257,200,True,,500,47.9069522,37.05,87.05
summarize_text,POST,312.845700000004,200,True,,500,47.9070152,37.05,87.05
summarize_text,POST,314.89060000000535,200,True,,500,47.9070767,37.05,87.05
summarize_text,POST,316.07290000000177,200,True,,500,47.9071395,37.05,87.05
summarize_text,POST,316.4037000000022,200,True,,500,47.9072016,37.05,87.05
summarize_text,POST,325.6794999999997,200,True,,500,47.9072629,37.05,87.05
summarize_text,POST,325.4447000000056,200,True,,500,47.9073253,37.05,87.05
summarize_text,POST,332.01079999999905,200,True,,500,47.9073872,37.05,87.05
summarize_text,POST,343.64859999999453,200,True,,500,47.9074487,37.05,87.05
summarize_text,POST,343.8403999999977,200,True,,500,47.9075156,37.05,87.05
summarize_text,POST,343.2193000000012,200,True,,500,47.9075841,37.05,87.05
summarize_text,POST,351.19120000000237,200,True,,500,47.90765,37.05,87.05
summarize_text,POST,351.18039999999695,200,True,,500,47.9077569,37.05,87.05
summarize_text,POST,357.6031999999998,200,True,,500,47.9078172,37.05,87.05
summarize_text,POST,357.4340000000049,200,True,,500,47.9078745,37.05,87.05
summarize_text,POST,357.22999999999416,200,True,,500,47.9079314,37.05,87.05
summarize_text,POST,355.880599999999,200,True,,500,47.9079863,37.05,87.05
summarize_text,POST,358.6489999999998,200,True,,500,47.9080411,37.05,87.05
summarize_text,POST,356.82650000000393,200,True,,500,47.9081,37.05,87.05
summarize_text,POST,355.56050000000283,200,True,,500,47.9081561,37.05,87.05
summarize_text,POST,357.2945999999959,200,True,,500,47.9082146,37.05,87.05
summarize_text,POST,358.1637999999998,200,True,,500,47.9082831,37.05,87.05
summarize_text,POST,357.3045999999991,200,True,,500,47.9083479,37.05,87.05
summarize_text,POST,357.17589999999433,200,True,,500,47.9084087,37.05,87.05
summarize_text,POST,361.89939999999865,200,True,,500,47.9084693,37.05,87.05
summarize_text,POST,361.66399999999754,200,True,,500,47.9085277,37.05,87.05
summarize_text,POST,364.1748000000007,200,True,,500,47.9085855,37.05,87.05
summarize_text,POST,363.9842999999985,200,True,,500,47.908704,37.05,87.05
summarize_text,POST,363.83539999999925,200,True,,500,47.9087661,37.05,87.05
summarize_text,POST,363.54670000000056,200,True,,500,47.9088257,37.05,87.05
summarize_text,POST,363.3880000000005,200,True,,500,47.9088874,37.05,87.05
summarize_text,POST,363.45839999999896,200,True,,500,47.9089487,37.05,87.05
summarize_text,POST,361.59059999999954,200,True,,500,47.9090045,37.05,87.05
summarize_text,POST,363.7680000000003,200,True,,500,47.9090526,37.05,87.05
summarize_text,POST,364.02040000000113,200,True,,500,47.9091011,37.05,87.05
summarize_text,POST,363.91629999999964,200,True,,500,47.909148,37.05,87.05
summarize_text,POST,363.8042999999982,200,True,,500,47.909196,37.05,87.05
summarize_text,POST,363.6943000000059,200,True,,500,47.9092449,37.05,87.05
summarize_text,POST,363.59010000000325,200,True,,500,47.9092907,37.05,87.05
summarize_text,POST,363.840500000002,200,True,,500,47.9093358,37.05,87.05
summarize_text,POST,363.8477000000009,200,True,,500,47.9093815,37.05,87.05
summarize_text,POST,363.82270000000005,200,True,,500,47.9094298,37.05,87.05
summarize_text,POST,372.85719999999856,200,True,,500,47.9095224,37.05,87.05
summarize_text,POST,373.57220000000524,200,True,,500,47.9095733,37.05,87.05
summarize_text,POST,374.08359999999874,200,True,,500,47.9096229,37.05,87.05
summarize_text,POST,374.8730000000009,200,True,,500,47.9096718,37.05,87.05
summarize_text,POST,375.0302999999988,200,True,,500,47.9097183,37.05,87.05
summarize_text,POST,374.2785999999967,200,True,,500,47.9097622,37.05,87.05
summarize_text,POST,375.0563000000042,200,True,,500,47.9098091,37.05,87.05
summarize_text,POST,374.46640000000286,200,True,,500,47.9098699,37.05,87.05
summarize_text,POST,373.57559999999523,200,True,,500,47.9099567,37.05,87.05
summarize_text,POST,373.4000999999978,200,True,,500,47.9100401,37.05,87.05
summarize_text,POST,374.0790000000018,200,True,,500,47.9101207,37.05,87.05
summarize_text,POST,374.2436000000069,200,True,,500,47.9102043,37.05,87.05
summarize_text,POST,372.4418999999983,200,True,,500,47.910307,37.05,87.05
summarize_text,POST,372.7550999999991,200,True,,500,47.9104401,37.05,87.05
summarize_text,POST,373.26050000000066,200,True,,500,47.9105383,37.05,87.05
summarize_text,POST,373.925100000001,200,True,,500,47.9107143,37.05,87.05
summarize_text,POST,371.65500000000407,200,True,,500,47.9108039,37.05,87.05
summarize_text,POST,372.7114,200,True,,500,47.9108943,37.05,87.05
summarize_text,POST,377.0187000000007,200,True,,500,47.9109736,37.05,87.05
summarize_text,POST,376.80360000000235,200,True,,500,47.9110538,37.05,87.05
summarize_text,POST,376.51770000000084,200,True,,500,47.9111352,37.05,87.05
summarize_text,POST,377.4760000000015,200,True,,500,47.9112121,37.05,87.05
summarize_text,POST,376.48610000000104,200,True,,500,47.9112954,37.05,87.05
summarize_text,POST,376.5539999999987,200,True,,500,47.9113719,37.05,87.05
summarize_text,POST,381.2835000000021,200,True,,500,47.9114532,37.05,87.05
summarize_text,POST,383.8960999999941,200,True,,500,47.9115303,37.05,87.05
summarize_text,POST,380.9447000000006,200,True,,500,47.9116054,37.05,87.05
summarize_text,POST,381.4524000000006,200,True,,500,47.9116871,37.05,87.05
summarize_text,POST,383.5893999999982,200,True,,500,47.9117807,37.05,87.05
summarize_text,POST,383.02569999999747,200,True,,500,47.912022,37.05,87.05
summarize_text,POST,383.02329999999785,200,True,,500,47.9121763,37.05,87.05
summarize_text,POST,382.6004000000012,200,True,,500,47.9125383,37.05,87.05
summarize_text,POST,382.4424000000022,200,True,,500,47.9128723,37.05,87.05
summarize_text,POST,378.7266999999943,200,True,,500,47.9131003,37.05,87.05
summarize_text,POST,384.362000000003,200,True,,500,47.9132896,37.05,87.05
summarize_text,POST,381.5167000000059,200,True,,500,47.9137412,37.05,87.05
summarize_text,POST,378.53510000000057,200,True,,500,47.914141,37.05,87.05
summarize_text,POST,383.38719999999427,200,True,,500,47.9143406,37.05,87.05
summarize_text,POST,382.45359999999806,200,True,,500,47.9145117,37.05,87.05
summarize_text,POST,383.34520000000083,200,True,,500,47.9146882,37.05,87.05
summarize_text,POST,382.10980000000205,200,True,,500,47.9149081,37.05,87.05
summarize_text,POST,383.01530000000383,200,True,,500,47.915057,37.05,87.05
summarize_text,POST,377.59780000000376,200,True,,500,47.9151975,37.05,87.05
summarize_text,POST,377.67489999999526,200,True,,500,47.9153401,37.05,87.05
summarize_text,POST,377.5620000000046,200,True,,500,47.9156311,37.05,87.05
summarize_text,POST,377.1249999999995,200,True,,500,47.9157833,37.05,87.05
summarize_text,POST,379.5314999999988,200,True,,500,47.9159364,37.05,87.05
summarize_text,POST,379.5012,200,True,,500,47.9160791,37.05,87.05
summarize_text,POST,376.824500000005,200,True,,500,47.9162609,37.05,87.05
summarize_text,POST,376.55670000000185,200,True,,500,47.9164056,37.05,87.05
summarize_text,POST,375.1463000000044,200,True,,500,47.91661,37.05,87.05
summarize_text,POST,375.84149999999994,200,True,,500,47.9167697,37.05,87.05
summarize_text,POST,376.3355999999973,200,True,,500,47.9169107,37.05,87.05
summarize_text,POST,374.6027999999981,200,True,,500,47.9170496,37.05,87.05
summarize_text,POST,380.6611999999987,200,True,,500,47.917189,37.05,87.05
summarize_text,POST,380.24099999999805,200,True,,500,47.917321,37.05,87.05
summarize_text,POST,379.8983000000007,200,True,,500,47.9174593,37.05,87.05
summarize_text,POST,375.2487000000002,200,True,,500,47.9176036,37.05,87.05
summarize_text,POST,379.71780000000166,200,True,,500,47.9177432,37.05,87.05
summarize_text,POST,376.98379999999787,200,True,,500,47.9202583,37.05,87.05
summarize_text,POST,698.9546000000005,200,True,,500,47.9205898,37.05,87.05
summarize_text,POST,698.3409999999992,200,True,,500,47.9209596,37.05,87.05
summarize_text,POST,396.770999999994,200,True,,500,47.9212143,37.05,87.05
summarize_text,POST,396.49789999999996,200,True,,500,47.9214037,37.05,87.05
summarize_text,POST,396.24419999999816,200,True,,500,47.9215595,37.05,87.05
summarize_text,POST,395.90259999999944,200,True,,500,47.9217014,37.05,87.05
summarize_text,POST,401.6402000000028,200,True,,500,47.9218401,37.05,87.05
summarize_text,POST,409.58750000000066,200,True,,500,47.9219735,37.05,87.05
summarize_text,POST,409.5709000000056,200,True,,500,47.9221082,37.05,87.05
summarize_text,POST,409.16219999999726,200,True,,500,47.9222474,37.05,87.05
summarize_text,POST,412.33290000000267,200,True,,500,47.9223849,37.05,87.05
summarize_text,POST,409.43850000000026,200,True,,500,47.9225214,37.05,87.05
summarize_text,POST,411.98510000000255,200,True,,500,47.9226574,37.05,87.05
summarize_text,POST,409.09529999999705,200,True,,500,47.9227993,37.05,87.05
summarize_text,POST,408.2474000000005,200,True,,500,47.9235809,37.05,87.05
summarize_text,POST,407.9290000000029,200,True,,500,47.9238304,37.05,87.05
summarize_text,POST,414.35099999999636,200,True,,500,47.9239873,37.05,87.05
summarize_text,POST,410.6716000000006,200,True,,500,47.9241304,37.05,87.05
summarize_text,POST,413.9977999999971,200,True,,500,47.9242665,37.05,87.05
summarize_text,POST,819.5766000000049,200,True,,500,47.9244059,37.05,87.05
summarize_text,POST,832.5881999999965,200,True,,500,47.9245427,37.05,87.05
summarize_text,POST,413.69870000000475,200,True,,500,47.924682,37.05,87.05
summarize_text,POST,413.5873000000032,200,True,,500,47.9248474,37.05,87.05
summarize_text,POST,418.02049999999724,200,True,,500,47.9250172,37.05,87.05
summarize_text,POST,417.26810000000114,200,True,,500,47.9251642,37.05,87.05
summarize_text,POST,417.3619999999971,200,True,,500,47.9253002,37.05,87.05
summarize_text,POST,417.1189000000055,200,True,,500,47.9254396,37.05,87.05
summarize_text,POST,412.9014999999967,200,True,,500,47.925586,37.05,87.05
summarize_text,POST,412.83200000000164,200,True,,500,47.9257071,37.05,87.05
summarize_text,POST,417.18099999999936,200,True,,500,47.9258902,37.05,87.05
summarize_text,POST,416.9033999999954,200,True,,500,47.9259891,37.05,87.05
summarize_text,POST,416.73130000000214,200,True,,500,47.9260914,37.05,87.05
summarize_text,POST,416.7860000000019,200,True,,500,47.926181,37.05,87.05
summarize_text,POST,416.4817999999997,200,True,,500,47.9262661,37.05,87.05
summarize_text,POST,416.85300000000325,200,True,,500,47.9263535,37.05,87.05
summarize_text,POST,416.6977000000003,200,True,,500,47.9264451,37.05,87.05
summarize_text,POST,416.7161999999962,200,True,,500,47.9265544,37.05,87.05
summarize_text,POST,422.5555000000014,200,True,,500,47.9266484,37.05,87.05
summarize_text,POST,422.37789999999364,200,True,,500,47.9267346,37.05,87.05
summarize_text,POST,428.29840000000274,200,True,,500,47.9268298,37.05,87.05
summarize_text,POST,422.43979999999937,200,True,,500,47.9269343,37.05,87.05
summarize_text,POST,422.18589999999523,200,True,,500,47.9270804,37.05,87.05
summarize_text,POST,429.03060000000437,200,True,,500,47.9271933,37.05,87.05
summarize_text,POST,428.02789999999646,200,True,,500,47.9273017,37.05,87.05
summarize_text,POST,421.80390000000045,200,True,,500,47.9275185,37.05,87.05
summarize_text,POST,427.84079999999847,200,True,,500,47.927633,37.05,87.05
summarize_text,POST,427.87299999999817,200,True,,500,47.9277304,37.05,87.05
summarize_text,POST,427.1230000000017,200,True,,500,47.927822,37.05,87.05
summarize_text,POST,428.4365999999977,200,True,,500,47.9279114,37.05,87.05
summarize_text,POST,427.7786999999975,200,True,,500,47.9279967,37.05,87.05
summarize_text,POST,426.5824000000009,200,True,,500,47.9280878,37.05,87.05
summarize_text,POST,427.9125999999991,200,True,,500,47.9281834,37.05,87.05
summarize_text,POST,428.3227000000025,200,True,,500,47.9282754,37.05,87.05
summarize_text,POST,427.58840000000475,200,True,,500,47.9283698,37.05,87.05
summarize_text,POST,428.01399999999745,200,True,,500,47.9284605,37.05,87.05
summarize_text,POST,428.1421000000023,200,True,,500,47.928551,37.05,87.05
summarize_text,POST,432.6529000000008,200,True,,500,47.928643,37.05,87.05
summarize_text,POST,429.07029999999935,200,True,,500,47.9287351,37.05,87.05
summarize_text,POST,430.31270000000177,200,True,,500,47.9288386,37.05,87.05
summarize_text,POST,428.8822000000039,200,True,,500,47.9290027,37.05,87.05
summarize_text,POST,430.54039999999816,200,True,,500,47.9291415,37.05,87.05
summarize_text,POST,429.8989999999989,200,True,,500,47.9293704,37.05,87.05
summarize_text,POST,428.1476999999967,200,True,,500,47.9295333,37.05,87.05
summarize_text,POST,427.72689999999614,200,True,,500,47.9296354,37.05,87.05
summarize_text,POST,427.72659999999973,200,True,,500,47.9298102,37.05,87.05
summarize_text,POST,430.8289999999957,200,True,,500,47.9311536,37.05,87.05
summarize_text,POST,427.16529999999864,200,True,,500,47.9316004,37.05,87.05
summarize_text,POST,429.94970000000166,200,True,,500,47.931883,37.05,87.05
summarize_text,POST,430.0519999999963,200,True,,500,47.932067,37.05,87.05
summarize_text,POST,426.83159999999987,200,True,,500,47.9322255,37.05,87.05
summarize_text,POST,426.58690000000377,200,True,,500,47.9323747,37.05,87.05
summarize_text,POST,428.97950000000407,200,True,,500,47.9325141,37.05,87.05
summarize_text,POST,426.15729999999985,200,True,,500,47.9327004,37.05,87.05
summarize_text,POST,429.4100000000043,200,True,,500,47.9328528,37.05,87.05
summarize_text,POST,425.47950000000156,200,True,,500,47.9339838,37.05,87.05
summarize_text,POST,425.06379999999666,200,True,,500,47.9343057,37.05,87.05
summarize_text,POST,426.7630000000011,200,True,,500,47.9349118,37.05,87.05
summarize_text,POST,425.53339999999906,200,True,,500,47.9351936,37.05,87.05
summarize_text,POST,424.16579999999726,200,True,,500,47.9353959,37.05,87.05
summarize_text,POST,425.4748000000035,200,True,,500,47.9355719,37.05,87.05
summarize_text,POST,427.5842999999995,200,True,,500,47.9357415,37.05,87.05
summarize_text,POST,427.7015999999989,200,True,,500,47.9359041,37.05,87.05
summarize_text,POST,427.3438000000027,200,True,,500,47.9361701,37.05,87.05
summarize_text,POST,427.074300000001,200,True,,500,47.9363489,37.05,87.05
summarize_text,POST,426.4495000000039,200,True,,500,47.9365155,37.05,87.05
summarize_text,POST,426.11860000000235,200,True,,500,47.9370036,37.05,87.05
summarize_text,POST,429.14440000000553,200,True,,500,47.9376645,37.05,87.05
summarize_text,POST,428.9879999999968,200,True,,500,47.9379141,37.05,87.05
summarize_text,POST,429.08119999999883,200,True,,500,47.9380696,37.05,87.05
summarize_text,POST,428.578200000004,200,True,,500,47.9384101,37.05,87.05
summarize_text,POST,428.1396000000015,200,True,,500,47.9389292,37.05,87.05
summarize_text,POST,427.50139999999703,200,True,,500,47.939202,37.05,87.05
summarize_text,POST,423.82699999999573,200,True,,500,47.9393844,37.05,87.05
summarize_text,POST,426.99419999999577,200,True,,500,47.9395699,37.05,87.05
reload_plans,POST,77.32109999999892,200,True,,100,50.7853748,39.15,87.2
reload_plans,POST,76.4175999999992,200,True,,100,50.7859505,39.15,87.2
reload_plans,POST,76.42400000000293,200,True,,100,50.7866497,39.15,87.2
reload_plans,POST,75.72460000000092,200,True,,100,50.7870914,39.15,87.2
reload_plans,POST,75.15890000000525,200,True,,100,50.7873994,39.15,87.2
reload_plans,POST,75.35920000000118,200,True,,100,50.787644,39.15,87.2
reload_plans,POST,75.05510000000015,200,True,,100,50.787869,39.15,87.2
reload_plans,POST,75.04250000000212,200,True,,100,50.7883253,39.15,87.2
reload_plans,POST,74.28750000000406,200,True,,100,50.7889189,39.15,87.2
reload_plans,POST,73.34480000000099,200,True,,100,50.7899284,39.15,87.2
reload_plans,POST,71.7015000000032,200,True,,100,50.7914391,39.15,87.2
reload_plans,POST,80.1775000000049,200,True,,100,50.791917,39.15,87.2
reload_plans,POST,79.63420000000099,200,True,,100,50.7923608,39.15,87.2
reload_plans,POST,78.96929999999713,200,True,,100,50.7929234,39.15,87.2
reload_plans,POST,86.613100000001,200,True,,100,50.793167,39.15,87.2
reload_plans,POST,86.31609999999768,200,True,,100,50.7933691,39.15,87.2
reload_plans,POST,78.23020000000014,200,True,,100,50.7935611,39.15,87.2
reload_plans,POST,77.27350000000399,200,True,,100,50.7937989,39.15,87.2
reload_plans,POST,69.20459999999906,200,True,,100,50.7942915,39.15,87.2
reload_plans,POST,84.56759999999974,200,True,,100,50.7945948,39.15,87.2
reload_plans,POST,76.35519999999474,200,True,,100,50.7948407,39.15,87.2
reload_plans,POST,84.42660000000046,200,True,,100,50.7950577,39.15,87.2
reload_plans,POST,84.30369999999954,200,True,,100,50.7952848,39.15,87.2
reload_plans,POST,84.39810000000136,200,True,,100,50.7954752,39.15,87.2
reload_plans,POST,75.47510000000557,200,True,,100,50.7961008,39.15,87.2
reload_plans,POST,75.1169000000047,200,True,,100,50.7965653,39.15,87.2
reload_plans,POST,82.157500000001,200,True,,100,50.7968426,39.15,87.2
reload_plans,POST,82.28830000000187,200,True,,100,50.7970951,39.15,87.2
reload_plans,POST,82.58479999999935,200,True,,100,50.7973506,39.15,87.2
reload_plans,POST,81.7015000000012,200,True,,100,50.7975768,39.15,87.2
reload_plans,POST,73.48170000000209,200,True,,100,50.7977953,39.15,87.2
reload_plans,POST,74.16339999999622,200,True,,100,50.7980364,39.15,87.2
reload_plans,POST,74.16999999999518,200,True,,100,50.7982505,39.15,87.2
reload_plans,POST,72.95549999999906,200,True,,100,50.7984387,39.15,87.2
reload_plans,POST,73.64319999999935,200,True,,100,50.7986638,39.15,87.2
reload_plans,POST,71.89860000000436,200,True,,100,50.7988564,39.15,87.2
reload_plans,POST,71.9555000000014,200,True,,100,50.7989843,39.15,87.2
reload_plans,POST,72.35810000000242,200,True,,100,50.79911,39.15,87.2
reload_plans,POST,81.41460000000222,200,True,,100,50.7992795,39.15,87.2
reload_plans,POST,82.6020000000014,200,True,,100,50.7994173,39.15,87.2
reload_plans,POST,82.20049999999901,200,True,,100,50.7995565,39.15,87.2
reload_plans,POST,89.62060000000349,200,True,,100,50.799682,39.15,87.2
reload_plans,POST,81.40990000000414,200,True,,100,50.7998194,39.15,87.2
reload_plans,POST,81.09210000000644,200,True,,100,50.7999416,39.15,87.2
reload_plans,POST,80.81070000000068,200,True,,100,50.8001232,39.15,87.2
reload_plans,POST,80.98559999999821,200,True,,100,50.8005846,39.15,87.2
reload_plans,POST,78.86740000000003,200,True,,100,50.8011592,39.15,87.2
reload_plans,POST,78.84409999999775,200,True,,100,50.8015631,39.15,87.2
reload_plans,POST,78.87889999999942,200,True,,100,50.8019466,39.15,87.2
reload_plans,POST,78.03119999999808,200,True,,100,50.8022806,39.15,87.2
reload_plans,POST,77.60999999999996,200,True,,100,50.8026094,39.15,87.2
reload_plans,POST,77.56670000000554,200,True,,100,50.803031,39.15,87.2
reload_plans,POST,77.11120000000449,200,True,,100,50.8033909,39.15,87.2
reload_plans,POST,76.04419999999834,200,True,,100,50.8040789,39.15,87.2
reload_plans,POST,76.2174999999985,200,True,,100,50.8049158,39.15,87.2
reload_plans,POST,160.66020000000236,200,True,,100,50.8056665,39.15,87.2
reload_plans,POST,138.503699999994,200,True,,100,50.8066505,39.15,87.2
reload_plans,POST,130.44109999999876,200,True,,100,50.8073361,39.15,87.2
reload_plans,POST,135.10279999999852,200,True,,100,50.8079346,39.15,87.2
reload_plans,POST,135.73249999999604,200,True,,100,50.8086824,39.15,87.2
reload_plans,POST,129.12560000000184,200,True,,100,50.8092372,39.15,87.2
reload_plans,POST,133.821999999995,200,True,,100,50.8097228,39.15,87.2
reload_plans,POST,130.23549999999773,200,True,,100,50.8108354,39.15,87.2
reload_plans,POST,135.48880000000452,200,True,,100,50.8113531,39.15,87.2
reload_plans,POST,131.5533000000002,200,True,,100,50.8117266,39.15,87.2
reload_plans,POST,135.9196999999952,200,True,,100,50.8120078,39.15,87.2
reload_plans,POST,128.2847000000018,200,True,,100,50.8122409,39.15,87.2
reload_plans,POST,156.41580000000488,200,True,,100,50.8129054,39.15,87.2
reload_plans,POST,134.26699999999414,200,True,,100,50.813312,39.15,87.2
reload_plans,POST,132.56760000000156,200,True,,100,50.8136298,39.15,87.2
reload_plans,POST,133.3461999999983,200,True,,100,50.8138389,39.15,87.2
reload_plans,POST,152.36859999999552,200,True,,100,50.81403,39.15,87.2
reload_plans,POST,131.50029999999902,200,True,,100,50.8150439,39.15,87.2
reload_plans,POST,130.36639999999977,200,True,,100,50.8155518,39.15,87.2
reload_plans,POST,128.9042000000009,200,True,,100,50.8158741,39.15,87.2
reload_plans,POST,126.04599999999522,200,True,,100,50.8161904,39.15,87.2
reload_plans,POST,125.18579999999702,200,True,,100,50.8165369,39.15,87.2
reload_plans,POST,148.98519999999849,200,True,,100,50.817545,39.15,87.2
reload_plans,POST,147.94489999999882,200,True,,100,50.818204,39.15,87.2
reload_plans,POST,120.16929999999348,200,True,,100,50.8188608,39.15,87.2
reload_plans,POST,119.90289999999959,200,True,,100,50.8193996,39.15,87.2
reload_plans,POST,110.60020000000037,200,True,,100,50.8198735,39.15,87.2
reload_plans,POST,110.61300000000074,200,True,,100,50.8202089,39.15,87.2
reload_plans,POST,123.30859999999433,200,True,,100,50.8208904,39.15,87.2
reload_plans,POST,117.88549999999987,200,True,,100,50.8215825,39.15,87.2
reload_plans,POST,117.75409999999908,200,True,,100,50.8218891,39.15,87.2
reload_plans,POST,116.3564000000008,200,True,,100,50.8228132,39.15,87.2
reload_plans,POST,122.34180000000094,200,True,,100,50.8232622,39.15,87.2
reload_plans,POST,124.31250000000205,200,True,,100,50.8238503,39.15,87.2
reload_plans,POST,115.91340000000372,200,True,,100,50.8242055,39.15,87.2
reload_plans,POST,117.22710000000092,200,True,,100,50.8246694,39.15,87.2
reload_plans,POST,113.29429999999974,200,True,,100,50.8252903,39.15,87.2
reload_plans,POST,104.96390000000133,200,True,,100,50.8257168,39.15,87.2
reload_plans,POST,116.13039999999586,200,True,,100,50.8267006,39.15,87.2
reload_plans,POST,115.36509999999822,200,True,,100,50.8272086,39.15,87.2
reload_plans,POST,116.39899999999415,200,True,,100,50.8275513,39.15,87.2
reload_plans,POST,110.31880000000172,200,True,,100,50.8278578,39.15,87.2
reload_plans,POST,110.32089999999783,200,True,,100,50.8281976,39.15,87.2
reload_plans,POST,110.29380000000089,200,True,,100,50.8284459,39.15,87.2
reload_plans,POST,109.9300999999997,200,True,,100,50.8289568,39.15,87.2
reload_plans,POST,102.60489999999578,200,True,,100,50.8638605,39.15,87.2
reload_plans,POST,105.10479999999944,200,True,,100,50.8644848,39.15,87.2
reload_plans,POST,104.61319999999574,200,True,,100,50.8649106,39.15,87.2
reload_plans,POST,104.18149999999571,200,True,,100,50.8652225,39.15,87.2
reload_plans,POST,104.11789999999854,200,True,,100,50.8655501,39.15,87.2
reload_plans,POST,103.6119000000042,200,True,,100,50.8658521,39.15,87.2
reload_plans,POST,103.11829999999844,200,True,,100,50.866142,39.15,87.2
reload_plans,POST,102.7048999999991,200,True,,100,50.8664245,39.15,87.2
reload_plans,POST,102.4413000000024,200,True,,100,50.8669217,39.15,87.2
reload_plans,POST,101.32240000000081,200,True,,100,50.867658,39.15,87.2
reload_plans,POST,98.03699999999793,200,True,,100,50.8681871,39.15,87.2
reload_plans,POST,100.47780000000017,200,True,,100,50.868583,39.15,87.2
reload_plans,POST,95.35300000000291,200,True,,100,50.873844,39.15,87.2
reload_plans,POST,95.6986999999998,200,True,,100,50.8743627,39.15,87.2
reload_plans,POST,95.88119999999378,200,True,,100,50.8747376,39.15,87.2
reload_plans,POST,95.72889999999745,200,True,,100,50.8749917,39.15,87.2
reload_plans,POST,95.06389999999953,200,True,,100,50.8752304,39.15,87.2
reload_plans,POST,95.08210000000616,200,True,,100,50.8754576,39.15,87.2
reload_plans,POST,94.03729999999655,200,True,,100,50.875708,39.15,87.2
reload_plans,POST,94.25019999999762,200,True,,100,50.8759457,39.15,87.2
reload_plans,POST,93.65290000000215,200,True,,100,50.8761702,39.15,87.2
reload_plans,POST,93.5064999999966,200,True,,100,50.8763968,39.15,87.2
reload_plans,POST,93.24929999999654,200,True,,100,50.8768928,39.15,87.2
reload_plans,POST,92.88519999999778,200,True,,100,50.8775768,39.15,87.2
reload_plans,POST,92.32019999999608,200,True,,100,50.8779253,39.15,87.2
reload_plans,POST,92.66360000000162,200,True,,100,50.8781628,39.15,87.2
reload_plans,POST,91.6153999999949,200,True,,100,50.8783668,39.15,87.2
reload_plans,POST,91.81290000000075,200,True,,100,50.8785688,39.15,87.2
reload_plans,POST,384.81000000000165,200,True,,100,50.8827873,39.15,87.2
reload_plans,POST,384.0146000000004,200,True,,100,50.8833884,39.15,87.2
reload_plans,POST,107.00419999999866,200,True,,100,50.8838794,39.15,87.2
reload_plans,POST,108.19649999999825,200,True,,100,50.8843219,39.15,87.2
reload_plans,POST,109.66519999999491,200,True,,100,50.8847086,39.15,87.2
reload_plans,POST,109.93429999999904,200,True,,100,50.8849939,39.15,87.2
reload_plans,POST,106.5788000000012,200,True,,100,50.8851833,39.15,87.2
reload_plans,POST,108.70429999999942,200,True,,100,50.8853539,39.15,87.2
reload_plans,POST,105.76050000000237,200,True,,100,50.8855225,39.15,87.2
reload_plans,POST,106.66599999999704,200,True,,100,50.8856951,39.15,87.2
reload_plans,POST,106.7438999999979,200,True,,100,50.8858698,39.15,87.2
reload_plans,POST,105.98690000000488,200,True,,100,50.886058,39.15,87.2
reload_plans,POST,107.50740000000292,200,True,,100,50.8862241,39.15,87.2
reload_plans,POST,104.00229999999766,200,True,,100,50.8864054,39.15,87.2
reload_plans,POST,107.63510000000309,200,True,,100,50.8865814,39.15,87.2
reload_plans,POST,106.53100000000393,200,True,,100,50.8867523,39.15,87.2
reload_plans,POST,107.77209999999826,200,True,,100,50.8869216,39.15,87.2
reload_plans,POST,106.43849999999588,200,True,,100,50.8870981,39.15,87.2
reload_plans,POST,107.18329999999554,200,True,,100,50.8879079,39.15,87.2
reload_plans,POST,106.44669999999934,200,True,,100,50.8880898,39.15,87.2
reload_plans,POST,104.68290000000025,200,True,,100,50.8882463,39.15,87.2
reload_plans,POST,104.67729999999875,200,True,,100,50.8884017,39.15,87.2
reload_plans,POST,105.3458999999961,200,True,,100,50.8885517,39.15,87.2
reload_plans,POST,103.51519999999681,200,True,,100,50.888699,39.15,87.2
reload_plans,POST,106.38130000000245,200,True,,100,50.8888652,39.15,87.2
reload_plans,POST,103.74040000000662,200,True,,100,50.8890323,39.15,87.2
reload_plans,POST,105.58280000000053,200,True,,100,50.8897624,39.15,87.2
reload_plans,POST,83.6876999999987,200,True,,100,50.9309344,39.15,87.2
reload_plans,POST,83.28979999999575,200,True,,100,50.9316108,39.15,87.2
reload_plans,POST,81.796599999997,200,True,,100,50.9325144,39.15,87.2
reload_plans,POST,65.38590000000255,200,True,,100,50.9496198,39.15,87.2
reload_plans,POST,67.13889999999623,200,True,,100,50.9505525,39.15,87.2
reload_plans,POST,66.64379999999426,200,True,,100,50.951275,39.15,87.2
reload_plans,POST,66.35090000000332,200,True,,100,50.9517733,39.15,87.2
reload_plans,POST,75.8938000000029,200,True,,100,50.9523157,39.15,87.2
reload_plans,POST,75.55159999999717,200,True,,100,50.9527811,39.15,87.2
reload_plans,POST,75.06229999999903,200,True,,100,50.9533214,39.15,87.2
reload_plans,POST,73.96849999999944,200,True,,100,50.9541052,39.15,87.2
reload_plans,POST,73.08259999999933,200,True,,100,50.9548154,39.15,87.2
reload_plans,POST,68.8811000000058,200,True,,100,50.955493,39.15,87.2
reload_plans,POST,68.49489999999747,200,True,,100,50.9561123,39.15,87.2
reload_plans,POST,66.96469999999977,200,True,,100,50.9567004,39.15,87.2
reload_plans,POST,66.96399999999869,200,True,,100,50.9572336,39.15,87.2
reload_plans,POST,65.71110000000147,200,True,,100,50.957716,39.15,87.2
reload_plans,POST,65.89050000000185,200,True,,100,50.9580141,39.15,87.2
reload_plans,POST,66.23809999999963,200,True,,100,50.9582624,39.15,87.2
reload_plans,POST,76.68849999999594,200,True,,100,50.9585457,39.15,87.2
reload_plans,POST,77.91999999999888,200,True,,100,50.9588573,39.15,87.2
reload_plans,POST,77.10660000000047,200,True,,100,50.9602918,39.15,87.2
reload_plans,POST,75.7286999999991,200,True,,100,50.9609642,39.15,87.2
reload_plans,POST,74.4691999999958,200,True,,100,50.9616479,39.15,87.2
reload_plans,POST,74.54950000000338,200,True,,100,50.9620633,39.15,87.2
reload_plans,POST,74.07750000000135,200,True,,100,50.9624539,39.15,87.2
reload_plans,POST,74.50970000000012,200,True,,100,50.9627772,39.15,87.2
reload_plans,POST,73.83769999999856,200,True,,100,50.963091,39.15,87.2
reload_plans,POST,72.78800000000274,200,True,,100,50.9633906,39.15,87.2
reload_plans,POST,73.93180000000399,200,True,,100,50.9636813,39.15,87.2
reload_plans,POST,72.30340000000268,200,True,,100,50.9639648,39.15,87.2
reload_plans,POST,72.8831999999997,200,True,,100,50.9642571,39.15,87.2
reload_plans,POST,72.26659999999896,200,True,,100,50.9647704,39.15,87.2
reload_plans,POST,71.88029999999657,200,True,,100,50.9649518,39.15,87.2
reload_plans,POST,70.77360000000255,200,True,,100,50.9650993,39.15,87.2
reload_plans,POST,71.07239999999848,200,True,,100,50.9653727,39.15,87.2
reload_plans,POST,70.83270000000397,200,True,,100,50.9655273,39.15,87.2
reload_plans,POST,70.0049000000007,200,True,,100,50.9656531,39.15,87.2
reload_plans,POST,71.71369999999655,200,True,,100,50.9657928,39.15,87.2
reload_plans,POST,70.05350000000021,200,True,,100,50.9659279,39.15,87.2
reload_plans,POST,78.85100000000023,200,True,,100,50.9679521,39.15,87.2
reload_plans,POST,78.43950000000177,200,True,,100,50.9682135,39.15,87.2
reload_plans,POST,78.66760000000284,200,True,,100,50.9683754,39.15,87.2
reload_plans,POST,78.80490000000151,200,True,,100,50.9685124,39.15,87.2
reload_plans,POST,77.8108999999958,200,True,,100,50.968645,39.15,87.2
reload_plans,POST,78.39339999999595,200,True,,100,50.9687708,39.15,87.2
reload_plans,POST,73.72769999999917,200,True,,100,50.9737137,39.15,87.2
reload_plans,POST,72.29990000000441,200,True,,100,50.9746281,39.15,87.2
reload_plans,POST,71.9941999999989,200,True,,100,50.9752487,39.15,87.2
reload_plans,POST,76.78109999999805,200,True,,100,50.9760452,39.15,87.2
reload_plans,POST,76.18420000000015,200,True,,100,50.9767514,39.15,87.2
reload_plans,POST,80.25449999999523,200,True,,100,50.9774978,39.15,87.2
reload_plans,POST,74.34980000000024,200,True,,100,50.9782554,39.15,87.2
reload_plans,POST,372.15559999999925,200,True,,100,50.9787822,39.15,87.2
reload_plans,POST,73.37289999999541,200,True,,100,50.9790768,39.15,87.2
reload_plans,POST,72.37480000000573,200,True,,100,50.9793726,39.15,87.2
reload_plans,POST,364.060699999996,200,True,,100,50.9797304,39.15,87.2
reload_plans,POST,71.74150000000168,200,True,,100,50.9801958,39.15,87.2
reload_plans,POST,71.08880000000539,200,True,,100,50.9809838,39.15,87.2
reload_plans,POST,70.76400000000405,200,True,,100,50.9815474,39.15,87.2
reload_plans,POST,70.25669999999451,200,True,,100,50.9819456,39.15,87.2
reload_plans,POST,70.39289999999454,200,True,,100,50.982325,39.15,87.2
reload_plans,POST,77.32169999999883,200,True,,100,50.9826177,39.15,87.2
reload_plans,POST,77.2876999999994,200,True,,100,50.9829976,39.15,87.2
reload_plans,POST,75.50849999999798,200,True,,100,50.9845287,39.15,87.2
reload_plans,POST,75.1166000000012,200,True,,100,50.9850118,39.15,87.2
reload_plans,POST,74.39719999999994,200,True,,100,50.9853798,39.15,87.2
reload_plans,POST,73.70120000000213,200,True,,100,50.9859121,39.15,87.2
reload_plans,POST,73.30029999999965,200,True,,100,50.9864118,39.15,87.2
reload_plans,POST,72.48570000000143,200,True,,100,50.986888,39.15,87.2
reload_plans,POST,72.30940000000174,200,True,,100,50.9875292,39.15,87.2
reload_plans,POST,71.11519999999416,200,True,,100,50.9881091,39.15,87.2
reload_plans,POST,70.60220000000328,200,True,,100,50.9889089,39.15,87.2
reload_plans,POST,63.8298000000006,200,True,,100,50.9963918,39.15,87.2
reload_plans,POST,68.25489999999945,200,True,,100,50.9971754,39.15,87.2
reload_plans,POST,68.113799999999,200,True,,100,50.9976153,39.15,87.2
reload_plans,POST,67.50860000000358,200,True,,100,50.9980227,39.15,87.2
reload_plans,POST,67.05819999999818,200,True,,100,50.9985663,39.15,87.2
reload_plans,POST,66.51959999999946,200,True,,100,50.9993019,39.15,87.2
reload_plans,POST,65.36280000000261,200,True,,100,50.9999251,39.15,87.2
reload_plans,POST,68.98289999999463,200,True,,100,51.0004702,39.15,87.2
reload_plans,POST,70.89619999999996,200,True,,100,51.0011532,39.15,87.2
reload_plans,POST,70.42080000000084,200,True,,100,51.0017624,39.15,87.2
reload_plans,POST,69.41549999999808,200,True,,100,51.0024195,39.15,87.2
reload_plans,POST,66.64250000000038,200,True,,100,51.0030421,39.15,87.2
reload_plans,POST,68.2153999999997,200,True,,100,51.0034964,39.15,87.2
reload_plans,POST,68.14330000000268,200,True,,100,51.003738,39.15,87.2
reload_plans,POST,67.94210000000334,200,True,,100,51.0039825,39.15,87.2
reload_plans,POST,67.58599999999859,200,True,,100,51.0041962,39.15,87.2
reload_plans,POST,65.10949999999838,200,True,,100,51.0045255,39.15,87.2
reload_plans,POST,64.70139999999702,200,True,,100,51.0048277,39.15,87.2
reload_plans,POST,63.61739999999827,200,True,,100,51.0059678,39.15,87.2
reload_plans,POST,63.04719999999975,200,True,,100,51.0066818,39.15,87.2
reload_plans,POST,71.07620000000026,200,True,,100,51.0076215,39.15,87.2
reload_plans,POST,70.37820000000039,200,True,,100,51.0082156,39.15,87.2
reload_plans,POST,69.67970000000179,200,True,,100,51.0088381,39.15,87.2
reload_plans,POST,69.29490000000271,200,True,,100,51.0093537,39.15,87.2
reload_plans,POST,76.8751000000023,200,True,,100,51.0102324,39.15,87.2
reload_plans,POST,71.8454999999949,200,True,,100,51.0151211,39.15,87.2
reload_plans,POST,71.24679999999728,200,True,,100,51.0156433,39.15,87.2
reload_plans,POST,70.8328999999992,200,True,,100,51.0162031,39.15,87.2
reload_plans,POST,70.11029999999607,200,True,,100,51.016564,39.15,87.2
reload_plans,POST,68.5803000000007,200,True,,100,51.0182254,39.15,87.2
reload_plans,POST,75.26990000000211,200,True,,100,51.0191065,39.15,87.2
reload_plans,POST,75.08619999999411,200,True,,100,51.019817,39.15,87.2
reload_plans,POST,69.87769999999927,200,True,,100,51.0247848,39.15,87.2
reload_plans,POST,69.25349999999497,200,True,,100,51.0252921,39.15,87.2
reload_plans,POST,71.36580000000237,200,True,,100,51.025655,39.15,87.2
reload_plans,POST,68.86710000000562,200,True,,100,51.0259028,39.15,87.2
reload_plans,POST,68.8935000000015,200,True,,100,51.0261237,39.15,87.2
reload_plans,POST,77.2687999999988,200,True,,100,51.0263394,39.15,87.2
reload_plans,POST,77.06670000000315,200,True,,100,51.0266399,39.15,87.2
reload_plans,POST,75.30160000000308,200,True,,100,51.0284754,39.15,87.2
reload_plans,POST,76.60399999999612,200,True,,100,51.0288808,39.15,87.2
reload_plans,POST,74.68630000000331,200,True,,100,51.0291564,39.15,87.2
reload_plans,POST,74.46510000000472,200,True,,100,51.0294465,39.15,87.2
reload_plans,POST,74.26099999999991,200,True,,100,51.0297099,39.15,87.2
reload_plans,POST,73.77020000000556,200,True,,100,51.0377873,39.15,87.2
reload_plans,POST,73.34609999999486,200,True,,100,51.0384747,39.15,87.2
reload_plans,POST,73.10349999999488,200,True,,100,51.038839,39.15,87.2
reload_plans,POST,72.45040000000103,200,True,,100,51.0390706,39.15,87.2
reload_plans,POST,72.10740000000015,200,True,,100,51.0392955,39.15,87.2
reload_plans,POST,72.0935999999952,200,True,,100,51.0394968,39.15,87.2
reload_plans,POST,71.55109999999354,200,True,,100,51.0397395,39.15,87.2
reload_plans,POST,71.38339999999488,200,True,,100,51.0399607,39.15,87.2
reload_plans,POST,71.8675000000033,200,True,,100,51.040178,39.15,87.2
reload_plans,POST,71.24900000000167,200,True,,100,51.0403938,39.15,87.2
reload_plans,POST,71.07689999999423,200,True,,100,51.0406144,39.15,87.2
reload_plans,POST,71.35219999999975,200,True,,100,51.0408445,39.15,87.2
reload_plans,POST,70.68710000000067,200,True,,100,51.0410851,39.15,87.2
reload_plans,POST,70.36769999999848,200,True,,100,51.0413565,39.15,87.2
reload_plans,POST,69.62030000000397,200,True,,100,51.0416063,39.15,87.2
reload_plans,POST,70.04050000000461,200,True,,100,51.0418289,39.15,87.2
reload_plans,POST,69.4175999999942,200,True,,100,51.0420536,39.15,87.2
reload_plans,POST,68.82089999999863,200,True,,100,51.0422881,39.15,87.2
reload_plans,POST,81.06130000000178,200,True,,100,51.043661,39.15,87.2
reload_plans,POST,78.43970000000411,200,True,,100,51.0441514,39.15,87.2
reload_plans,POST,78.27609999999652,200,True,,100,51.0445672,39.15,87.2
reload_plans,POST,76.35739999999913,200,True,,100,51.0480791,39.15,87.2
reload_plans,POST,75.00960000000134,200,True,,100,51.0487016,39.15,87.2
reload_plans,POST,381.20429999999317,200,True,,100,51.0490581,39.15,87.2
reload_plans,POST,378.01160000000067,200,True,,100,51.0494015,39.15,87.2
reload_plans,POST,377.69200000000325,200,True,,100,51.0498043,39.15,87.2
reload_plans,POST,379.9611000000027,200,True,,100,51.0502681,39.15,87.2
reload_plans,POST,73.08079999999961,200,True,,100,51.0507874,39.15,87.2
reload_plans,POST,72.18239999999554,200,True,,100,51.0511168,39.15,87.2
reload_plans,POST,72.77880000000181,200,True,,100,51.0513812,39.15,87.2
reload_plans,POST,71.31629999999944,200,True,,100,51.0532655,39.15,87.2
reload_plans,POST,71.49790000000422,200,True,,100,51.053636,39.15,87.2
reload_plans,POST,71.07299999999839,200,True,,100,51.0539264,39.15,87.2
reload_plans,POST,70.64040000000205,200,True,,100,51.0542179,39.15,87.2
reload_plans,POST,69.46789999999936,200,True,,100,51.0545473,39.15,87.2
reload_plans,POST,68.08330000000495,200,True,,100,51.0554418,39.15,87.2
reload_plans,POST,68.25829999999655,200,True,,100,51.0560405,39.15,87.2
reload_plans,POST,76.0470999999967,200,True,,100,51.0563748,39.15,87.2
reload_plans,POST,75.88640000000169,200,True,,100,51.0566724,39.15,87.2
reload_plans,POST,75.34199999999913,200,True,,100,51.0568978,39.15,87.2
reload_plans,POST,74.54070000000002,200,True,,100,51.0585517,39.15,87.2
reload_plans,POST,72.6170999999951,200,True,,100,51.0603934,39.15,87.2
reload_plans,POST,71.86420000000027,200,True,,100,51.0608216,39.15,87.2
reload_plans,POST,72.3977999999974,200,True,,100,51.0611096,39.15,87.2
reload_plans,POST,71.98370000000409,200,True,,100,51.0613633,39.15,87.2
reload_plans,POST,71.49349999999544,200,True,,100,51.0617311,39.15,87.2
reload_plans,POST,70.84059999999681,200,True,,100,51.0620464,39.15,87.2
reload_plans,POST,70.51150000000206,200,True,,100,51.0622909,39.15,87.2
reload_plans,POST,77.57050000000021,200,True,,100,51.0625036,39.15,87.2
reload_plans,POST,78.55779999999868,200,True,,100,51.06274,39.15,87.2
reload_plans,POST,77.3793999999981,200,True,,100,51.0630262,39.15,87.2
reload_plans,POST,77.90580000000347,200,True,,100,51.0632641,39.15,87.2
reload_plans,POST,77.18739999999968,200,True,,100,51.063495,39.15,87.2
reload_plans,POST,76.59650000000084,200,True,,100,51.0658609,39.15,87.2
reload_plans,POST,76.07649999999921,200,True,,100,51.0662145,39.15,87.2
reload_plans,POST,75.26210000000333,200,True,,100,51.0665559,39.15,87.2
reload_plans,POST,74.63969999999875,200,True,,100,51.0667835,39.15,87.2
reload_plans,POST,75.03950000000259,200,True,,100,51.0669846,39.15,87.2
reload_plans,POST,74.98840000000229,200,True,,100,51.0671809,39.15,87.2
reload_plans,POST,70.79260000000431,200,True,,100,51.0697493,39.15,87.2
reload_plans,POST,67.31590000000409,200,True,,100,51.0702661,39.15,87.2
reload_plans,POST,70.05949999999928,200,True,,100,51.070747,39.15,87.2
reload_plans,POST,70.04840000000456,200,True,,100,51.0709648,39.15,87.2
reload_plans,POST,69.15250000000128,200,True,,100,51.0711016,39.15,87.2
reload_plans,POST,70.40630000000192,200,True,,100,51.0712153,39.15,87.2
reload_plans,POST,78.17109999999872,200,True,,100,51.0722463,39.15,87.2
reload_plans,POST,77.1795999999938,200,True,,100,51.0728689,39.15,87.2
reload_plans,POST,76.83140000000321,200,True,,100,51.073302,39.15,87.2
reload_plans,POST,76.2268000000006,200,True,,100,51.0736546,39.15,87.2
reload_plans,POST,76.3583999999966,200,True,,100,51.0739625,39.15,87.2
reload_plans,POST,75.95940000000212,200,True,,100,51.0742559,39.15,87.2
reload_plans,POST,75.39539999999789,200,True,,100,51.0745722,39.15,87.2
reload_plans,POST,70.9592999999984,200,True,,100,51.0787192,39.15,87.2
reload_plans,POST,70.86809999999844,200,True,,100,51.0789149,39.15,87.2
reload_plans,POST,70.48429999999684,200,True,,100,51.0790584,39.15,87.2
reload_plans,POST,70.12040000000042,200,True,,100,51.0791855,39.15,87.2
reload_plans,POST,66.3747999999984,200,True,,100,51.087141,39.15,87.2
reload_plans,POST,66.23830000000197,200,True,,100,51.0874721,39.15,87.2
reload_plans,POST,72.71569999999627,200,True,,100,51.0877095,39.15,87.2
reload_plans,POST,72.16979999999751,200,True,,100,51.0878804,39.15,87.2
reload_plans,POST,72.21849999999819,200,True,,100,51.0880421,39.15,87.2
reload_plans,POST,71.98340000000059,200,True,,100,51.0881914,39.15,87.2
reload_plans,POST,65.59279999999745,200,True,,100,51.0950706,39.15,87.2
reload_plans,POST,64.91360000000412,200,True,,100,51.0956292,39.15,87.2
reload_plans,POST,64.26760000000087,200,True,,100,51.0960703,39.15,87.2
reload_plans,POST,71.45009999999985,200,True,,100,51.0962975,39.15,87.2
reload_plans,POST,71.35180000000219,200,True,,100,51.0964685,39.15,87.2
reload_plans,POST,71.04499999999803,200,True,,100,51.0966031,39.15,87.2
reload_plans,POST,70.91149999999402,200,True,,100,51.0970561,39.15,87.2
reload_plans,POST,73.85880000000355,200,True,,100,51.1039986,39.15,87.2
reload_plans,POST,73.83829999999847,200,True,,100,51.1042499,39.15,87.2
reload_plans,POST,72.69029999999788,200,True,,100,51.1044149,39.15,87.2
reload_plans,POST,70.2908000000022,200,True,,100,51.1046258,39.15,87.2
reload_plans,POST,69.62800000000158,200,True,,100,51.1048918,39.15,87.2
reload_plans,POST,69.67210000000534,200,True,,100,51.1050784,39.15,87.2
reload_plans,POST,72.22769999999912,200,True,,100,51.1055219,39.15,87.2
reload_plans,POST,73.01139999999862,200,True,,100,51.1123676,39.15,87.2
reload_plans,POST,72.04120000000103,200,True,,100,51.1129415,39.15,87.2
reload_plans,POST,72.13229999999982,200,True,,100,51.1133518,39.15,87.2
reload_plans,POST,71.89189999999712,200,True,,100,51.1136746,39.15,87.2
reload_plans,POST,71.39200000000301,200,True,,100,51.1139526,39.15,87.2
reload_plans,POST,71.2615999999997,200,True,,100,51.1142566,39.15,87.2
reload_plans,POST,70.73220000000191,200,True,,100,51.1145636,39.15,87.2
reload_plans,POST,370.9210999999968,200,True,,100,51.1148474,39.15,87.2
reload_plans,POST,70.1036999999971,200,True,,100,51.1150881,39.15,87.2
reload_plans,POST,69.70859999999846,200,True,,100,51.1153628,39.15,87.2
reload_plans,POST,69.83040000000074,200,True,,100,51.1155997,39.15,87.2
reload_plans,POST,69.28650000000403,200,True,,100,51.1158479,39.15,87.2
reload_plans,POST,69.05069999999824,200,True,,100,51.1161927,39.15,87.2
reload_plans,POST,72.84089999999566,200,True,,100,51.1164817,39.15,87.2
reload_plans,POST,76.478299999998,200,True,,100,51.1167511,39.15,87.2
reload_plans,POST,72.44419999999963,200,True,,100,51.1170141,39.15,87.2
reload_plans,POST,76.13309999999984,200,True,,100,51.1172985,39.15,87.2
reload_plans,POST,71.83520000000243,200,True,,100,51.1175679,39.15,87.2
reload_plans,POST,67.79219999999953,200,True,,100,51.1252064,39.15,87.2
reload_plans,POST,67.3743999999985,200,True,,100,51.1259575,39.15,87.2
reload_plans,POST,66.81290000000217,200,True,,100,51.1263048,39.15,87.2
reload_plans,POST,66.18860000000382,200,True,,100,51.1266306,39.15,87.2
reload_plans,POST,73.39120000000321,200,True,,100,51.1269402,39.15,87.2
reload_plans,POST,73.01280000000077,200,True,,100,51.12724,39.15,87.2
reload_plans,POST,70.98580000000254,200,True,,100,51.1275694,39.15,87.2
reload_plans,POST,70.09310000000113,200,True,,100,51.1279648,39.15,87.2
reload_plans,POST,69.86839999999717,200,True,,100,51.1283662,39.15,87.2
reload_plans,POST,69.6458999999976,200,True,,100,51.1287801,39.15,87.2
reload_plans,POST,69.55609999999979,200,True,,100,51.1290957,39.15,87.2
reload_plans,POST,68.55029999999829,200,True,,100,51.1294062,39.15,87.2
reload_plans,POST,68.13460000000049,200,True,,100,51.1297048,39.15,87.2
reload_plans,POST,68.34020000000152,200,True,,100,51.1299943,39.15,87.2
reload_plans,POST,67.40339999999634,200,True,,100,51.1302802,39.15,87.2
reload_plans,POST,66.68950000000251,200,True,,100,51.1336696,39.15,87.2
reload_plans,POST,63.99509999999964,200,True,,100,51.1341689,39.15,87.2
reload_plans,POST,74.11590000000245,200,True,,100,51.1345418,39.15,87.2
reload_plans,POST,73.7622999999985,200,True,,100,51.1349881,39.15,87.2
reload_plans,POST,73.14570000000487,200,True,,100,51.1353568,39.15,87.2
reload_plans,POST,71.02009999999837,200,True,,100,51.1357464,39.15,87.2
reload_plans,POST,70.67230000000535,200,True,,100,51.1360299,39.15,87.2
reload_plans,POST,70.28350000000216,200,True,,100,51.1363043,39.15,87.2
reload_plans,POST,69.93839999999807,200,True,,100,51.1365779,39.15,87.2
reload_plans,POST,69.98099999999852,200,True,,100,51.1368476,39.15,87.2
reload_plans,POST,69.31409999999971,200,True,,100,51.1371206,39.15,87.2
reload_plans,POST,68.07250000000664,200,True,,100,51.1382528,39.15,87.2
reload_plans,POST,65.94570000000033,200,True,,100,51.1427768,39.15,87.2
reload_plans,POST,65.2642999999955,200,True,,100,51.1433242,39.15,87.2
reload_plans,POST,62.85710000000222,200,True,,100,51.1437988,39.15,87.2
reload_plans,POST,72.96629999999737,200,True,,100,51.1442416,39.15,87.2
reload_plans,POST,70.92300000000051,200,True,,100,51.144653,39.15,87.2
reload_plans,POST,72.16449999999952,200,True,,100,51.1450236,39.15,87.2
reload_plans,POST,71.80639999999983,200,True,,100,51.1453529,39.15,87.2
reload_plans,POST,71.3022000000052,200,True,,100,51.1457619,39.15,87.2
reload_plans,POST,69.5724999999996,200,True,,100,51.1460865,39.15,87.2
reload_plans,POST,69.28059999999903,200,True,,100,51.1463368,39.15,87.2
reload_plans,POST,68.87369999999748,200,True,,100,51.1465539,39.15,87.2
reload_plans,POST,68.7509999999989,200,True,,100,51.1467943,39.15,87.2
reload_plans,POST,68.5199000000054,200,True,,100,51.1469835,39.15,87.2
reload_plans,POST,68.2839000000044,200,True,,100,51.1471757,39.15,87.2
reload_plans,POST,67.93580000000077,200,True,,100,51.1474403,39.15,87.2
reload_plans,POST,67.57539999999551,200,True,,100,51.1477469,39.15,87.2
reload_plans,POST,65.16820000000223,200,True,,100,51.1505349,39.15,87.2
reload_plans,POST,64.3315999999956,200,True,,100,51.1509118,39.15,87.2
reload_plans,POST,64.59820000000605,200,True,,100,51.1511472,39.15,87.2
reload_plans,POST,74.08530000000013,200,True,,100,51.1513286,39.15,87.2
reload_plans,POST,73.49109999999826,200,True,,100,51.1514983,39.15,87.2
reload_plans,POST,73.87040000000411,200,True,,100,51.1516652,39.15,87.2
reload_plans,POST,73.24770000000314,200,True,,100,51.1518254,39.15,87.2
reload_plans,POST,72.77579999999517,200,True,,100,51.151985,39.15,87.2
reload_plans,POST,72.76049999999401,200,True,,100,51.1521412,39.15,87.2
reload_plans,POST,73.50650000000059,200,True,,100,51.1522954,39.15,87.2
reload_plans,POST,72.0793999999998,200,True,,100,51.1524816,39.15,87.2
reload_plans,POST,70.63949999999863,200,True,,100,51.1537747,39.15,87.2
reload_plans,POST,70.48910000000319,200,True,,100,51.1541783,39.15,87.2
reload_plans,POST,64.95350000000144,200,True,,100,51.1607328,39.15,87.2
reload_plans,POST,64.19419999999576,200,True,,100,51.1614171,39.15,87.2
reload_plans,POST,63.08159999999674,200,True,,100,51.1622057,39.15,87.2
reload_plans,POST,62.62550000000289,200,True,,100,51.1625309,39.15,87.2
reload_plans,POST,68.4115000000034,200,True,,100,51.1627477,39.15,87.2
reload_plans,POST,67.81399999999849,200,True,,100,51.1629201,39.15,87.2
reload_plans,POST,67.51149999999484,200,True,,100,51.1630759,39.15,87.2
reload_plans,POST,62.837799999996946,200,True,,100,51.1679948,39.15,87.2
reload_plans,POST,62.74119999999783,200,True,,100,51.1681807,39.15,87.2
reload_plans,POST,62.688700000002484,200,True,,100,51.168316,39.15,87.2
reload_plans,POST,62.656399999994505,200,True,,100,51.1684272,39.15,87.2
reload_plans,POST,63.98289999999918,200,True,,100,51.1749779,39.15,87.2
reload_plans,POST,63.52619999999831,200,True,,100,51.1756009,39.15,87.2
reload_plans,POST,70.11409999999785,200,True,,100,51.1760286,39.15,87.2
reload_plans,POST,68.09219999999527,200,True,,100,51.1781378,39.15,87.2
reload_plans,POST,368.55239999999867,200,True,,100,51.1786326,39.15,87.2
reload_plans,POST,67.37599999999588,200,True,,100,51.1789178,39.15,87.2
reload_plans,POST,367.83319999999975,200,True,,100,51.1791166,39.15,87.2
reload_plans,POST,69.32350000000298,200,True,,100,51.1855894,39.15,87.2
reload_plans,POST,69.36309999999679,200,True,,100,51.185887,39.15,87.2
reload_plans,POST,68.96389999999997,200,True,,100,51.1860709,39.15,87.2
reload_plans,POST,69.1447000000025,200,True,,100,51.1863013,39.15,87.2
reload_plans,POST,68.59200000000243,200,True,,100,51.1865532,39.15,87.2
reload_plans,POST,69.21909999999798,200,True,,100,51.1867656,39.15,87.2
reload_plans,POST,67.85009999999403,200,True,,100,51.1868837,39.15,87.2
reload_plans,POST,68.35980000000319,200,True,,100,51.1869872,39.15,87.2
reload_plans,POST,69.03479999999718,200,True,,100,51.187085,39.15,87.2
reload_plans,POST,68.59429999999378,200,True,,100,51.187178,39.15,87.2
reload_plans,POST,75.9929000000028,200,True,,100,51.1872713,39.15,87.2
reload_plans,POST,75.79950000000224,200,True,,100,51.1873626,39.15,87.2
reload_plans,POST,73.41370000000325,200,True,,100,51.1894813,39.15,87.2
reload_plans,POST,73.06799999999924,200,True,,100,51.1899807,39.15,87.2
reload_plans,POST,72.86230000000415,200,True,,100,51.1904981,39.15,87.2
reload_plans,POST,74.05550000000005,200,True,,100,51.1934768,39.15,87.2
reload_plans,POST,73.20800000000105,200,True,,100,51.1939808,39.15,87.2
reload_plans,POST,73.02709999999735,200,True,,100,51.1943092,39.15,87.2
reload_plans,POST,72.86040000000327,200,True,,100,51.1946078,39.15,87.2
reload_plans,POST,72.13869999999645,200,True,,100,51.1949394,39.15,87.2
reload_plans,POST,71.86610000000115,200,True,,100,51.1954014,39.15,87.2
reload_plans,POST,64.62799999999902,200,True,,100,51.1988274,39.15,87.2
reload_plans,POST,64.51270000000164,200,True,,100,51.199039,39.15,87.2
reload_plans,POST,72.9396000000051,200,True,,100,51.1991665,39.15,87.2
reload_plans,POST,72.58230000000054,200,True,,100,51.1992657,39.15,87.2
reload_plans,POST,72.64880000000318,200,True,,100,51.1993611,39.15,87.2
reload_plans,POST,72.01450000000165,200,True,,100,51.1994559,39.15,87.2
reload_plans,POST,72.19200000000114,200,True,,100,51.1995481,39.15,87.2
reload_plans,POST,72.3048999999989,200,True,,100,51.1996399,39.15,87.2
reload_plans,POST,71.8864000000039,200,True,,100,51.1997345,39.15,87.2
reload_plans,POST,79.55199999999962,200,True,,100,51.1998305,39.15,87.2
reload_plans,POST,80.15369999999677,200,True,,100,51.2003837,39.15,87.2
reload_plans,POST,78.69190000000259,200,True,,100,51.2005743,39.15,87.2
reload_plans,POST,78.43129999999832,200,True,,100,51.2007204,39.15,87.2
reload_plans,POST,72.13689999999673,200,True,,100,51.2068844,39.15,87.2
reload_plans,POST,72.30509999999413,200,True,,100,51.2071869,39.15,87.2
reload_plans,POST,72.21020000000067,200,True,,100,51.2073959,39.15,87.2
reload_plans,POST,70.96560000000096,200,True,,100,51.2075846,39.15,87.2
reload_plans,POST,72.89370000000162,200,True,,100,51.2077421,39.15,87.2
reload_plans,POST,70.88860000000352,200,True,,100,51.2078947,39.15,87.2
reload_plans,POST,78.36680000000484,200,True,,500,53.5672387,38.25,87.35
reload_plans,POST,77.39959999999968,200,True,,500,53.5679212,38.25,87.35
reload_plans,POST,76.77229999999469,200,True,,500,53.5683677,38.25,87.35
reload_plans,POST,77.55369999999573,200,True,,500,53.5686784,38.25,87.35
reload_plans,POST,77.3311000000021,200,True,,500,53.5688435,38.25,87.35
reload_plans,POST,77.28420000000114,200,True,,500,53.5690107,38.25,87.35
reload_plans,POST,76.37280000000146,200,True,,500,53.5691589,38.25,87.35
reload_plans,POST,75.76699999999903,200,True,,500,53.5693054,38.25,87.35
reload_plans,POST,75.30009999999976,200,True,,500,53.5694644,38.25,87.35
reload_plans,POST,76.84170000000279,200,True,,500,53.5696224,38.25,87.35
reload_plans,POST,76.58680000000118,200,True,,500,53.5697712,38.25,87.35
reload_plans,POST,75.47680000000412,200,True,,500,53.569947,38.25,87.35
reload_plans,POST,74.43389999999539,200,True,,500,53.5701115,38.25,87.35
reload_plans,POST,74.94880000000137,200,True,,500,53.5704351,38.25,87.35
reload_plans,POST,75.79059999999771,200,True,,500,53.5706202,38.25,87.35
reload_plans,POST,74.93619999999623,200,True,,500,53.5708792,38.25,87.35
reload_plans,POST,75.19740000000041,200,True,,500,53.5713251,38.25,87.35
reload_plans,POST,74.43899999999815,200,True,,500,53.5722128,38.25,87.35
reload_plans,POST,73.12660000000193,200,True,,500,53.5726234,38.25,87.35
reload_plans,POST,72.4671999999984,200,True,,500,53.5730115,38.25,87.35
reload_plans,POST,70.97480000000189,200,True,,500,53.5733093,38.25,87.35
reload_plans,POST,71.41249999999388,200,True,,500,53.5735693,38.25,87.35
reload_plans,POST,71.39369999999445,200,True,,500,53.5738387,38.25,87.35
reload_plans,POST,71.5313999999978,200,True,,500,53.5741393,38.25,87.35
reload_plans,POST,77.3921000000044,200,True,,500,53.5748584,38.25,87.35
reload_plans,POST,79.07029999999793,200,True,,500,53.5752797,38.25,87.35
reload_plans,POST,449.39250000000186,200,True,,500,53.5756282,38.25,87.35
reload_plans,POST,78.67720000000133,200,True,,500,53.5759761,38.25,87.35
reload_plans,POST,86.37590000000017,200,True,,500,53.576271,38.25,87.35
reload_plans,POST,78.17370000000068,200,True,,500,53.5765791,38.25,87.35
reload_plans,POST,77.97399999999755,200,True,,500,53.5769083,38.25,87.35
reload_plans,POST,77.26110000000119,200,True,,500,53.5772349,38.25,87.35
reload_plans,POST,86.91610000000338,200,True,,500,53.5775655,38.25,87.35
reload_plans,POST,76.05649999999997,200,True,,500,53.5778919,38.25,87.35
reload_plans,POST,73.91020000000026,200,True,,500,53.5782716,38.25,87.35
reload_plans,POST,73.34270000000487,200,True,,500,53.5785504,38.25,87.35
reload_plans,POST,73.71549999999871,200,True,,500,53.5788176,38.25,87.35
reload_plans,POST,73.27449999999658,200,True,,500,53.5791398,38.25,87.35
reload_plans,POST,72.00799999999674,200,True,,500,53.5794313,38.25,87.35
reload_plans,POST,71.18349999999651,200,True,,500,53.579701,38.25,87.35
reload_plans,POST,72.16090000000008,200,True,,500,53.5799478,38.25,87.35
reload_plans,POST,71.0525000000004,200,True,,500,53.5801844,38.25,87.35
reload_plans,POST,71.55449999999774,200,True,,500,53.5804726,38.25,87.35
reload_plans,POST,72.18759999999946,200,True,,500,53.5807121,38.25,87.35
reload_plans,POST,84.64730000000031,200,True,,500,53.5809467,38.25,87.35
reload_plans,POST,84.74819999999994,200,True,,500,53.5812781,38.25,87.35
reload_plans,POST,84.4711000000018,200,True,,500,53.5815081,38.25,87.35
reload_plans,POST,83.4052000000014,200,True,,500,53.5816872,38.25,87.35
reload_plans,POST,83.19000000000187,200,True,,500,53.581953,38.25,87.35
reload_plans,POST,83.14350000000559,200,True,,500,53.5822168,38.25,87.35
reload_plans,POST,82.72829999999942,200,True,,500,53.5824652,38.25,87.35
reload_plans,POST,83.14350000000559,200,True,,500,53.5826412,38.25,87.35
reload_plans,POST,83.39029999999781,200,True,,500,53.5828275,38.25,87.35
reload_plans,POST,83.3267999999947,200,True,,500,53.5830161,38.25,87.35
reload_plans,POST,82.4496000000039,200,True,,500,53.5831811,38.25,87.35
reload_plans,POST,82.34979999999581,200,True,,500,53.5833359,38.25,87.35
reload_plans,POST,82.49200000000201,200,True,,500,53.5836323,38.25,87.35
reload_plans,POST,82.4908000000022,200,True,,500,53.5838045,38.25,87.35
reload_plans,POST,81.45979999999753,200,True,,500,53.5839786,38.25,87.35
reload_plans,POST,82.54920000000254,200,True,,500,53.5842094,38.25,87.35
reload_plans,POST,81.8846000000022,200,True,,500,53.5843789,38.25,87.35
reload_plans,POST,80.22700000000071,200,True,,500,53.5845868,38.25,87.35
reload_plans,POST,80.14599999999916,200,True,,500,53.5847766,38.25,87.35
reload_plans,POST,81.78180000000168,200,True,,500,53.584928,38.25,87.35
reload_plans,POST,80.75989999999678,200,True,,500,53.5850738,38.25,87.35
reload_plans,POST,80.94899999999683,200,True,,500,53.585222,38.25,87.35
reload_plans,POST,81.28769999999719,200,True,,500,53.5853733,38.25,87.35
reload_plans,POST,80.23939999999641,200,True,,500,53.5856907,38.25,87.35
reload_plans,POST,79.93220000000179,200,True,,500,53.5859496,38.25,87.35
reload_plans,POST,79.48250000000456,200,True,,500,53.5862499,38.25,87.35
reload_plans,POST,79.55259999999953,200,True,,500,53.5865224,38.25,87.35
reload_plans,POST,78.75339999999653,200,True,,500,53.5867639,38.25,87.35
reload_plans,POST,77.9955000000001,200,True,,500,53.5869896,38.25,87.35
reload_plans,POST,77.81889999999692,200,True,,500,53.5872225,38.25,87.35
reload_plans,POST,77.06329999999895,200,True,,500,53.5875842,38.25,87.35
reload_plans,POST,77.49719999999627,200,True,,500,53.5877659,38.25,87.35
reload_plans,POST,91.30470000000201,200,True,,500,53.5880352,38.25,87.35
reload_plans,POST,90.29830000000061,200,True,,500,53.5887439,38.25,87.35
reload_plans,POST,86.661399999997,200,True,,500,53.5892319,38.25,87.35
reload_plans,POST,89.99109999999888,200,True,,500,53.5894357,38.25,87.35
reload_plans,POST,89.53240000000307,200,True,,500,53.5896638,38.25,87.35
reload_plans,POST,88.2795999999999,200,True,,500,53.5898498,38.25,87.35
reload_plans,POST,88.62299999999834,200,True,,500,53.5899939,38.25,87.35
reload_plans,POST,87.80459999999835,200,True,,500,53.5902547,38.25,87.35
reload_plans,POST,87.93719999999894,200,True,,500,53.5904948,38.25,87.35
reload_plans,POST,88.86220000000122,200,True,,500,53.5907464,38.25,87.35
reload_plans,POST,86.6731999999999,200,True,,500,53.59102,38.25,87.35
reload_plans,POST,87.42090000000502,200,True,,500,53.5914295,38.25,87.35
reload_plans,POST,85.72900000000061,200,True,,500,53.592023,38.25,87.35
reload_plans,POST,85.09640000000473,200,True,,500,53.5924693,38.25,87.35
reload_plans,POST,84.63739999999831,200,True,,500,53.5927631,38.25,87.35
reload_plans,POST,84.80709999999902,200,True,,500,53.5931273,38.25,87.35
reload_plans,POST,82.89330000000206,200,True,,500,53.593471,38.25,87.35
reload_plans,POST,85.75380000000621,200,True,,500,53.5937461,38.25,87.35
reload_plans,POST,84.32799999999929,200,True,,500,53.5940061,38.25,87.35
reload_plans,POST,85.32559999999734,200,True,,500,53.5942297,38.25,87.35
reload_plans,POST,84.03859999999952,200,True,,500,53.5944878,38.25,87.35
reload_plans,POST,83.50609999999392,200,True,,500,53.5947286,38.25,87.35
reload_plans,POST,2557.0729000000015,200,True,,500,53.5949503,38.25,87.35
reload_plans,POST,88.55390000000085,200,True,,500,53.5953917,38.25,87.35
reload_plans,POST,116.97149999999823,200,True,,500,53.5956721,38.25,87.35
reload_plans,POST,117.27369999999837,200,True,,500,53.5958009,38.25,87.35
reload_plans,POST,116.6515999999973,200,True,,500,53.595882,38.25,87.35
reload_plans,POST,117.27650000000267,200,True,,500,53.5959553,38.25,87.35
reload_plans,POST,116.99800000000238,200,True,,500,53.5960241,38.25,87.35
reload_plans,POST,116.34080000000324,200,True,,500,53.5961278,38.25,87.35
reload_plans,POST,116.39089999999896,200,True,,500,53.5961988,38.25,87.35
reload_plans,POST,116.70600000000064,200,True,,500,53.5962635,38.25,87.35
reload_plans,POST,118.73920000000027,200,True,,500,53.5963289,38.25,87.35
reload_plans,POST,115.99350000000186,200,True,,500,53.596395,38.25,87.35
reload_plans,POST,115.66150000000164,200,True,,500,53.5964574,38.25,87.35
reload_plans,POST,116.29039999999691,200,True,,500,53.5965241,38.25,87.35
reload_plans,POST,116.23600000000067,200,True,,500,53.5966352,38.25,87.35
reload_plans,POST,116.01179999999545,200,True,,500,53.5967118,38.25,87.35
reload_plans,POST,115.50839999999596,200,True,,500,53.5967775,38.25,87.35
reload_plans,POST,120.2690000000004,200,True,,500,53.5969524,38.25,87.35
reload_plans,POST,119.69520000000244,200,True,,500,53.597024,38.25,87.35
reload_plans,POST,119.37900000000212,200,True,,500,53.597097,38.25,87.35
reload_plans,POST,120.12289999999837,200,True,,500,53.5972171,38.25,87.35
reload_plans,POST,119.32529999999986,200,True,,500,53.597295,38.25,87.35
reload_plans,POST,119.44330000000036,200,True,,500,53.597369,38.25,87.35
reload_plans,POST,119.60530000000347,200,True,,500,53.5974405,38.25,87.35
reload_plans,POST,119.4406999999984,200,True,,500,53.5975131,38.25,87.35
reload_plans,POST,126.83279999999542,200,True,,500,53.5975819,38.25,87.35
reload_plans,POST,129.07919999999962,200,True,,500,53.5976501,38.25,87.35
reload_plans,POST,130.44880000000347,200,True,,500,53.5977943,38.25,87.35
reload_plans,POST,128.7729000000013,200,True,,500,53.5978694,38.25,87.35
reload_plans,POST,128.32110000000085,200,True,,500,53.5979389,38.25,87.35
reload_plans,POST,130.15670000000057,200,True,,500,53.5980093,38.25,87.35
reload_plans,POST,128.47580000000391,200,True,,500,53.598082,38.25,87.35
reload_plans,POST,125.8186999999964,200,True,,500,53.5981528,38.25,87.35
reload_plans,POST,128.23120000000188,200,True,,500,53.5982547,38.25,87.35
reload_plans,POST,127.99460000000096,200,True,,500,53.5984348,38.25,87.35
reload_plans,POST,127.83939999999916,200,True,,500,53.5985105,38.25,87.35
reload_plans,POST,125.71020000000033,200,True,,500,53.5985829,38.25,87.35
reload_plans,POST,125.70500000000351,200,True,,500,53.5986543,38.25,87.35
reload_plans,POST,127.41809999999987,200,True,,500,53.5987275,38.25,87.35
reload_plans,POST,125.26080000000661,200,True,,500,53.5988553,38.25,87.35
reload_plans,POST,125.12660000000153,200,True,,500,53.5989236,38.25,87.35
reload_plans,POST,125.21740000000392,200,True,,500,53.598986,38.25,87.35
reload_plans,POST,124.7680000000031,200,True,,500,53.5990513,38.25,87.35
reload_plans,POST,131.3182000000026,200,True,,500,53.5991199,38.25,87.35
reload_plans,POST,131.33939999999455,200,True,,500,53.5991854,38.25,87.35
reload_plans,POST,133.1433000000004,200,True,,500,53.5992611,38.25,87.35
reload_plans,POST,133.58119999999474,200,True,,500,53.5993981,38.25,87.35
reload_plans,POST,133.1339999999983,200,True,,500,53.5994673,38.25,87.35
reload_plans,POST,131.16569999999683,200,True,,500,53.5995324,38.25,87.35
reload_plans,POST,133.41820000000126,200,True,,500,53.599593,38.25,87.35
reload_plans,POST,128.10400000000044,200,True,,500,53.6024852,38.25,87.35
reload_plans,POST,129.8871000000048,200,True,,500,53.6026306,38.25,87.35
reload_plans,POST,127.94089999999869,200,True,,500,53.602704,38.25,87.35
reload_plans,POST,129.89720000000204,200,True,,500,53.6027713,38.25,87.35
reload_plans,POST,129.97769999999775,200,True,,500,53.6028425,38.25,87.35
reload_plans,POST,129.6488999999994,200,True,,500,53.603098,38.25,87.35
reload_plans,POST,129.71040000000045,200,True,,500,53.6031861,38.25,87.35
reload_plans,POST,132.42120000000313,200,True,,500,53.6032643,38.25,87.35
reload_plans,POST,132.42400000000032,200,True,,500,53.6033425,38.25,87.35
reload_plans,POST,132.5144999999992,200,True,,500,53.6034148,38.25,87.35
reload_plans,POST,136.97899999999663,200,True,,500,53.6035188,38.25,87.35
reload_plans,POST,132.2678999999951,200,True,,500,53.6036111,38.25,87.35
reload_plans,POST,136.77240000000523,200,True,,500,53.603688,38.25,87.35
reload_plans,POST,136.7879999999957,200,True,,500,53.6037626,38.25,87.35
reload_plans,POST,135.9399000000039,200,True,,500,53.6038387,38.25,87.35
reload_plans,POST,136.47559999999714,200,True,,500,53.6039272,38.25,87.35
reload_plans,POST,136.60159999999877,200,True,,500,53.6039993,38.25,87.35
reload_plans,POST,135.73250000000314,200,True,,500,53.6041982,38.25,87.35
reload_plans,POST,135.0623000000013,200,True,,500,53.6044802,38.25,87.35
reload_plans,POST,136.12090000000165,200,True,,500,53.6046197,38.25,87.35
reload_plans,POST,135.98410000000172,200,True,,500,53.6047037,38.25,87.35
reload_plans,POST,135.55649999999986,200,True,,500,53.6047797,38.25,87.35
reload_plans,POST,131.196199999998,200,True,,500,53.604854,38.25,87.35
reload_plans,POST,131.09100000000495,200,True,,500,53.6049252,38.25,87.35
reload_plans,POST,135.22700000000043,200,True,,500,53.6049956,38.25,87.35
reload_plans,POST,130.70370000000509,200,True,,500,53.6051234,38.25,87.35
reload_plans,POST,130.75530000000413,200,True,,500,53.6052099,38.25,87.35
reload_plans,POST,135.36790000000565,200,True,,500,53.6052858,38.25,87.35
reload_plans,POST,139.77429999999913,200,True,,500,53.6053634,38.25,87.35
reload_plans,POST,137.5118999999998,200,True,,500,53.6054391,38.25,87.35
reload_plans,POST,137.35230000000342,200,True,,500,53.6055134,38.25,87.35
reload_plans,POST,147.09330000000165,200,True,,500,53.605598,38.25,87.35
reload_plans,POST,147.476300000001,200,True,,500,53.6057626,38.25,87.35
reload_plans,POST,147.4192999999957,200,True,,500,53.6058711,38.25,87.35
reload_plans,POST,147.0453999999961,200,True,,500,53.6061418,38.25,87.35
reload_plans,POST,146.79749999999814,200,True,,500,53.6063399,38.25,87.35
reload_plans,POST,146.97809999999834,200,True,,500,53.6064633,38.25,87.35
reload_plans,POST,146.9516000000013,200,True,,500,53.6065775,38.25,87.35
reload_plans,POST,146.87919999999366,200,True,,500,53.6067012,38.25,87.35
reload_plans,POST,146.67790000000025,200,True,,500,53.606816,38.25,87.35
reload_plans,POST,146.4659000000026,200,True,,500,53.606925,38.25,87.35
reload_plans,POST,145.95119999999895,200,True,,500,53.6070263,38.25,87.35
reload_plans,POST,145.6842999999992,200,True,,500,53.6071342,38.25,87.35
reload_plans,POST,145.61839999999648,200,True,,500,53.6073,38.25,87.35
reload_plans,POST,145.6605000000053,200,True,,500,53.6074224,38.25,87.35
reload_plans,POST,145.33760000000484,200,True,,500,53.6075367,38.25,87.35
reload_plans,POST,145.38280000000015,200,True,,500,53.6076495,38.25,87.35
reload_plans,POST,145.0016000000005,200,True,,500,53.6077589,38.25,87.35
reload_plans,POST,145.46610000000015,200,True,,500,53.6078754,38.25,87.35
reload_plans,POST,144.60510000000681,200,True,,500,53.6079878,38.25,87.35
reload_plans,POST,174.463700000004,200,True,,500,53.608335,38.25,87.35
reload_plans,POST,172.546600000004,200,True,,500,53.6085103,38.25,87.35
reload_plans,POST,172.48639999999682,200,True,,500,53.6086371,38.25,87.35
reload_plans,POST,173.86869999999988,200,True,,500,53.6087983,38.25,87.35
reload_plans,POST,172.1029999999999,200,True,,500,53.6088972,38.25,87.35
reload_plans,POST,173.7704000000022,200,True,,500,53.6089706,38.25,87.35
reload_plans,POST,171.45950000000454,200,True,,500,53.6090458,38.25,87.35
reload_plans,POST,172.06529999999987,200,True,,500,53.6091224,38.25,87.35
reload_plans,POST,173.66550000000558,200,True,,500,53.6092361,38.25,87.35
reload_plans,POST,173.51939999999644,200,True,,500,53.609332,38.25,87.35
reload_plans,POST,171.40669999999858,200,True,,500,53.6094141,38.25,87.35
reload_plans,POST,170.81430000000353,200,True,,500,53.6094893,38.25,87.35
reload_plans,POST,171.33129999999852,200,True,,500,53.6095654,38.25,87.35
reload_plans,POST,171.31779999999708,200,True,,500,53.609642,38.25,87.35
reload_plans,POST,172.8737000000038,200,True,,500,53.6097196,38.25,87.35
reload_plans,POST,170.81930000000511,200,True,,500,53.6098508,38.25,87.35
reload_plans,POST,170.47290000000004,200,True,,500,53.609934,38.25,87.35
reload_plans,POST,174.40090000000197,200,True,,500,53.6101295,38.25,87.35
reload_plans,POST,174.26040000000143,200,True,,500,53.6102169,38.25,87.35
reload_plans,POST,174.10540000000196,200,True,,500,53.6105267,38.25,87.35
reload_plans,POST,173.53519999999634,200,True,,500,53.6108787,38.25,87.35
reload_plans,POST,173.50170000000276,200,True,,500,53.6110791,38.25,87.35
reload_plans,POST,173.0805999999987,200,True,,500,53.6112437,38.25,87.35
reload_plans,POST,182.1649999999977,200,True,,500,53.6113261,38.25,87.35
reload_plans,POST,181.85110000000293,200,True,,500,53.611394,38.25,87.35
reload_plans,POST,182.12820000000107,200,True,,500,53.6114556,38.25,87.35
reload_plans,POST,182.02360000000084,200,True,,500,53.6115136,38.25,87.35
reload_plans,POST,181.6579000000047,200,True,,500,53.6117832,38.25,87.35
reload_plans,POST,181.3416000000032,200,True,,500,53.6120385,38.25,87.35
reload_plans,POST,181.15740000000358,200,True,,500,53.6121631,38.25,87.35
reload_plans,POST,180.90799999999518,200,True,,500,53.6122403,38.25,87.35
reload_plans,POST,193.98400000000038,200,True,,500,53.6123051,38.25,87.35
reload_plans,POST,193.9773999999943,200,True,,500,53.6123649,38.25,87.35
reload_plans,POST,190.33420000000234,200,True,,500,53.6124235,38.25,87.35
reload_plans,POST,187.46829999999903,200,True,,500,53.6125803,38.25,87.35
reload_plans,POST,189.6357999999978,200,True,,500,53.6126431,38.25,87.35
reload_plans,POST,189.49220000000366,200,True,,500,53.6126983,38.25,87.35
reload_plans,POST,193.38439999999935,200,True,,500,53.612752,38.25,87.35
reload_plans,POST,190.2577999999977,200,True,,500,53.6128281,38.25,87.35
reload_plans,POST,193.3250999999956,200,True,,500,53.6129035,38.25,87.35
reload_plans,POST,193.5220999999956,200,True,,500,53.6129596,38.25,87.35
reload_plans,POST,189.76740000000092,200,True,,500,53.613042,38.25,87.35
reload_plans,POST,189.9936000000011,200,True,,500,53.6131271,38.25,87.35
reload_plans,POST,189.30890000000034,200,True,,500,53.6131875,38.25,87.35
reload_plans,POST,189.0877999999958,200,True,,500,53.613272,38.25,87.35
reload_plans,POST,189.29190000000062,200,True,,500,53.6133664,38.25,87.35
reload_plans,POST,189.55800000000522,200,True,,500,53.6134309,38.25,87.35
reload_plans,POST,189.37199999999876,200,True,,500,53.6135108,38.25,87.35
reload_plans,POST,189.224099999997,200,True,,500,53.6137157,38.25,87.35
reload_plans,POST,189.21840000000145,200,True,,500,53.6138183,38.25,87.35
reload_plans,POST,189.25930000000335,200,True,,500,53.6139837,38.25,87.35
reload_plans,POST,192.45229999999935,200,True,,500,53.6140545,38.25,87.35
reload_plans,POST,190.8194000000023,200,True,,500,53.6141155,38.25,87.35
reload_plans,POST,188.97859999999866,200,True,,500,53.614173,38.25,87.35
reload_plans,POST,188.32929999999948,200,True,,500,53.6142265,38.25,87.35
reload_plans,POST,185.46169999999762,200,True,,500,53.6142841,38.25,87.35
reload_plans,POST,185.5224999999976,200,True,,500,53.6143396,38.25,87.35
reload_plans,POST,188.31380000000308,200,True,,500,53.6143936,38.25,87.35
reload_plans,POST,185.7495,200,True,,500,53.6144468,38.25,87.35
reload_plans,POST,188.06419999999946,200,True,,500,53.6145434,38.25,87.35
reload_plans,POST,185.35260000000164,200,True,,500,53.6146014,38.25,87.35
reload_plans,POST,185.46820000000253,200,True,,500,53.6146563,38.25,87.35
reload_plans,POST,187.71670000000285,200,True,,500,53.6147199,38.25,87.35
reload_plans,POST,196.45020000000102,200,True,,500,53.6147801,38.25,87.35
reload_plans,POST,194.34969999999652,200,True,,500,53.614839,38.25,87.35
reload_plans,POST,196.42850000000323,200,True,,500,53.6148964,38.25,87.35
reload_plans,POST,195.9452999999982,200,True,,500,53.6149633,38.25,87.35
reload_plans,POST,194.1348000000005,200,True,,500,53.6152569,38.25,87.35
reload_plans,POST,193.9489000000023,200,True,,500,53.6153876,38.25,87.35
reload_plans,POST,195.69280000000333,200,True,,500,53.6154708,38.25,87.35
reload_plans,POST,193.73189999999596,200,True,,500,53.615543,38.25,87.35
reload_plans,POST,192.27539999999976,200,True,,500,53.615611,38.25,87.35
reload_plans,POST,192.28749999999906,200,True,,500,53.6156811,38.25,87.35
reload_plans,POST,190.61849999999936,200,True,,500,53.6157621,38.25,87.35
reload_plans,POST,192.1615999999986,200,True,,500,53.6158288,38.25,87.35
reload_plans,POST,190.54020000000094,200,True,,500,53.6158899,38.25,87.35
reload_plans,POST,195.14780000000087,200,True,,500,53.6159452,38.25,87.35
reload_plans,POST,193.43709999999703,200,True,,500,53.6160075,38.25,87.35
reload_plans,POST,194.94960000000106,200,True,,500,53.6160644,38.25,87.35
reload_plans,POST,207.48869999999897,200,True,,500,53.6161206,38.25,87.35
reload_plans,POST,204.9410999999992,200,True,,500,53.6162003,38.25,87.35
reload_plans,POST,207.25399999999894,200,True,,500,53.6162678,38.25,87.35
reload_plans,POST,204.52889999999968,200,True,,500,53.6163257,38.25,87.35
reload_plans,POST,207.40289999999817,200,True,,500,53.616464,38.25,87.35
reload_plans,POST,203.9210999999952,200,True,,500,53.6165273,38.25,87.35
reload_plans,POST,204.49250000000063,200,True,,500,53.616582,38.25,87.35
reload_plans,POST,203.72829999999453,200,True,,500,53.6166356,38.25,87.35
reload_plans,POST,206.9387999999961,200,True,,500,53.6166921,38.25,87.35
reload_plans,POST,207.01659999999578,200,True,,500,53.6167445,38.25,87.35
reload_plans,POST,203.79199999999997,200,True,,500,53.6167997,38.25,87.35
reload_plans,POST,203.66760000000284,200,True,,500,53.6168534,38.25,87.35
reload_plans,POST,204.01349999999496,200,True,,500,53.6169049,38.25,87.35
reload_plans,POST,203.3118000000016,200,True,,500,53.6169589,38.25,87.35
reload_plans,POST,203.99919999999838,200,True,,500,53.6170108,38.25,87.35
reload_plans,POST,203.72180000000384,200,True,,500,53.6170645,38.25,87.35
reload_plans,POST,203.60400000000567,200,True,,500,53.6171191,38.25,87.35
reload_plans,POST,203.48820000000245,200,True,,500,53.617171,38.25,87.35
reload_plans,POST,202.90400000000375,200,True,,500,53.6172428,38.25,87.35
reload_plans,POST,223.5237000000012,200,True,,500,53.6173037,38.25,87.35
reload_plans,POST,226.42659999999637,200,True,,500,53.6174253,38.25,87.35
reload_plans,POST,232.206699999999,200,True,,500,53.6174914,38.25,87.35
reload_plans,POST,229.99129999999468,200,True,,500,53.6175483,38.25,87.35
reload_plans,POST,231.22760000000397,200,True,,500,53.617605,38.25,87.35
reload_plans,POST,230.02639999999985,200,True,,500,53.6176592,38.25,87.35
reload_plans,POST,229.76719999999773,200,True,,500,53.6177103,38.25,87.35
reload_plans,POST,229.8524999999998,200,True,,500,53.6177611,38.25,87.35
reload_plans,POST,231.16329999999863,200,True,,500,53.6178138,38.25,87.35
reload_plans,POST,229.89570000000015,200,True,,500,53.6178648,38.25,87.35
reload_plans,POST,231.9817999999998,200,True,,500,53.6179158,38.25,87.35
reload_plans,POST,232.76789999999892,200,True,,500,53.6179733,38.25,87.35
reload_plans,POST,232.66100000000023,200,True,,500,53.6180275,38.25,87.35
reload_plans,POST,231.87589999999858,200,True,,500,53.6180795,38.25,87.35
reload_plans,POST,231.63399999999967,200,True,,500,53.6181344,38.25,87.35
reload_plans,POST,232.6027999999951,200,True,,500,53.6181891,38.25,87.35
reload_plans,POST,232.36809999999508,200,True,,500,53.6182554,38.25,87.35
reload_plans,POST,228.913900000002,200,True,,500,53.6184734,38.25,87.35
reload_plans,POST,231.1243999999988,200,True,,500,53.6187013,38.25,87.35
reload_plans,POST,230.1420999999948,200,True,,500,53.618774,38.25,87.35
reload_plans,POST,234.55640000000244,200,True,,500,53.6188335,38.25,87.35
reload_plans,POST,234.43379999999792,200,True,,500,53.6188888,38.25,87.35
reload_plans,POST,234.2981999999978,200,True,,500,53.6189434,38.25,87.35
reload_plans,POST,235.2216000000027,200,True,,500,53.6189994,38.25,87.35
reload_plans,POST,235.38089999999556,200,True,,500,53.6190531,38.25,87.35
reload_plans,POST,234.33509999999558,200,True,,500,53.619109,38.25,87.35
reload_plans,POST,235.12660000000096,200,True,,500,53.6191633,38.25,87.35
reload_plans,POST,234.90600000000228,200,True,,500,53.6192178,38.25,87.35
reload_plans,POST,235.04000000000502,200,True,,500,53.6192704,38.25,87.35
reload_plans,POST,240.00110000000063,200,True,,500,53.6194575,38.25,87.35
reload_plans,POST,239.78300000000274,200,True,,500,53.6195466,38.25,87.35
reload_plans,POST,239.61779999999777,200,True,,500,53.6196124,38.25,87.35
reload_plans,POST,239.72289999999674,200,True,,500,53.6196731,38.25,87.35
reload_plans,POST,309.1951000000037,200,True,,500,53.619732,38.25,87.35
reload_plans,POST,308.6291999999986,200,True,,500,53.6200125,38.25,87.35
reload_plans,POST,316.8209000000033,200,True,,500,53.6203059,38.25,87.35
reload_plans,POST,316.6545999999997,200,True,,500,53.6205846,38.25,87.35
reload_plans,POST,308.59350000000063,200,True,,500,53.6207469,38.25,87.35
reload_plans,POST,308.0722999999992,200,True,,500,53.6209496,38.25,87.35
reload_plans,POST,316.2635999999992,200,True,,500,53.6210762,38.25,87.35
reload_plans,POST,312.46919999999534,200,True,,500,53.6211484,38.25,87.35
reload_plans,POST,312.5593999999978,200,True,,500,53.6212086,38.25,87.35
reload_plans,POST,307.68359999999717,200,True,,500,53.6212778,38.25,87.35
reload_plans,POST,307.9312999999999,200,True,,500,53.621346,38.25,87.35
reload_plans,POST,311.9504000000006,200,True,,500,53.6214224,38.25,87.35
reload_plans,POST,307.200899999998,200,True,,500,53.6215063,38.25,87.35
reload_plans,POST,307.21189999999865,200,True,,500,53.6216099,38.25,87.35
reload_plans,POST,307.08459999999604,200,True,,500,53.6217917,38.25,87.35
reload_plans,POST,314.71810000000033,200,True,,500,53.6218748,38.25,87.35
reload_plans,POST,307.2960000000009,200,True,,500,53.6219336,38.25,87.35
reload_plans,POST,306.0349000000002,200,True,,500,53.6230994,38.25,87.35
reload_plans,POST,305.9992999999963,200,True,,500,53.6231835,38.25,87.35
reload_plans,POST,313.74820000000625,200,True,,500,53.6232383,38.25,87.35
reload_plans,POST,305.7715999999999,200,True,,500,53.6233104,38.25,87.35
reload_plans,POST,305.1676000000043,200,True,,500,53.6235813,38.25,87.35
reload_plans,POST,310.8827000000005,200,True,,500,53.6236881,38.25,87.35
reload_plans,POST,310.3598000000005,200,True,,500,53.6237632,38.25,87.35
reload_plans,POST,312.59310000000085,200,True,,500,53.6238471,38.25,87.35
reload_plans,POST,311.0825000000048,200,True,,500,53.6239691,38.25,87.35
reload_plans,POST,310.6983999999997,200,True,,500,53.6241037,38.25,87.35
reload_plans,POST,309.7469000000004,200,True,,500,53.6241721,38.25,87.35
reload_plans,POST,311.759600000002,200,True,,500,53.6242285,38.25,87.35
reload_plans,POST,311.84999999999974,200,True,,500,53.6242803,38.25,87.35
reload_plans,POST,312.22200000000555,200,True,,500,53.6243291,38.25,87.35
reload_plans,POST,310.7376999999971,200,True,,500,53.624394,38.25,87.35
reload_plans,POST,311.8831999999969,200,True,,500,53.6244573,38.25,87.35
reload_plans,POST,311.73500000000587,200,True,,500,53.6245042,38.25,87.35
reload_plans,POST,309.591999999995,200,True,,500,53.6247448,38.25,87.35
reload_plans,POST,311.0896000000025,200,True,,500,53.6248113,38.25,87.35
reload_plans,POST,310.3613999999979,200,True,,500,53.6248626,38.25,87.35
reload_plans,POST,310.86209999999426,200,True,,500,53.6249133,38.25,87.35
reload_plans,POST,310.51890000000526,200,True,,500,53.624962,38.25,87.35
reload_plans,POST,310.6316000000007,200,True,,500,53.625009,38.25,87.35
reload_plans,POST,311.0102999999995,200,True,,500,53.6250541,38.25,87.35
reload_plans,POST,309.8452999999992,200,True,,500,53.625099,38.25,87.35
reload_plans,POST,312.47969999999725,200,True,,500,53.6251448,38.25,87.35
reload_plans,POST,312.48650000000566,200,True,,500,53.6251894,38.25,87.35
reload_plans,POST,312.3312000000027,200,True,,500,53.6252375,38.25,87.35
reload_plans,POST,312.44009999999633,200,True,,500,53.6252854,38.25,87.35
reload_plans,POST,312.1679999999998,200,True,,500,53.6253306,38.25,87.35
reload_plans,POST,312.3839000000004,200,True,,500,53.6253777,38.25,87.35
reload_plans,POST,312.48619999999505,200,True,,500,53.6254228,38.25,87.35
reload_plans,POST,312.5397000000021,200,True,,500,53.6254689,38.25,87.35
reload_plans,POST,324.26650000000024,200,True,,500,53.6255781,38.25,87.35
reload_plans,POST,312.33259999999774,200,True,,500,53.6256269,38.25,87.35
reload_plans,POST,312.89419999999524,200,True,,500,53.6256726,38.25,87.35
reload_plans,POST,312.144399999994,200,True,,500,53.6257159,38.25,87.35
reload_plans,POST,323.4990999999994,200,True,,500,53.6257589,38.25,87.35
reload_plans,POST,312.60949999999355,200,True,,500,53.6258035,38.25,87.35
reload_plans,POST,312.4736999999982,200,True,,500,53.6258472,38.25,87.35
reload_plans,POST,312.1660999999989,200,True,,500,53.6258906,38.25,87.35
reload_plans,POST,312.2028999999955,200,True,,500,53.6259342,38.25,87.35
reload_plans,POST,311.8333999999976,200,True,,500,53.6259778,38.25,87.35
reload_plans,POST,312.4473999999964,200,True,,500,53.6260271,38.25,87.35
reload_plans,POST,312.58499999999856,200,True,,500,53.626071,38.25,87.35
reload_plans,POST,312.11199999999906,200,True,,500,53.6261166,38.25,87.35
reload_plans,POST,323.3918000000031,200,True,,500,53.6261588,38.25,87.35
reload_plans,POST,323.53539999999725,200,True,,500,53.6262033,38.25,87.35
reload_plans,POST,323.6015000000023,200,True,,500,53.6263401,38.25,87.35
reload_plans,POST,324.63130000000007,200,True,,500,53.626504,38.25,87.35
reload_plans,POST,324.05419999999907,200,True,,500,53.6265609,38.25,87.35
reload_plans,POST,323.84050000000286,200,True,,500,53.6266137,38.25,87.35
reload_plans,POST,324.32649999999796,200,True,,500,53.626662,38.25,87.35
reload_plans,POST,324.23119999999983,200,True,,500,53.6267082,38.25,87.35
reload_plans,POST,323.9535000000018,200,True,,500,53.6267572,38.25,87.35
reload_plans,POST,323.24050000000426,200,True,,500,53.6268026,38.25,87.35
reload_plans,POST,324.03850000000034,200,True,,500,53.62685,38.25,87.35
reload_plans,POST,323.3433000000048,200,True,,500,53.6268986,38.25,87.35
reload_plans,POST,324.08859999999606,200,True,,500,53.626947,38.25,87.35
reload_plans,POST,323.1470999999999,200,True,,500,53.6269946,38.25,87.35
reload_plans,POST,324.04470000000174,200,True,,500,53.6270405,38.25,87.35
reload_plans,POST,323.68719999999485,200,True,,500,53.6270852,38.25,87.35
reload_plans,POST,323.7050000000039,200,True,,500,53.6271285,38.25,87.35
reload_plans,POST,324.18739999999957,200,True,,500,53.627172,38.25,87.35
reload_plans,POST,324.4733000000011,200,True,,500,53.6272174,38.25,87.35
reload_plans,POST,324.51180000000335,200,True,,500,53.6273181,38.25,87.35
reload_plans,POST,324.4082000000006,200,True,,500,53.6273771,38.25,87.35
reload_plans,POST,324.31129999999797,200,True,,500,53.6274261,38.25,87.35
reload_plans,POST,323.8308000000032,200,True,,500,53.6274722,38.25,87.35
reload_plans,POST,323.6863999999997,200,True,,500,53.6275176,38.25,87.35
reload_plans,POST,323.8487000000063,200,True,,500,53.6275644,38.25,87.35
reload_plans,POST,323.5607000000016,200,True,,500,53.6276103,38.25,87.35
reload_plans,POST,324.0040000000022,200,True,,500,53.6276563,38.25,87.35
reload_plans,POST,323.8796999999991,200,True,,500,53.6277014,38.25,87.35
reload_plans,POST,323.87889999999686,200,True,,500,53.6277495,38.25,87.35
reload_plans,POST,323.73580000000146,200,True,,500,53.627793,38.25,87.35
reload_plans,POST,323.6399000000034,200,True,,500,53.62784,38.25,87.35
reload_plans,POST,323.36819999999733,200,True,,500,53.6278863,38.25,87.35
reload_plans,POST,324.03719999999936,200,True,,500,53.6279548,38.25,87.35
reload_plans,POST,323.92880000000446,200,True,,500,53.6280072,38.25,87.35
reload_plans,POST,323.808200000002,200,True,,500,53.6280539,38.25,87.35
reload_plans,POST,391.1080000000027,200,True,,500,53.6280996,38.25,87.35
reload_plans,POST,391.2925999999999,200,True,,500,53.6282117,38.25,87.35
reload_plans,POST,391.1209000000042,200,True,,500,53.6282601,38.25,87.35
reload_plans,POST,392.63400000000104,200,True,,500,53.6283068,38.25,87.35
reload_plans,POST,393.00160000000517,200,True,,500,53.6283537,38.25,87.35
reload_plans,POST,391.6413000000034,200,True,,500,53.6284022,38.25,87.35
reload_plans,POST,391.4875999999978,200,True,,500,53.6284513,38.25,87.35
reload_plans,POST,391.1942999999951,200,True,,500,53.6286434,38.25,87.35
reload_plans,POST,390.7165999999975,200,True,,500,53.6290154,38.25,87.35
reload_plans,POST,391.8443000000025,200,True,,500,53.6292216,38.25,87.35
reload_plans,POST,391.40169999999586,200,True,,500,53.6293616,38.25,87.35
reload_plans,POST,390.8929999999984,200,True,,500,53.6295957,38.25,87.35
reload_plans,POST,390.44300000000476,200,True,,500,53.6297411,38.25,87.35
reload_plans,POST,389.73980000000097,200,True,,500,53.6298802,38.25,87.35
reload_plans,POST,391.30789999999394,200,True,,500,53.6299453,38.25,87.35
reload_plans,POST,391.3829999999976,200,True,,500,53.6301028,38.25,87.35
reload_plans,POST,390.76639999999685,200,True,,500,53.6303733,38.25,87.35
reload_plans,POST,389.5346999999987,200,True,,500,53.6305827,38.25,87.35
reload_plans,POST,390.8877000000004,200,True,,500,53.6306554,38.25,87.35
reload_plans,POST,390.70970000000216,200,True,,500,53.6307133,38.25,87.35
reload_plans,POST,391.22330000000005,200,True,,500,53.6307637,38.25,87.35
reload_plans,POST,391.47950000000264,200,True,,500,53.6308194,38.25,87.35
reload_plans,POST,391.0168000000027,200,True,,500,53.6308687,38.25,87.35
reload_plans,POST,391.27810000000096,200,True,,500,53.6309152,38.25,87.35
reload_plans,POST,391.2636999999961,200,True,,500,53.631202,38.25,87.35
reload_plans,POST,390.65209999999695,200,True,,500,53.6314714,38.25,87.35
reload_plans,POST,392.86469999999696,200,True,,500,53.6318715,38.25,87.35
reload_plans,POST,389.5625000000038,200,True,,500,53.6322176,38.25,87.35
reload_plans,POST,389.9695999999935,200,True,,500,53.6324297,38.25,87.35
reload_plans,POST,389.0590999999972,200,True,,500,53.632612,38.25,87.35
reload_plans,POST,389.9764000000019,200,True,,500,53.6327815,38.25,87.35
reload_plans,POST,388.5182999999941,200,True,,500,53.6330876,38.25,87.35
reload_plans,POST,389.55310000000054,200,True,,500,53.6333143,38.25,87.35
reload_plans,POST,388.96609999999754,200,True,,500,53.6336822,38.25,87.35
reload_plans,POST,391.0476000000003,200,True,,500,53.6337866,38.25,87.35
reload_plans,POST,389.12810000000064,200,True,,500,53.6338488,38.25,87.35
reload_plans,POST,388.63219999999643,200,True,,500,53.6339011,38.25,87.35
reload_plans,POST,391.194899999995,200,True,,500,53.6339472,38.25,87.35
reload_plans,POST,392.4252999999993,200,True,,500,53.6339939,38.25,87.35
reload_plans,POST,391.91339999999997,200,True,,500,53.6340378,38.25,87.35
reload_plans,POST,391.71859999999725,200,True,,500,53.6340826,38.25,87.35
reload_plans,POST,392.4742999999964,200,True,,500,53.634126,38.25,87.35
reload_plans,POST,391.19629999999717,200,True,,500,53.6341711,38.25,87.35
reload_plans,POST,392.2881000000018,200,True,,500,53.6342156,38.25,87.35
reload_plans,POST,391.6286000000042,200,True,,500,53.6344692,38.25,87.35
reload_plans,POST,392.2800999999936,200,True,,500,53.6346186,38.25,87.35
reload_plans,POST,390.6451000000004,200,True,,500,53.6349171,38.25,87.35
reload_plans,POST,391.7372999999955,200,True,,500,53.6353579,38.25,87.35
reload_plans,POST,390.0369999999995,200,True,,500,53.6356034,38.25,87.35
reload_plans,POST,390.46000000000447,200,True,,500,53.6357254,38.25,87.35
reload_plans,POST,390.40179999999935,200,True,,500,53.635941,38.25,87.35
reload_plans,POST,388.74549999999886,200,True,,500,53.6362219,38.25,87.35
reload_plans,POST,388.855999999997,200,True,,500,53.6364025,38.25,87.35
reload_plans,POST,388.8091000000031,200,True,,500,53.6369098,38.25,87.35
reload_plans,POST,389.5430000000033,200,True,,500,53.637159,38.25,87.35
reload_plans,POST,388.51009999999775,200,True,,500,53.6373667,38.25,87.35
reload_plans,POST,388.559199999996,200,True,,500,53.6374677,38.25,87.35
reload_plans,POST,389.25100000000157,200,True,,500,53.6375501,38.25,87.35
reload_plans,POST,389.3537000000009,200,True,,500,53.637642,38.25,87.35
reload_plans,POST,387.7888000000027,200,True,,500,53.6376906,38.25,87.35
reload_plans,POST,388.5228999999981,200,True,,500,53.6377432,38.25,87.35
reload_plans,POST,461.4098999999996,200,True,,500,53.6378058,38.25,87.35
reload_plans,POST,461.31619999999884,200,True,,500,53.6382061,38.25,87.35
reload_plans,POST,461.17960000000124,200,True,,500,53.6385958,38.25,87.35
reload_plans,POST,463.4931000000009,200,True,,500,53.63878,38.25,87.35
reload_plans,POST,463.4858999999949,200,True,,500,53.6390444,38.25,87.35
reload_plans,POST,462.4819000000002,200,True,,500,53.639195,38.25,87.35
reload_plans,POST,462.7155999999957,200,True,,500,53.6392511,38.25,87.35
reload_plans,POST,461.11539999999707,200,True,,500,53.6393186,38.25,87.35
reload_plans,POST,460.5907999999985,200,True,,500,53.6393702,38.25,87.35
reload_plans,POST,461.5226000000021,200,True,,500,53.6394896,38.25,87.35
reload_plans,POST,461.864300000002,200,True,,500,53.6396073,38.25,87.35
reload_plans,POST,460.28410000000264,200,True,,500,53.6398331,38.25,87.35
